id,gender,part_time_job,absence_days,extracurricular_activities,weekly_self_study_hours,career_aspiration,math_score,history_score,physics_score,chemistry_score,biology_score,english_score,geography_score
1,1,0,3,0,27,9,70,80,90,90,60,80,80
2,0,0,2,0,47,6,90,80,90,100,90,80,90
3,0,0,9,1,13,8,80,90,90,90,60,70,90
4,0,0,5,0,3,1,70,70,80,80,80,60,80
5,1,0,5,0,10,15,80,70,60,60,80,70,70
6,0,0,2,0,26,15,90,100,60,70,70,80,80
7,1,0,3,1,23,12,90,90,90,70,80,70,60
8,1,1,2,1,34,12,90,90,80,60,80,70,80
9,1,0,6,0,25,15,90,60,90,80,80,70,70
10,0,0,3,1,18,14,90,60,80,70,60,70,70
11,0,0,2,0,7,14,60,60,90,90,70,80,60
12,1,0,1,0,7,15,80,60,100,60,80,60,60
13,0,1,7,0,4,3,90,50,60,60,80,60,70
14,0,0,10,0,2,3,60,90,80,100,50,90,60
15,0,0,3,0,39,6,90,90,80,90,90,90,80
16,1,0,6,0,0,3,90,50,70,60,70,70,80
17,0,0,3,1,30,11,90,60,90,90,80,80,70
18,1,0,2,1,28,12,80,80,80,70,90,70,70
19,1,0,1,0,37,6,90,80,90,90,90,80,80
20,0,0,2,0,27,12,90,60,90,70,60,70,100
21,1,1,3,0,15,12,100,90,70,90,70,90,70
22,1,0,8,0,4,3,50,50,70,90,80,80,80
23,0,0,9,0,2,3,80,70,60,70,70,50,90
24,1,0,9,0,1,3,50,70,80,50,50,80,70
25,0,0,4,0,35,12,80,90,90,80,90,80,90
26,0,0,5,0,22,6,90,80,80,80,90,90,90
27,1,0,3,0,34,2,100,70,80,90,60,90,90
28,1,0,0,0,23,16,60,70,90,70,80,90,80
29,1,0,1,1,17,0,70,60,90,70,70,70,80
30,0,0,3,0,19,0,80,100,60,90,30,70,70
31,0,0,0,0,14,12,80,60,80,100,80,80,70
32,0,0,4,0,30,5,70,60,90,70,80,80,70
33,1,0,4,0,30,0,70,90,90,80,80,60,60
34,0,0,1,0,24,2,90,80,80,70,70,70,60
35,0,0,3,1,31,15,90,90,90,80,80,60,60
36,0,0,1,0,21,15,60,70,70,90,80,60,60
37,1,0,2,1,19,4,90,90,80,70,80,90,90
38,1,0,1,0,29,4,90,100,80,80,80,90,80
39,1,0,4,0,21,2,70,60,60,80,90,80,70
40,1,0,4,0,18,0,90,60,60,80,60,80,90
41,0,0,4,0,31,12,80,90,60,90,70,80,80
42,1,1,7,0,4,3,60,50,60,50,80,50,80
43,0,1,6,0,3,3,90,90,90,70,80,90,60
44,0,0,4,0,3,7,90,90,80,90,90,60,60
45,1,1,4,0,3,3,50,90,70,50,50,90,80
46,1,1,5,1,5,3,80,50,50,50,80,50,90
47,0,0,5,1,27,9,70,80,90,60,100,90,80
48,1,0,0,1,28,13,80,90,70,70,90,60,60
49,0,0,4,0,32,15,80,70,80,80,60,60,100
50,0,0,0,0,14,0,100,80,90,90,30,80,70
51,1,0,6,1,16,13,70,70,90,60,80,80,90
52,0,0,2,0,24,9,90,80,70,70,80,80,60
53,1,0,9,0,0,3,60,70,60,80,80,50,70
54,0,0,3,0,32,2,90,90,80,60,80,90,60
55,1,0,2,0,3,7,80,100,90,60,60,70,80
56,0,0,6,0,31,12,90,60,80,80,70,70,90
57,0,0,3,0,21,15,90,70,70,80,80,80,60
58,1,1,2,0,18,2,90,70,70,90,60,70,90
59,1,0,7,0,26,12,90,80,60,90,90,90,70
60,1,0,4,0,23,12,80,90,90,70,80,90,90
61,0,0,2,0,1,7,90,80,80,70,70,80,70
62,0,0,5,0,33,9,80,80,60,90,90,80,70
63,1,0,7,0,2,3,90,60,50,60,50,90,60
64,0,0,1,0,34,2,80,90,60,80,60,90,60
65,1,0,2,0,18,4,90,70,90,70,60,80,70
66,0,1,6,0,2,3,90,50,70,70,70,90,80
67,1,0,3,0,27,12,90,80,60,60,100,70,80
68,1,0,2,0,8,10,60,60,70,70,70,90,90
69,1,0,4,0,14,12,90,70,80,60,80,70,80
70,1,0,10,1,22,2,90,80,90,60,90,80,80
71,0,0,1,0,15,5,80,60,90,80,80,80,70
72,0,1,3,0,22,16,60,80,90,80,90,90,70
73,1,1,10,0,1,3,60,70,60,60,50,70,80
74,1,1,8,0,3,3,50,50,60,80,90,50,60
75,0,0,2,0,20,12,80,100,60,60,70,80,80
76,0,0,7,1,27,12,90,90,90,90,100,90,70
77,0,0,3,0,24,12,80,60,60,90,80,90,80
78,0,0,1,1,5,15,70,90,80,90,70,90,60
79,0,0,7,0,34,15,80,90,80,60,60,70,60
80,1,0,3,0,16,12,80,70,80,60,90,70,90
81,0,1,3,0,3,3,80,60,90,90,60,50,60
82,0,0,1,0,15,13,70,60,80,80,90,60,60
83,0,0,7,0,11,8,60,80,60,60,90,90,70
84,1,0,7,0,32,11,80,60,90,100,80,90,70
85,1,0,3,0,28,15,70,60,70,70,60,70,80
86,1,0,1,0,24,12,80,70,60,80,70,70,60
87,0,0,2,0,9,8,90,70,70,70,90,60,90
88,0,0,3,1,14,12,90,90,80,80,80,60,70
89,1,0,3,0,16,13,90,90,60,80,60,80,100
90,1,0,3,0,29,12,80,70,60,80,60,80,70
91,1,0,0,0,14,0,90,70,90,70,30,60,60
92,1,0,4,0,10,8,60,80,90,60,60,90,90
93,1,0,5,0,31,12,90,70,70,70,80,90,80
94,1,0,4,0,34,13,70,90,70,70,80,60,80
95,0,0,5,0,3,15,70,70,70,90,60,90,80
96,0,0,2,1,34,12,100,90,80,80,80,60,90
97,0,0,3,1,2,1,80,70,80,90,70,60,90
98,1,0,3,0,4,10,80,80,90,90,70,70,80
99,1,1,0,0,28,9,100,90,80,60,90,80,80
100,0,0,0,0,5,7,80,80,90,60,90,90,90
101,0,0,2,0,4,1,80,70,90,90,70,60,70
102,0,0,2,0,25,12,90,80,100,60,80,90,60
103,1,0,5,0,29,16,70,80,60,70,70,90,90
104,1,1,6,0,1,1,90,80,60,90,60,70,70
105,0,0,7,0,2,3,60,60,100,90,80,70,90
106,0,0,2,0,0,10,90,90,60,80,60,90,70
107,0,0,3,0,16,0,90,80,90,80,90,90,80
108,1,0,3,1,31,11,80,80,80,80,80,70,80
109,0,0,1,0,4,15,90,90,70,60,60,80,90
110,1,0,5,1,13,0,70,60,80,60,60,70,80
111,1,0,4,0,24,13,70,80,80,80,80,90,60
112,0,1,9,0,2,3,80,50,80,50,50,50,70
113,1,1,2,1,4,3,40,80,90,70,50,90,80
114,0,0,1,0,22,2,90,70,60,90,60,70,80
115,1,0,6,1,0,3,40,60,90,70,60,90,100
116,1,0,2,0,24,15,90,60,60,60,70,80,70
117,0,0,6,0,1,3,70,70,50,50,50,90,90
118,0,0,1,0,19,15,60,90,60,70,70,60,70
119,1,0,1,1,19,12,90,70,90,60,60,60,90
120,0,0,6,0,5,3,50,90,60,70,50,60,60
121,0,1,0,0,13,14,60,90,80,80,70,90,90
122,1,0,4,0,26,6,90,90,90,90,90,80,70
123,1,0,4,0,41,6,90,90,90,80,80,80,80
124,0,0,3,0,47,6,90,100,90,90,90,90,80
125,0,0,2,0,9,15,60,60,80,80,80,70,70
126,0,0,4,0,7,15,70,90,90,60,60,80,70
127,1,0,1,0,3,7,80,60,80,80,80,60,70
128,1,0,4,1,14,0,90,60,80,80,80,70,70
129,0,0,4,0,26,15,80,70,80,70,90,60,80
130,1,0,6,1,27,15,90,90,60,90,80,60,60
131,0,1,5,0,25,13,90,70,90,80,60,80,80
132,0,1,4,0,16,2,90,80,60,60,60,90,60
133,0,0,4,0,27,12,90,60,60,80,90,60,70
134,1,1,6,0,0,3,80,50,50,50,80,90,70
135,1,0,1,0,3,5,80,60,80,90,80,90,70
136,0,0,2,0,6,5,60,80,80,70,80,80,80
137,1,0,2,0,12,2,80,60,60,70,80,90,70
138,0,0,1,1,11,2,70,90,70,60,60,90,90
139,0,0,4,0,23,12,90,90,90,90,60,80,80
140,1,0,2,0,23,6,90,70,80,80,90,90,70
141,1,0,0,0,16,12,80,60,80,80,70,60,90
142,1,1,2,1,3,1,70,80,70,80,90,60,100
143,0,0,1,0,29,9,70,90,70,90,60,90,100
144,1,0,3,1,18,12,90,60,70,90,80,80,70
145,0,0,0,0,3,7,90,70,80,60,80,70,80
146,1,0,3,0,6,10,80,70,60,90,100,90,90
147,1,0,8,0,2,3,60,90,50,90,60,50,70
148,1,0,0,0,34,9,90,90,60,70,90,80,70
149,0,0,4,1,22,15,60,90,80,90,90,70,70
150,0,1,5,0,4,3,70,70,70,60,80,70,90
151,0,0,3,0,3,15,80,90,70,70,70,60,60
152,1,1,10,0,2,3,40,50,90,50,50,90,80
153,0,0,5,0,18,15,90,100,80,70,80,90,80
154,1,0,0,0,8,10,70,60,80,70,60,60,80
155,0,0,1,0,33,12,80,70,80,80,70,80,90
156,1,0,0,1,13,15,90,70,80,70,80,90,60
157,0,0,0,1,17,15,60,90,80,90,70,60,90
158,1,1,8,0,1,3,90,50,60,60,50,60,90
159,1,1,7,1,3,3,40,60,90,60,60,70,60
160,1,1,4,1,33,15,80,60,90,80,60,70,70
161,1,0,1,0,12,15,90,60,70,60,70,70,80
162,1,1,3,0,24,4,90,60,90,80,60,70,70
163,1,0,4,0,33,4,80,80,90,70,90,90,90
164,1,0,1,1,44,6,80,100,100,90,90,90,90
165,0,0,1,0,15,14,80,70,90,60,90,80,80
166,0,0,2,0,5,7,90,80,90,90,70,80,70
167,0,1,7,0,5,3,80,70,70,60,60,80,60
168,0,0,5,0,22,15,80,90,60,60,60,90,70
169,1,0,1,0,9,15,90,90,60,90,70,90,60
170,1,0,4,1,34,12,100,60,60,90,70,80,90
171,0,0,1,0,34,9,90,90,70,90,60,90,70
172,0,0,4,0,25,13,80,80,60,80,70,60,80
173,0,0,5,1,31,0,80,60,80,70,60,80,70
174,1,0,1,0,33,9,100,90,70,60,70,90,80
175,0,0,10,1,3,3,60,100,80,80,50,80,80
176,1,0,2,0,20,15,60,100,80,70,80,70,90
177,1,0,3,0,15,0,90,90,90,70,90,90,80
178,0,0,3,0,26,2,70,90,70,80,80,90,60
179,0,0,5,0,35,12,90,90,90,90,90,90,80
180,1,0,4,0,12,4,80,70,80,70,90,60,70
181,1,0,2,1,5,15,60,60,80,80,70,80,90
182,1,0,1,0,31,9,70,90,70,70,100,80,60
183,0,0,3,1,28,15,60,90,70,90,90,90,80
184,1,0,8,1,5,3,40,70,70,80,90,80,70
185,0,0,1,0,33,12,90,80,80,70,80,60,90
186,0,0,3,0,2,1,60,70,60,70,100,80,80
187,0,0,5,1,9,10,70,90,60,90,60,80,80
188,0,1,2,1,0,3,90,60,80,90,50,70,70
189,1,0,5,0,26,15,70,70,90,90,100,80,60
190,0,0,5,0,30,11,90,70,90,90,80,90,80
191,0,0,7,0,1,7,90,80,90,80,90,90,60
192,1,0,1,1,26,12,90,60,70,80,80,60,80
193,0,0,2,0,2,7,80,90,80,70,90,70,80
194,1,0,5,0,9,13,90,90,80,100,60,60,60
195,0,0,2,0,30,11,80,60,90,80,80,70,90
196,0,0,3,0,24,13,90,70,60,60,60,80,60
197,1,0,4,0,21,12,90,60,60,80,80,80,60
198,0,0,2,0,14,14,60,90,80,70,80,90,60
199,0,0,1,0,24,12,90,70,90,90,90,60,90
200,0,0,3,0,34,9,90,80,60,80,60,80,70
201,1,0,1,1,34,0,80,80,100,80,60,70,90
202,1,0,6,1,27,12,90,70,90,90,90,80,100
203,0,0,3,0,16,0,80,60,80,80,30,80,70
204,0,0,1,1,21,0,100,80,60,90,40,60,90
205,0,0,1,0,1,1,90,90,90,80,80,80,90
206,1,0,3,0,17,12,90,70,80,60,90,90,70
207,1,0,5,0,0,15,90,80,60,90,90,70,90
208,1,0,3,1,12,0,90,70,70,70,60,60,90
209,0,0,2,0,22,2,70,80,70,70,80,90,70
210,0,0,1,1,14,14,60,80,90,70,60,80,80
211,1,0,0,0,41,6,90,80,90,100,90,80,90
212,1,0,4,0,32,4,90,70,80,70,80,60,70
213,1,1,1,0,4,3,50,50,60,90,90,80,60
214,0,0,1,0,22,6,90,70,80,80,90,60,60
215,0,0,3,0,17,2,80,60,90,70,70,90,90
216,1,0,2,0,2,1,100,90,80,70,90,80,70
217,0,0,4,0,33,2,80,70,90,90,90,70,90
218,0,0,5,0,29,2,70,80,60,80,70,90,90
219,0,1,1,0,27,15,60,70,90,70,90,70,60
220,1,0,6,1,34,2,90,80,70,70,60,90,70
221,1,0,3,0,2,10,90,70,90,80,70,60,80
222,0,0,3,0,22,12,90,80,70,90,80,90,70
223,1,0,7,0,33,12,90,60,70,60,60,90,90
224,1,0,5,0,17,5,60,70,90,60,70,90,70
225,1,0,7,0,4,3,80,50,70,70,60,50,90
226,0,0,7,1,3,3,60,70,50,70,70,90,80
227,0,0,7,0,3,3,70,70,80,60,90,80,80
228,0,0,7,1,17,12,90,70,70,60,70,90,90
229,1,0,3,0,6,10,90,90,60,90,80,80,80
230,1,0,7,0,9,15,60,60,60,80,60,90,60
231,1,1,2,0,35,12,80,90,90,90,100,80,80
232,0,0,3,0,17,12,90,80,80,60,80,90,90
233,0,0,1,0,7,8,90,90,70,80,90,90,80
234,1,0,5,0,16,5,90,80,90,80,90,90,70
235,0,0,1,0,20,12,90,60,80,90,80,70,80
236,1,1,7,0,0,3,90,80,80,50,70,70,90
237,1,0,2,0,27,9,80,80,90,80,80,80,70
238,1,0,0,0,24,4,90,80,80,90,60,70,70
239,1,0,2,0,30,15,80,70,70,90,80,70,90
240,1,0,6,0,20,12,100,70,90,60,70,90,60
241,1,0,0,0,27,12,90,80,90,70,100,90,80
242,1,0,6,0,2,3,80,60,80,60,60,60,80
243,0,0,6,0,16,2,70,90,80,80,70,80,80
244,1,1,1,0,27,2,80,70,60,70,90,90,60
245,1,0,4,1,24,0,90,60,90,90,70,60,60
246,1,0,4,0,23,0,90,60,90,70,30,70,80
247,1,0,1,0,15,8,80,90,90,60,70,70,90
248,1,0,3,0,25,13,90,80,60,90,90,90,70
249,0,0,2,0,32,12,90,80,90,70,60,80,80
250,1,0,3,0,35,9,90,80,90,90,90,80,90
251,0,0,3,0,3,1,90,100,80,60,80,90,80
252,0,0,1,0,28,5,60,60,80,70,80,70,90
253,1,0,1,0,3,7,90,80,80,60,90,60,80
254,0,0,0,0,21,0,70,70,80,90,40,90,70
255,1,0,3,0,35,15,80,80,90,80,90,80,90
256,0,0,7,1,35,12,90,80,80,90,90,80,100
257,0,0,7,1,14,0,80,90,90,60,70,70,90
258,0,1,7,0,1,3,50,50,80,90,60,70,60
259,0,0,9,1,0,3,70,70,70,50,80,80,60
260,1,0,2,0,12,4,80,60,80,60,70,90,60
261,0,0,3,0,35,12,80,90,90,90,90,90,90
262,1,0,4,0,2,1,70,90,60,90,70,80,80
263,1,1,2,0,16,15,70,60,60,70,80,60,60
264,0,0,3,0,31,9,90,90,70,70,80,90,80
265,1,0,5,0,4,3,80,60,80,70,60,80,70
266,1,0,3,0,19,15,90,90,80,90,70,80,60
267,0,0,3,1,15,2,100,80,70,90,80,90,70
268,0,0,1,0,30,6,90,60,80,90,90,60,60
269,0,0,7,0,17,2,90,60,100,70,80,90,90
270,0,0,2,0,23,12,90,60,80,70,80,80,60
271,1,0,1,0,3,3,50,70,90,90,90,70,70
272,0,0,7,0,4,3,40,60,50,60,80,60,60
273,1,0,0,0,25,15,80,70,70,90,100,70,90
274,1,1,10,0,1,3,50,90,60,70,50,50,70
275,1,0,1,0,24,9,90,80,80,70,60,90,80
276,1,0,1,0,15,12,100,90,90,60,70,60,70
277,0,1,7,0,1,3,90,70,60,90,80,90,90
278,1,0,1,1,33,9,70,80,90,70,70,80,90
279,0,0,1,0,11,5,70,90,90,60,90,70,70
280,1,0,3,0,10,2,90,60,80,70,90,80,90
281,0,0,7,1,15,12,90,80,70,90,60,70,90
282,1,0,5,0,34,11,80,90,90,100,80,60,90
283,1,0,3,0,30,9,80,90,80,70,70,80,90
284,0,1,4,1,4,1,80,80,70,90,70,90,80
285,0,0,2,0,28,13,90,70,90,60,60,80,100
286,1,0,5,1,29,6,90,90,90,80,90,60,60
287,0,0,7,1,30,9,80,90,60,100,80,80,90
288,1,0,4,0,31,15,80,90,70,60,60,90,70
289,0,0,8,0,1,3,60,60,80,60,70,50,60
290,0,0,6,0,16,12,90,70,60,90,80,90,80
291,0,0,2,1,18,14,60,90,60,60,70,90,60
292,0,1,1,0,4,7,80,60,90,60,70,90,90
293,0,0,8,0,32,0,90,80,80,80,30,90,80
294,0,0,2,0,12,2,90,80,90,90,60,90,80
295,0,1,6,0,5,5,70,90,60,100,70,90,80
296,0,0,2,1,15,8,60,80,60,90,60,90,70
297,0,0,3,0,31,0,90,60,70,60,70,80,70
298,1,0,2,0,2,7,90,70,90,60,60,90,90
299,0,0,1,0,2,15,80,90,90,70,80,60,60
300,1,0,3,0,20,12,80,60,80,80,80,90,70
301,1,0,1,1,11,13,70,80,70,70,70,60,80
302,0,0,10,0,26,2,70,60,90,80,70,90,90
303,0,0,3,0,22,0,80,80,90,70,60,70,80
304,0,0,1,1,12,8,60,60,60,60,90,70,60
305,0,1,10,0,4,3,80,50,70,60,70,60,60
306,0,0,3,0,34,2,70,60,60,90,60,70,90
307,0,0,0,0,9,14,60,70,80,70,60,70,70
308,0,0,5,0,43,6,90,90,100,80,100,90,80
309,0,0,2,0,1,10,70,80,90,90,60,60,70
310,0,0,2,0,19,12,80,60,70,90,90,70,80
311,0,1,4,0,2,3,70,50,50,60,70,70,90
312,1,0,1,0,34,11,80,90,80,80,90,80,70
313,0,0,4,1,31,11,70,90,90,80,80,60,90
314,0,0,4,0,11,14,80,80,90,90,90,70,90
315,1,0,2,0,35,15,80,80,80,90,90,90,90
316,1,0,4,0,20,12,90,90,70,70,70,60,70
317,0,1,0,0,22,15,60,60,90,80,90,60,100
318,0,0,3,0,2,7,90,90,80,80,80,70,80
319,1,0,7,0,1,3,80,80,50,90,70,70,60
320,0,0,4,0,34,12,80,80,60,70,80,80,90
321,1,1,6,0,17,12,90,70,70,60,90,80,80
322,1,0,6,0,34,6,90,80,90,100,90,90,60
323,0,1,5,0,25,15,80,70,80,80,80,70,60
324,1,0,3,0,8,15,90,80,90,70,70,60,80
325,1,0,3,0,4,15,70,60,80,70,70,90,70
326,0,0,1,1,26,9,70,90,80,70,70,80,80
327,1,0,1,0,13,16,90,90,90,60,70,90,70
328,0,0,1,1,4,8,70,70,60,90,70,90,80
329,1,0,2,0,27,9,70,80,60,60,60,80,60
330,1,0,5,0,32,15,70,90,60,80,80,60,90
331,0,0,1,0,25,12,90,60,80,60,80,80,60
332,0,0,1,0,13,5,90,70,70,60,70,80,70
333,1,0,1,0,31,4,80,100,80,60,80,70,90
334,0,0,3,0,8,14,60,90,70,80,90,80,70
335,1,1,9,0,0,3,60,90,50,60,90,60,80
336,1,0,7,0,6,8,60,90,70,60,70,60,60
337,1,0,2,0,7,8,80,80,80,80,90,80,70
338,1,0,1,0,32,9,100,80,90,60,60,90,70
339,1,0,5,1,30,12,80,70,70,60,60,60,100
340,1,0,9,0,4,3,40,90,90,60,80,80,100
341,0,0,5,0,15,8,70,70,90,80,70,90,70
342,1,0,2,0,2,7,90,80,90,90,70,70,60
343,1,0,8,1,32,9,90,90,60,70,70,80,90
344,1,0,2,0,24,4,90,70,90,90,90,70,60
345,0,0,1,0,18,14,90,60,60,60,90,80,90
346,1,1,10,0,5,3,50,50,70,90,50,50,80
347,0,1,3,0,24,2,80,70,60,70,100,90,60
348,1,0,1,0,16,5,60,90,60,90,70,80,80
349,1,0,1,0,15,16,60,80,90,80,80,90,80
350,1,0,3,0,26,12,100,80,90,60,60,60,90
351,0,0,3,0,15,14,70,60,60,60,70,90,60
352,0,0,1,0,5,7,90,70,90,70,80,60,80
353,1,0,1,1,14,15,90,90,90,80,70,90,80
354,1,0,4,0,1,7,80,60,90,90,60,90,60
355,1,0,5,0,10,4,80,90,90,60,90,70,80
356,0,0,6,0,5,3,100,50,50,100,60,50,80
357,1,0,2,0,26,15,60,70,60,100,80,70,60
358,0,0,2,1,26,9,70,80,90,70,70,80,60
359,0,0,2,0,14,8,80,90,90,80,80,70,70
360,1,0,7,1,21,4,90,70,90,70,90,60,80
361,0,0,2,0,32,12,90,80,80,80,90,70,80
362,1,0,0,0,30,12,100,80,80,100,60,90,90
363,0,0,3,0,13,14,90,70,70,60,90,90,90
364,0,0,7,0,33,2,80,70,90,80,80,90,60
365,0,0,3,0,15,0,90,90,90,70,40,90,70
366,1,0,10,0,33,15,80,60,60,70,60,90,90
367,1,0,2,0,11,5,70,70,70,60,90,80,80
368,0,0,2,0,30,15,60,70,80,90,60,70,70
369,0,0,7,0,2,3,60,50,70,70,50,90,80
370,1,0,3,0,4,13,80,60,70,90,60,60,70
371,1,0,3,0,32,12,80,90,80,60,60,60,80
372,0,1,7,0,0,3,80,50,80,70,70,70,60
373,0,0,2,0,4,3,70,90,50,90,90,50,90
374,1,1,10,1,0,3,60,60,70,70,70,90,90
375,0,0,5,1,21,15,70,70,80,60,60,70,80
376,0,0,2,0,29,16,70,80,60,90,70,90,90
377,1,0,3,0,32,15,90,90,90,60,60,70,60
378,0,0,7,0,14,15,70,60,90,70,70,60,70
379,1,0,1,0,25,9,90,80,90,80,60,90,90
380,1,0,7,1,4,15,90,70,90,100,90,60,90
381,0,0,2,1,32,13,70,80,80,60,70,90,60
382,1,0,2,0,7,15,60,80,70,90,80,70,60
383,0,1,1,0,22,12,90,70,80,70,70,70,60
384,1,0,5,0,3,15,80,60,70,60,90,90,80
385,1,1,8,0,1,3,70,60,60,60,70,70,60
386,1,0,4,1,23,16,70,90,90,70,60,90,90
387,0,0,0,0,42,6,90,80,90,80,90,80,90
388,1,0,1,0,30,11,80,90,100,90,100,70,70
389,0,0,1,0,1,3,70,50,70,80,60,60,80
390,0,1,3,1,17,12,80,90,60,70,80,90,80
391,1,0,2,0,48,6,80,80,80,80,90,80,90
392,1,0,4,1,24,12,80,60,60,80,70,70,70
393,0,0,6,0,31,16,60,80,80,80,70,90,80
394,1,1,7,0,0,3,100,60,60,60,70,50,80
395,1,0,9,0,2,3,70,80,90,60,60,70,90
396,0,0,1,0,24,9,90,90,60,80,80,80,70
397,0,0,7,0,2,3,40,60,90,100,50,70,90
398,1,0,0,0,32,12,80,90,80,60,80,80,80
399,0,0,2,0,4,8,80,60,80,60,70,60,60
400,1,0,4,0,32,12,80,80,90,60,90,80,60
401,1,0,3,0,16,13,90,80,90,100,90,70,60
402,0,0,1,0,20,2,80,90,60,90,80,90,70
403,1,0,4,0,28,4,80,70,80,70,60,80,70
404,1,0,7,0,30,12,100,70,90,90,60,60,70
405,0,0,3,0,17,2,80,60,60,90,60,80,60
406,0,0,5,0,25,15,70,70,70,90,70,70,60
407,1,0,5,0,18,0,70,80,70,70,70,80,70
408,1,1,1,0,23,12,90,60,60,60,60,90,70
409,1,0,4,1,23,12,100,70,70,70,80,90,70
410,0,0,6,0,21,12,80,80,80,90,90,80,80
411,0,0,3,0,27,12,90,70,90,80,90,80,70
412,0,0,5,0,14,12,90,60,90,70,80,80,60
413,1,0,2,1,37,6,80,90,90,100,90,90,90
414,1,0,3,0,29,0,90,80,70,80,30,60,80
415,1,1,6,0,4,3,40,70,50,70,60,50,90
416,0,0,3,0,16,2,70,80,60,60,80,90,90
417,0,0,4,0,30,0,90,70,90,80,40,60,70
418,1,1,7,0,1,3,50,50,50,70,90,90,70
419,1,0,3,1,24,12,80,90,90,90,90,90,70
420,0,0,2,0,35,16,90,90,100,90,90,90,90
421,0,0,1,0,14,14,60,60,80,100,60,70,80
422,0,0,1,0,3,5,90,60,70,60,80,90,90
423,0,0,4,0,15,0,70,70,90,70,30,90,80
424,1,0,5,0,23,12,90,90,80,60,90,60,70
425,1,0,6,0,19,15,90,70,90,70,70,60,90
426,1,0,3,0,33,6,90,60,100,90,90,80,80
427,0,0,0,0,14,2,90,60,80,90,60,80,60
428,0,0,1,1,0,1,70,80,60,70,90,80,60
429,0,0,1,0,34,9,90,90,60,70,80,80,70
430,1,0,5,0,33,11,90,90,80,90,90,90,90
431,0,0,7,0,7,13,90,80,70,70,80,60,80
432,1,0,2,0,18,12,100,90,70,60,80,90,60
433,1,0,9,0,4,3,40,50,80,50,50,90,60
434,1,0,6,0,10,10,60,80,70,60,60,60,90
435,1,1,2,0,22,12,80,80,80,90,90,90,60
436,0,0,5,0,28,13,80,90,90,80,80,90,70
437,1,0,2,0,2,10,90,80,60,90,60,60,70
438,0,0,1,0,0,3,90,80,80,70,60,50,70
439,1,0,3,0,24,6,80,60,100,90,90,70,90
440,1,0,2,0,15,4,90,60,90,60,60,90,90
441,0,1,2,0,1,1,80,90,60,60,90,90,60
442,1,0,1,0,8,13,80,70,70,70,90,90,80
443,0,0,7,0,9,14,60,70,60,60,90,80,60
444,1,0,4,0,33,12,90,80,90,70,60,90,60
445,0,0,3,0,32,0,80,60,90,70,30,90,80
446,0,1,9,0,4,3,50,90,90,50,90,70,90
447,1,0,2,0,2,3,60,60,50,50,60,80,80
448,1,0,3,0,20,5,90,60,70,70,70,60,80
449,0,0,1,0,21,12,90,90,70,80,90,80,90
450,0,0,3,0,29,9,90,80,80,90,70,90,80
451,0,0,3,0,13,15,80,80,60,80,60,80,70
452,1,0,1,0,24,0,80,60,60,90,90,70,80
453,1,0,7,0,30,6,80,90,80,80,90,70,90
454,1,0,1,0,25,13,70,90,90,70,90,80,80
455,1,0,1,0,1,5,80,70,80,90,90,90,90
456,1,0,4,0,27,12,80,70,80,70,100,60,70
457,1,0,0,1,4,10,50,80,80,80,70,60,60
458,0,0,2,1,32,2,80,80,70,60,60,80,70
459,0,0,1,0,1,1,90,70,70,80,80,60,100
460,0,0,2,0,32,5,70,70,60,80,90,90,90
461,0,0,1,1,4,10,90,70,70,80,80,80,60
462,1,0,4,0,28,12,90,90,80,70,80,70,60
463,0,0,3,1,32,9,70,80,60,70,90,90,80
464,0,0,1,0,33,6,80,70,90,90,90,60,70
465,1,1,2,0,4,3,80,90,80,70,50,90,70
466,1,0,1,0,31,12,80,80,90,60,70,80,60
467,1,0,5,0,17,4,80,90,80,80,60,60,90
468,1,0,2,0,23,6,80,80,80,90,80,90,90
469,0,0,0,0,29,12,80,80,80,80,70,90,70
470,1,0,2,0,19,12,90,80,90,80,70,80,70
471,1,1,4,1,26,2,80,70,90,60,60,90,60
472,0,0,7,0,7,10,90,90,90,90,90,70,80
473,0,0,6,0,4,10,60,60,90,70,60,60,80
474,1,0,6,0,22,6,90,90,90,80,80,80,80
475,1,1,6,1,4,3,70,70,60,90,70,90,60
476,0,0,3,0,29,9,70,90,60,100,90,90,90
477,1,0,8,1,21,13,80,60,90,70,70,70,80
478,0,0,3,0,5,10,50,80,100,80,60,60,90
479,1,0,5,0,15,15,60,80,60,80,90,80,80
480,1,0,3,1,10,15,100,90,70,100,70,90,60
481,0,1,7,0,2,3,70,50,80,80,60,70,80
482,0,0,4,1,0,10,90,70,70,60,90,60,70
483,1,0,5,1,3,1,90,80,60,70,80,80,60
484,0,0,6,1,1,15,70,80,90,90,90,60,60
485,0,0,3,1,26,0,80,80,80,90,80,60,60
486,0,1,5,0,2,3,50,90,60,60,70,70,90
487,0,0,3,0,21,15,90,80,90,90,90,70,70
488,0,0,10,0,5,3,60,60,90,50,90,70,80
489,0,1,10,0,5,3,90,90,60,70,90,70,70
490,0,0,5,0,0,3,100,60,50,70,70,90,90
491,0,0,5,1,10,14,80,60,70,70,60,70,90
492,1,0,5,0,2,1,80,60,80,80,60,90,80
493,0,0,5,1,24,2,100,90,90,60,70,70,60
494,1,0,4,0,46,6,90,90,90,80,100,80,80
495,1,0,3,0,31,16,80,90,60,60,90,90,70
496,1,0,1,0,33,9,90,80,60,70,60,90,70
497,0,0,5,0,26,13,70,80,80,80,80,80,70
498,1,0,2,0,19,0,70,90,70,90,60,70,80
499,1,0,3,0,25,12,90,70,80,60,70,80,70
500,0,0,3,0,24,0,70,90,70,90,90,70,80
501,1,0,1,0,21,13,90,90,70,100,90,70,80
502,0,1,8,1,0,3,90,90,80,60,80,70,60
503,1,0,4,0,30,2,90,70,70,90,80,80,100
504,0,0,4,0,32,12,80,90,70,60,70,90,70
505,0,0,8,0,15,15,80,80,80,90,60,70,90
506,0,0,6,0,15,8,90,90,90,80,90,60,90
507,0,0,3,1,4,7,90,90,80,90,90,90,80
508,1,0,1,1,27,12,90,90,60,80,70,70,60
509,1,0,5,0,33,4,80,90,90,60,80,80,80
510,1,0,7,0,25,12,90,90,80,70,60,70,70
511,0,0,0,0,29,9,70,90,60,70,80,90,60
512,0,0,2,0,13,15,60,70,70,90,60,80,80
513,0,0,3,0,49,6,80,90,90,90,90,90,90
514,1,0,6,0,34,9,80,80,70,60,60,90,60
515,1,1,4,0,28,4,80,70,90,60,80,70,90
516,0,0,2,0,44,6,90,80,100,90,80,90,90
517,0,0,1,0,14,12,80,80,70,70,90,80,90
518,0,0,4,0,1,10,90,60,80,90,60,60,80
519,1,0,6,0,22,12,90,90,80,60,70,60,90
520,0,0,2,0,11,14,90,60,90,90,80,80,60
521,0,0,3,0,2,15,60,90,70,60,80,60,60
522,0,0,9,0,3,3,80,50,60,60,50,90,80
523,0,0,5,0,28,2,90,100,100,90,80,70,70
524,1,1,2,0,0,3,80,90,70,80,50,50,60
525,1,0,5,0,22,2,90,80,90,70,90,70,90
526,0,1,8,0,3,3,90,90,70,90,60,50,90
527,1,0,2,0,25,15,70,90,60,70,90,70,80
528,0,0,3,1,1,3,50,50,90,70,50,50,60
529,0,0,7,0,37,6,90,90,90,90,90,90,80
530,0,0,3,1,28,12,80,70,60,70,60,80,90
531,0,0,3,0,30,11,70,70,90,90,90,90,90
532,1,0,1,0,19,13,90,80,60,60,100,80,70
533,1,1,7,0,2,3,60,90,70,80,80,50,70
534,0,1,4,0,26,15,70,80,60,70,80,70,60
535,1,0,10,1,0,3,50,70,70,60,90,50,60
536,1,0,4,0,5,7,80,70,90,60,60,70,80
537,0,0,0,0,17,12,90,60,80,90,70,80,70
538,1,0,2,0,26,9,90,80,70,70,90,80,80
539,1,0,2,0,32,15,80,80,70,60,80,70,90
540,0,0,6,1,16,12,80,90,90,90,60,90,70
541,0,1,8,0,2,3,70,50,50,60,80,70,70
542,1,0,2,0,35,4,90,90,90,90,90,90,90
543,0,0,0,0,17,0,80,90,90,60,50,70,90
544,0,0,9,0,3,3,90,90,60,80,70,60,90
545,0,1,3,0,47,6,90,80,90,90,90,80,100
546,1,0,0,0,29,9,90,80,70,60,80,80,70
547,0,0,10,0,5,3,100,50,50,90,50,50,80
548,1,0,3,1,12,5,60,80,60,90,80,80,80
549,1,0,2,0,35,6,90,90,90,90,80,90,90
550,0,1,0,0,3,7,80,90,90,80,60,60,80
551,1,1,8,0,2,3,90,50,50,80,90,90,90
552,1,0,10,0,35,12,90,100,90,90,90,90,90
553,1,1,1,0,7,8,60,90,80,90,90,80,80
554,0,0,4,0,15,12,90,70,60,70,60,90,90
555,0,0,1,0,3,13,100,90,90,90,60,80,60
556,1,0,2,0,35,15,90,90,90,100,90,90,80
557,1,0,3,1,28,9,70,80,90,60,80,90,80
558,0,0,9,0,4,3,70,60,90,60,70,70,90
559,1,0,1,1,4,1,80,60,70,60,60,80,90
560,1,0,3,1,16,12,90,60,60,70,60,70,60
561,1,0,1,0,26,0,90,60,90,80,60,60,70
562,1,0,3,0,30,15,90,80,70,70,90,80,70
563,0,1,6,0,2,3,80,80,90,70,70,70,80
564,0,0,2,0,34,12,80,80,70,70,90,90,70
565,1,0,10,0,0,3,90,70,90,60,60,90,60
566,0,0,10,1,3,1,80,80,80,100,70,90,70
567,1,0,2,0,30,12,90,90,80,70,90,90,70
568,1,1,3,1,15,4,80,90,80,60,80,90,80
569,1,0,8,1,1,3,60,60,70,70,90,80,70
570,1,0,3,1,6,8,80,100,90,80,80,70,60
571,0,0,7,1,1,7,80,80,90,100,70,90,90
572,1,1,9,1,5,3,60,70,60,50,70,70,70
573,1,0,1,0,30,2,70,90,70,80,90,70,80
574,1,0,3,1,8,8,60,70,70,70,80,80,80
575,1,1,9,0,5,3,60,50,50,70,70,60,80
576,0,0,1,0,5,1,70,90,70,90,80,90,70
577,1,0,4,0,4,8,70,90,70,60,80,90,80
578,0,0,1,0,47,6,80,80,90,90,90,90,80
579,0,0,3,1,16,13,100,70,60,60,100,60,80
580,1,1,5,0,3,3,50,50,80,60,70,80,60
581,0,0,5,1,32,11,90,70,80,90,100,90,70
582,0,0,2,0,31,2,80,90,80,60,70,90,90
583,1,0,3,0,6,10,50,80,70,90,70,90,60
584,0,0,3,0,16,15,90,70,70,60,90,70,60
585,1,0,6,0,34,9,80,80,80,70,70,80,80
586,1,0,3,0,26,12,80,60,70,70,80,60,90
587,0,0,6,0,21,2,70,60,90,60,60,80,90
588,1,0,3,0,46,6,90,80,90,90,90,90,90
589,0,0,6,0,48,6,90,90,80,90,90,80,90
590,1,1,1,0,46,6,90,80,90,90,100,90,80
591,0,1,3,0,28,15,90,80,60,90,80,90,60
592,1,1,4,0,2,15,80,60,80,90,70,80,80
593,1,1,0,0,32,13,80,70,70,80,60,90,90
594,1,1,10,0,5,3,40,90,90,60,60,70,90
595,0,0,4,0,31,9,80,90,90,90,80,80,70
596,1,0,4,1,1,1,70,90,100,90,60,60,70
597,0,1,9,1,4,3,40,60,90,60,70,70,80
598,1,0,2,1,8,10,50,80,90,60,90,90,70
599,0,0,3,1,23,0,80,70,80,90,40,90,70
600,0,0,1,0,23,6,90,90,90,80,80,80,70
601,1,0,1,0,28,9,90,80,90,80,70,90,90
602,0,0,1,0,7,15,80,60,70,60,80,80,80
603,0,0,0,0,5,1,80,90,90,90,90,90,90
604,0,0,2,0,4,15,60,90,80,60,90,60,60
605,0,0,2,0,26,15,70,80,60,60,100,60,60
606,0,0,4,1,33,9,80,80,70,70,80,90,90
607,0,0,4,1,34,9,80,90,70,80,70,80,80
608,0,1,4,0,16,0,80,70,60,70,90,80,60
609,1,0,4,0,3,3,60,60,70,70,80,70,100
610,1,0,3,0,25,9,70,80,80,80,80,90,80
611,0,0,0,0,4,13,80,80,90,60,60,90,90
612,1,0,0,0,4,10,80,80,70,80,80,80,80
613,0,0,3,0,21,12,90,90,90,70,60,80,70
614,0,0,7,0,4,3,70,90,60,60,90,90,80
615,0,0,3,0,24,16,80,70,80,90,70,90,60
616,1,0,2,0,16,15,90,80,90,70,70,60,90
617,1,0,10,0,2,3,70,50,50,90,50,90,60
618,1,0,3,0,35,12,90,80,80,90,90,90,80
619,1,0,2,0,24,6,90,80,90,90,90,80,80
620,1,0,2,1,46,6,80,90,80,90,100,80,90
621,0,0,6,0,1,3,80,50,80,60,50,60,70
622,1,0,5,0,26,15,90,70,60,80,60,90,90
623,1,0,1,0,5,15,70,90,80,60,60,70,60
624,0,1,5,0,17,14,80,80,90,60,60,90,90
625,1,0,3,0,4,1,80,70,60,70,70,80,70
626,1,0,6,0,27,9,80,90,60,90,60,80,90
627,1,0,3,0,0,1,60,70,80,80,60,60,60
628,1,0,6,1,16,0,90,80,60,60,40,60,60
629,1,0,6,1,14,15,60,80,70,90,70,60,60
630,0,1,2,0,5,10,50,60,90,80,90,80,90
631,0,0,3,1,31,2,90,80,80,70,60,80,60
632,0,0,2,1,4,1,80,80,90,100,70,80,80
633,1,0,1,0,5,1,60,80,70,60,80,80,70
634,0,0,1,0,11,16,90,70,90,80,60,90,90
635,1,0,8,1,12,15,70,70,70,60,70,80,70
636,0,0,0,0,5,7,90,60,90,70,60,70,70
637,0,1,6,0,1,3,60,60,90,90,80,50,60
638,1,0,5,0,2,1,90,90,60,80,70,80,90
639,0,1,10,0,1,3,70,80,80,60,80,60,90
640,0,0,2,1,30,13,80,70,80,70,80,70,70
641,1,0,6,0,0,3,50,100,80,90,70,50,70
642,0,0,2,1,6,15,90,70,80,60,90,60,90
643,1,0,6,1,24,0,70,60,80,80,40,80,70
644,0,0,7,0,26,9,80,90,80,80,80,80,60
645,1,0,7,0,0,3,80,70,90,50,70,90,100
646,1,0,1,0,18,12,80,60,70,60,70,60,80
647,1,0,4,0,20,12,80,70,70,80,90,90,60
648,0,0,0,0,23,12,80,80,90,90,60,90,90
649,1,1,4,0,4,3,60,70,90,80,90,60,90
650,0,0,4,0,30,2,70,90,70,80,60,90,80
651,0,0,4,0,34,2,80,80,60,60,60,90,60
652,0,0,1,0,26,0,90,70,90,80,40,80,60
653,1,0,5,0,27,9,80,80,90,80,70,90,80
654,0,0,1,1,18,12,90,80,60,80,70,70,80
655,0,0,4,0,39,6,90,90,90,90,80,80,90
656,0,0,7,1,29,2,70,80,60,80,70,90,80
657,1,0,0,1,27,6,100,80,90,90,90,70,90
658,1,1,3,1,17,12,90,70,60,90,60,80,60
659,0,1,5,1,31,2,90,90,70,70,60,80,70
660,0,1,4,0,13,2,90,80,70,70,70,70,60
661,0,0,4,1,12,2,80,80,70,90,60,90,90
662,1,1,10,0,0,3,90,90,90,70,80,80,90
663,1,0,2,1,21,4,80,70,80,60,90,80,80
664,0,1,3,0,28,9,90,90,100,90,90,80,70
665,0,1,8,0,35,0,80,80,90,80,90,80,90
666,1,0,9,1,24,9,90,80,80,60,60,80,60
667,1,0,1,0,28,0,80,80,80,80,60,80,80
668,1,0,9,0,0,3,40,90,60,90,60,60,70
669,0,1,6,0,0,3,40,100,80,70,70,80,80
670,1,0,2,0,3,10,60,70,90,80,100,70,70
671,0,0,3,0,16,15,70,70,90,60,70,70,80
672,0,0,2,0,26,9,70,90,80,80,90,80,90
673,0,1,10,1,4,3,40,80,50,60,50,80,70
674,1,0,2,0,24,4,100,80,90,90,70,90,80
675,1,0,5,1,22,12,80,90,90,80,70,70,70
676,0,1,2,0,14,12,90,70,70,70,60,60,90
677,1,0,2,0,21,15,100,70,70,60,80,90,90
678,1,0,4,0,29,9,80,80,80,80,80,90,90
679,0,0,6,0,3,3,100,90,50,70,50,90,70
680,1,0,2,0,4,5,80,60,90,70,80,90,70
681,1,0,5,0,19,0,70,80,80,80,70,70,70
682,1,0,3,0,33,12,90,60,100,80,80,60,60
683,0,0,1,0,24,0,90,80,90,60,30,70,60
684,1,0,4,0,29,15,80,60,60,60,90,80,80
685,1,0,1,1,27,9,80,90,70,90,90,90,70
686,0,0,2,0,20,15,80,60,60,80,90,80,80
687,0,0,0,0,35,0,90,80,100,90,80,80,90
688,0,0,0,0,29,6,80,70,80,80,100,70,70
689,1,0,2,1,0,1,80,60,70,60,90,70,80
690,1,0,3,0,10,15,70,60,60,80,80,80,60
691,1,0,1,1,29,4,80,60,90,80,70,80,80
692,1,0,0,1,17,12,90,70,90,80,60,90,90
693,1,1,10,0,1,3,50,70,60,80,50,90,80
694,0,0,1,0,14,14,90,70,80,60,60,90,60
695,1,0,1,0,24,15,80,80,60,60,70,60,90
696,1,0,2,0,35,4,80,90,80,90,90,90,90
697,1,0,3,0,19,4,80,80,90,90,100,90,90
698,1,0,6,0,23,2,90,90,60,80,60,90,60
699,1,0,9,0,14,4,90,70,90,60,60,60,90
700,1,0,2,0,21,2,80,70,80,60,60,90,70
701,1,0,6,0,18,15,90,60,90,80,70,80,90
702,0,0,2,1,16,16,70,100,90,90,90,90,90
703,0,0,4,0,2,15,60,60,70,70,70,90,80
704,1,0,5,1,16,15,80,80,60,60,70,80,60
705,0,0,0,0,29,12,90,60,70,70,70,70,70
706,1,0,5,0,35,0,90,80,80,90,90,80,90
707,1,0,2,0,11,2,90,80,90,60,90,70,90
708,1,0,3,0,4,1,80,70,70,60,90,60,70
709,0,0,0,0,15,14,70,80,70,90,70,70,70
710,1,1,10,0,25,2,80,70,80,70,80,80,100
711,0,0,1,0,31,0,90,90,60,60,30,60,60
712,0,0,7,0,30,6,90,70,90,80,80,60,70
713,0,0,3,0,17,14,80,90,90,90,90,90,80
714,0,0,10,0,0,3,50,90,70,90,60,80,80
715,0,1,2,0,10,8,90,70,80,70,90,90,90
716,0,0,2,0,22,16,70,70,80,90,70,90,60
717,1,0,3,0,16,12,90,80,70,60,80,60,90
718,0,0,2,0,11,15,70,90,60,60,70,80,80
719,0,0,3,0,35,12,90,90,80,90,90,90,90
720,1,0,1,0,25,13,90,60,80,90,60,90,70
721,0,0,9,0,5,3,80,60,90,90,80,60,60
722,1,0,2,1,35,15,100,80,90,90,90,90,90
723,1,0,4,0,15,2,80,60,70,80,70,90,80
724,1,0,4,1,21,2,70,80,60,90,90,80,80
725,0,0,2,0,3,5,100,60,80,70,80,80,80
726,0,0,1,0,1,10,70,90,90,70,70,80,90
727,0,0,1,0,32,12,80,80,80,80,90,80,90
728,1,0,6,1,25,9,70,80,60,80,90,80,70
729,0,0,9,0,26,9,70,80,90,60,90,90,80
730,0,1,7,0,34,9,70,80,80,60,80,80,80
731,1,0,2,1,25,13,90,60,90,80,80,90,100
732,1,1,10,0,3,3,70,80,60,70,90,70,80
733,1,1,3,0,12,13,80,60,60,90,80,60,70
734,1,0,1,0,25,15,80,90,60,70,90,80,70
735,1,0,6,0,50,6,90,80,90,90,80,80,80
736,0,0,7,0,15,5,80,90,100,80,80,90,100
737,0,0,0,0,34,12,80,90,70,80,90,80,90
738,0,0,6,0,27,13,90,90,80,90,90,90,80
739,0,0,1,0,5,7,80,60,90,60,70,70,90
740,1,0,10,1,0,3,60,50,70,90,80,60,80
741,1,0,5,0,15,12,90,70,90,70,70,70,70
742,0,0,2,1,31,11,90,60,90,80,90,90,60
743,0,0,6,0,0,1,60,70,70,60,70,70,90
744,1,1,1,0,5,3,90,70,90,90,50,80,60
745,1,0,3,0,35,12,80,100,90,90,90,90,90
746,1,0,0,0,27,15,60,90,60,60,80,80,100
747,0,1,7,0,1,3,40,60,90,90,80,60,60
748,1,1,6,0,2,3,80,70,80,70,50,80,70
749,0,0,10,0,34,12,90,90,70,90,80,90,90
750,1,1,2,1,18,12,90,60,60,60,60,90,60
751,1,0,1,0,14,12,80,90,70,70,80,60,60
752,0,0,1,0,6,5,80,80,90,90,70,60,90
753,1,0,5,1,2,1,100,60,90,70,90,70,90
754,1,0,2,0,19,12,90,70,80,90,70,80,90
755,0,0,1,0,1,1,70,60,70,90,60,60,90
756,0,0,2,0,13,2,80,60,90,80,80,80,90
757,0,1,8,0,3,3,40,70,90,90,70,80,90
758,1,0,2,0,21,2,90,70,70,80,60,90,90
759,0,1,2,0,29,5,60,60,70,90,90,80,70
760,0,0,0,1,11,8,80,70,60,80,60,80,90
761,1,0,3,0,23,6,80,80,100,90,90,60,80
762,1,1,2,0,30,12,90,70,90,90,90,70,80
763,0,0,1,0,13,0,90,80,80,80,50,90,70
764,1,0,4,0,19,4,80,60,80,90,80,70,60
765,0,0,5,0,33,12,80,90,90,70,80,60,80
766,1,0,2,0,21,12,90,90,60,70,70,80,80
767,0,0,7,0,31,11,80,80,90,80,90,80,80
768,1,0,6,0,3,3,40,70,60,60,60,50,70
769,0,1,7,0,3,3,40,50,90,50,70,50,70
770,1,1,0,0,30,15,90,80,70,70,90,80,60
771,0,1,5,1,1,3,40,50,90,100,70,60,90
772,0,0,0,1,8,15,70,80,70,90,70,70,70
773,1,0,2,0,29,12,80,60,70,90,90,70,70
774,0,0,2,0,18,0,70,80,60,70,60,60,70
775,0,0,6,1,4,7,100,100,90,80,60,90,70
776,0,0,1,0,10,15,70,70,60,60,60,60,90
777,0,0,2,0,32,2,70,60,60,60,90,70,70
778,0,0,1,0,32,9,80,80,90,90,70,80,80
779,1,0,2,1,16,12,90,70,80,70,60,70,60
780,1,0,6,0,35,15,90,90,100,90,100,90,90
781,0,0,8,0,2,3,70,60,90,80,90,90,80
782,0,0,3,0,27,15,80,80,70,60,70,80,60
783,1,0,3,0,28,12,90,60,60,80,60,70,80
784,1,0,2,0,2,10,50,60,70,60,90,60,70
785,1,0,3,0,42,6,80,90,90,90,80,90,90
786,1,0,7,0,31,2,80,90,60,90,60,70,80
787,1,0,3,0,15,0,70,80,80,90,90,80,90
788,1,0,7,0,1,3,70,50,70,50,60,80,70
789,0,0,5,0,10,14,90,60,70,90,70,70,90
790,0,0,5,0,40,6,80,100,90,90,80,90,80
791,1,0,8,0,40,6,90,80,90,90,90,80,90
792,0,0,0,0,8,10,60,70,90,60,60,80,80
793,0,0,2,0,22,15,80,80,80,80,80,60,80
794,0,0,3,0,21,15,60,60,60,80,60,60,80
795,1,0,7,0,31,9,90,80,90,90,80,90,80
796,1,0,1,0,10,8,90,90,70,90,80,80,80
797,0,0,3,1,35,2,80,90,90,100,90,90,90
798,1,0,3,0,14,2,80,80,80,90,90,80,90
799,1,0,2,0,7,8,80,80,100,60,60,90,90
800,1,0,5,0,4,3,90,60,70,90,80,50,80
801,0,0,4,1,14,14,60,100,70,80,70,90,80
802,0,0,1,1,29,12,90,60,90,70,80,80,70
803,0,1,3,0,20,0,70,70,60,70,70,70,80
804,0,0,3,1,24,12,80,70,90,60,80,90,80
805,0,0,3,1,27,12,90,90,80,60,70,90,70
806,0,0,3,0,31,12,100,80,60,60,80,60,60
807,0,0,4,0,27,9,70,80,70,90,60,90,60
808,1,0,2,0,23,15,90,90,70,70,60,60,80
809,0,0,10,0,0,3,60,90,70,90,80,80,60
810,0,0,2,0,35,11,90,90,100,90,90,90,80
811,1,0,1,1,33,15,90,70,90,80,90,60,90
812,1,0,5,1,11,2,80,70,70,90,90,80,70
813,0,0,9,0,10,2,90,80,60,80,80,90,70
814,1,1,6,0,3,3,50,60,50,70,80,90,60
815,1,0,3,0,5,10,50,60,90,90,90,70,80
816,1,0,5,0,34,12,90,80,90,80,80,60,90
817,0,0,7,0,15,0,80,60,70,80,60,80,60
818,0,0,1,0,20,12,80,90,90,80,60,60,60
819,1,0,1,0,3,8,70,70,90,70,90,80,80
820,1,1,2,1,2,3,40,70,60,50,80,60,60
821,0,0,1,0,27,2,80,80,90,90,90,70,60
822,1,1,0,0,29,12,90,60,60,60,70,80,60
823,0,0,1,1,2,1,70,70,60,70,70,70,70
824,0,0,5,0,9,5,70,80,100,90,90,60,80
825,1,0,7,0,14,4,80,100,90,90,80,80,60
826,1,0,8,0,25,6,80,60,80,90,80,80,60
827,1,0,1,1,9,15,60,60,80,90,80,80,60
828,1,1,9,0,2,3,40,50,90,50,90,50,70
829,1,0,5,0,31,9,70,90,60,70,70,80,90
830,1,0,5,0,3,5,70,70,90,80,90,90,80
831,0,0,5,0,12,5,70,90,60,70,70,90,80
832,1,0,5,0,5,3,100,50,70,50,50,90,90
833,0,0,10,0,11,8,70,90,80,90,70,90,80
834,1,0,2,0,4,7,90,60,80,70,80,60,80
835,1,0,2,0,25,15,80,80,90,70,90,60,80
836,1,0,1,0,33,15,80,90,70,70,90,60,70
837,1,1,1,0,24,15,90,80,60,70,70,90,100
838,0,0,3,0,0,1,90,60,90,60,90,60,80
839,1,1,6,0,0,3,80,70,90,90,60,60,90
840,0,0,2,0,3,8,90,60,70,80,90,80,60
841,1,0,2,0,26,9,90,100,80,90,90,80,90
842,1,0,7,0,31,4,80,80,90,60,80,80,70
843,0,0,4,0,20,12,80,60,90,80,90,80,60
844,0,0,1,0,9,15,90,70,90,60,80,70,60
845,0,0,10,1,15,12,90,80,60,70,90,90,60
846,1,0,10,0,1,3,70,80,50,80,70,70,70
847,1,1,1,1,4,3,80,60,90,90,80,80,60
848,1,0,3,1,2,10,90,70,80,90,80,70,60
849,0,0,5,0,32,12,90,90,80,80,100,80,90
850,1,1,7,0,2,3,80,80,70,80,60,80,70
851,0,1,1,0,2,7,80,60,80,90,60,70,70
852,0,0,6,0,19,2,80,80,80,60,80,90,60
853,1,0,4,0,12,0,80,60,80,60,90,90,80
854,1,0,10,0,5,3,70,60,90,90,60,60,90
855,0,0,4,0,22,0,80,90,70,90,40,90,80
856,1,1,7,0,1,3,40,70,70,60,60,50,90
857,1,0,0,0,21,12,90,60,70,90,60,80,80
858,0,1,4,0,5,3,50,90,90,50,80,70,90
859,0,0,3,1,5,10,50,100,60,60,80,80,90
860,0,0,2,0,8,15,90,90,90,80,90,70,70
861,1,0,4,0,25,12,100,60,70,70,70,70,70
862,1,0,5,0,34,11,90,80,80,80,80,60,70
863,1,0,3,0,0,10,70,60,90,70,100,90,60
864,0,0,0,0,34,12,90,70,60,90,60,60,90
865,1,0,2,0,31,9,100,90,60,60,90,90,80
866,0,1,7,0,1,3,80,80,60,90,80,90,80
867,0,0,1,1,28,9,100,90,60,90,70,80,70
868,1,1,4,0,5,3,50,60,70,70,60,50,60
869,0,0,1,0,26,12,90,60,90,60,60,70,70
870,1,0,1,0,21,15,100,60,100,60,60,90,60
871,1,0,4,0,22,12,90,70,90,80,60,70,60
872,0,0,3,0,30,15,60,60,90,70,70,90,70
873,0,1,7,0,2,3,50,90,90,50,70,80,70
874,1,0,5,0,24,12,80,100,90,60,80,70,60
875,1,0,10,0,15,0,70,80,60,80,80,60,60
876,1,0,1,0,24,12,90,60,80,90,80,70,70
877,1,0,5,0,3,8,90,80,90,70,70,90,60
878,1,1,6,1,4,3,70,50,60,60,90,90,90
879,0,0,5,0,42,6,90,80,90,90,90,90,100
880,0,0,6,0,24,0,80,80,80,90,90,70,70
881,0,0,1,0,0,10,90,90,70,90,60,90,80
882,0,0,3,0,4,10,70,90,60,80,80,70,80
883,0,0,3,0,25,12,90,100,90,80,70,90,80
884,0,1,1,1,1,1,60,70,60,60,60,70,70
885,1,0,5,0,35,9,80,90,80,90,100,90,90
886,1,0,7,0,20,12,90,60,60,70,90,90,90
887,0,0,7,0,11,15,60,90,80,60,80,90,60
888,1,1,3,0,21,15,90,90,60,80,70,70,70
889,1,1,9,0,1,3,60,70,70,50,70,50,70
890,0,0,3,0,15,12,90,80,60,70,60,90,70
891,1,0,1,0,33,12,90,60,90,90,80,90,90
892,0,1,10,0,4,3,90,100,80,60,60,60,60
893,1,0,2,1,24,12,80,70,60,60,70,70,90
894,0,0,1,0,13,2,80,80,90,70,70,80,60
895,1,1,6,0,5,3,90,80,60,70,90,50,70
896,1,0,1,1,12,8,90,90,60,60,90,90,90
897,1,0,4,1,8,10,80,90,70,90,80,80,70
898,0,0,2,0,8,14,60,60,90,90,70,70,80
899,1,0,5,0,8,10,90,90,80,60,70,80,60
900,0,1,4,1,0,3,60,60,50,80,70,90,90
901,0,0,5,0,14,5,90,60,80,80,90,70,90
902,0,1,4,1,3,3,40,50,50,60,50,90,90
903,1,0,2,0,19,13,80,80,80,60,90,80,60
904,1,0,4,0,29,15,70,90,80,60,70,80,90
905,0,1,7,1,0,3,50,50,60,80,90,70,90
906,1,0,7,0,5,10,50,70,90,90,60,70,60
907,0,0,6,0,4,3,80,50,50,50,60,50,60
908,0,0,7,0,1,3,80,80,70,90,90,90,90
909,1,0,8,1,12,13,100,80,70,90,90,80,60
910,0,0,3,0,27,12,90,90,80,90,90,90,70
911,0,0,4,1,12,2,90,70,60,90,90,70,90
912,1,0,3,0,21,2,70,90,60,70,80,80,80
913,0,0,9,0,15,14,80,60,70,80,70,90,80
914,0,0,3,0,26,12,80,60,80,80,60,70,70
915,0,1,10,0,3,3,40,80,50,80,80,70,80
916,0,0,1,0,31,9,80,80,60,90,60,80,90
917,1,0,9,0,31,11,90,70,90,90,80,70,60
918,1,0,3,0,3,15,70,70,60,80,80,80,60
919,0,0,8,0,16,12,90,80,70,90,90,70,60
920,1,0,5,0,29,9,70,90,60,60,70,80,100
921,1,0,4,0,31,12,90,60,80,60,70,70,60
922,1,0,1,0,46,6,90,80,90,90,90,90,90
923,0,0,1,0,24,12,80,70,90,90,70,60,60
924,0,0,2,0,2,10,90,70,80,70,60,70,90
925,1,1,10,0,2,3,80,60,60,80,90,50,90
926,0,0,3,0,9,14,60,60,80,80,70,90,100
927,0,1,7,0,0,3,80,90,50,70,90,50,70
928,1,0,8,0,4,3,40,90,90,60,60,70,90
929,0,0,6,0,4,3,40,90,70,60,60,60,70
930,1,0,4,0,34,12,100,90,70,70,80,70,60
931,1,0,2,0,34,15,90,70,70,70,90,70,90
932,1,0,5,0,32,12,90,80,80,70,70,90,90
933,0,1,4,0,23,12,90,90,70,80,80,60,80
934,1,0,2,1,20,12,90,70,80,90,70,70,60
935,0,0,1,0,5,1,60,60,60,60,60,90,60
936,0,0,5,1,15,12,90,60,90,70,70,70,60
937,1,0,3,0,21,5,80,70,90,60,80,60,80
938,1,0,1,0,30,12,90,90,80,90,70,90,90
939,1,0,3,1,15,0,90,70,80,70,100,80,80
940,1,0,6,1,18,2,80,70,70,80,70,80,60
941,0,1,10,0,4,3,40,90,70,70,70,80,80
942,1,0,3,0,24,0,70,70,70,60,60,70,100
943,1,0,3,0,15,2,80,70,80,90,60,80,90
944,0,0,3,0,2,1,70,70,70,70,80,80,80
945,0,0,6,0,14,12,90,60,100,80,70,80,100
946,1,0,1,0,5,3,50,50,90,80,90,90,70
947,0,0,5,0,0,10,90,80,70,70,60,80,70
948,0,0,1,0,10,10,80,60,60,80,90,80,80
949,0,1,5,0,2,3,60,60,90,50,60,90,80
950,1,0,3,0,30,9,80,80,70,70,70,80,80
951,0,0,7,0,28,6,90,80,80,90,90,70,80
952,0,0,0,1,29,9,90,80,60,60,60,80,90
953,0,0,0,0,35,12,80,80,90,80,90,90,90
954,0,0,1,0,12,2,80,60,90,60,90,80,80
955,1,1,3,0,32,13,90,70,80,60,90,80,80
956,1,0,2,0,27,0,70,60,90,60,70,60,90
957,0,0,4,0,25,15,80,60,80,90,90,80,60
958,1,0,10,0,11,15,90,90,70,70,60,90,80
959,1,0,3,0,2,7,80,70,90,80,80,70,70
960,0,0,2,0,24,2,90,90,80,70,70,90,60
961,0,0,4,0,16,0,100,60,60,70,70,90,80
962,1,0,7,1,1,1,90,80,70,60,70,80,80
963,1,0,0,0,2,7,80,80,90,60,60,70,60
964,0,0,1,0,35,16,80,90,90,100,90,90,80
965,0,0,0,0,5,15,90,60,70,90,70,90,80
966,0,0,4,0,14,0,90,80,80,80,30,90,70
967,0,0,2,0,26,15,60,60,90,90,80,80,70
968,1,0,3,0,41,6,80,80,100,90,90,80,90
969,0,0,2,1,6,15,90,70,90,80,60,90,60
970,1,0,3,0,35,12,90,90,80,90,90,90,80
971,1,0,0,1,30,4,90,90,90,60,90,70,60
972,1,0,2,1,12,2,80,60,90,80,90,70,80
973,0,0,2,0,29,12,80,80,60,60,70,90,60
974,0,1,9,1,4,3,60,50,70,90,90,50,70
975,0,1,2,0,0,1,100,90,60,80,70,80,60
976,1,0,3,0,17,12,80,70,60,60,70,90,60
977,0,0,1,1,20,12,80,60,100,70,90,70,80
978,0,0,2,0,35,11,80,80,90,80,80,90,100
979,1,0,2,0,26,12,90,90,80,80,80,60,60
980,0,0,3,1,24,15,80,60,70,80,90,90,80
981,0,1,6,0,0,3,50,60,50,70,80,80,80
982,1,0,7,0,32,4,80,60,80,90,60,90,60
983,1,0,4,1,4,10,90,80,90,60,90,70,70
984,1,0,3,0,34,11,80,60,90,80,80,80,80
985,0,1,3,0,29,12,90,80,80,70,60,60,80
986,1,0,2,1,35,15,90,90,90,90,100,80,90
987,0,0,5,0,23,12,80,60,90,80,80,90,90
988,1,1,8,0,5,3,90,90,50,50,80,70,70
989,0,0,0,0,1,7,90,80,80,80,90,80,60
990,1,0,1,0,31,2,90,100,70,70,80,70,80
991,0,0,1,1,14,15,60,60,80,70,70,70,80
992,1,0,6,0,3,3,80,90,70,90,60,70,80
993,1,1,2,0,18,12,80,90,80,60,60,90,60
994,1,0,1,1,47,6,90,90,90,80,90,90,90
995,0,0,2,0,4,7,80,70,80,60,80,70,80
996,1,1,1,1,32,12,90,80,90,60,90,90,80
997,1,0,3,1,20,0,100,70,70,90,80,70,70
998,0,1,6,0,3,3,50,60,70,80,90,80,80
999,1,1,5,0,19,12,90,80,70,70,70,70,80
1000,1,0,1,1,5,10,60,80,60,80,80,60,70
1001,1,0,10,1,0,3,50,50,50,70,70,70,70
1002,0,0,10,1,9,10,80,70,80,80,90,90,90
1003,0,0,10,0,4,3,90,90,70,50,50,90,70
1004,1,0,3,0,22,12,90,90,70,90,80,80,70
1005,0,0,9,0,3,3,90,90,80,80,50,80,60
1006,0,0,3,0,33,11,90,90,80,100,80,70,90
1007,1,0,0,0,13,4,80,60,80,80,60,90,80
1008,1,0,0,0,19,15,80,70,90,60,60,70,90
1009,0,0,2,1,10,10,50,70,90,70,90,70,80
1010,0,1,2,0,29,15,70,60,70,60,90,60,60
1011,1,0,3,1,31,9,80,90,70,90,70,90,60
1012,1,0,3,1,3,7,80,90,80,80,90,70,70
1013,0,0,0,1,29,2,80,60,70,70,70,90,90
1014,1,1,3,0,34,15,60,70,80,60,100,90,60
1015,1,1,10,0,4,3,90,60,60,70,70,90,60
1016,1,0,3,0,34,5,90,70,80,60,70,80,90
1017,1,0,2,0,30,12,90,60,90,80,60,80,90
1018,0,0,3,0,18,15,60,60,80,70,90,80,70
1019,1,0,3,0,32,0,80,90,70,70,40,80,70
1020,1,0,1,0,31,12,90,70,80,90,80,60,80
1021,1,0,10,0,0,3,60,50,90,80,60,70,80
1022,1,0,7,0,3,7,80,60,90,80,80,80,60
1023,0,0,3,1,5,1,80,90,60,60,60,80,90
1024,1,0,3,1,24,4,80,70,80,60,70,60,70
1025,0,0,4,0,27,0,90,80,60,90,60,80,70
1026,1,0,1,1,21,12,80,60,70,80,90,70,70
1027,0,0,4,0,32,2,90,90,80,60,60,80,70
1028,0,1,7,0,5,3,70,60,80,60,80,80,80
1029,0,0,7,0,7,15,90,60,90,70,80,70,90
1030,1,1,8,0,1,3,100,80,90,80,70,50,70
1031,0,0,3,0,22,2,90,70,70,70,60,90,60
1032,1,0,5,1,15,0,70,60,70,60,40,80,90
1033,1,0,1,0,12,8,90,80,80,60,60,80,60
1034,1,0,3,1,21,15,80,100,80,60,90,80,60
1035,1,1,5,0,24,13,100,80,70,80,70,90,90
1036,0,0,7,0,18,0,90,90,60,60,70,80,70
1037,0,0,6,0,4,8,70,70,100,80,90,80,90
1038,1,1,6,0,5,3,60,70,80,50,70,60,60
1039,0,1,7,0,32,16,60,80,70,70,90,90,90
1040,1,0,8,1,0,1,90,70,90,70,80,80,90
1041,0,0,2,0,34,11,100,60,90,80,80,90,80
1042,0,0,5,0,28,9,80,90,60,70,60,90,90
1043,1,1,1,1,30,6,80,90,80,80,90,90,70
1044,1,0,8,0,31,9,90,80,60,90,80,80,70
1045,1,0,3,1,33,12,80,90,100,80,90,70,60
1046,0,0,2,0,28,2,80,70,80,90,60,90,80
1047,1,0,2,0,31,2,70,70,80,60,90,80,90
1048,1,1,3,0,7,8,80,80,70,80,90,70,80
1049,0,0,6,0,28,9,70,80,60,60,90,80,60
1050,0,0,4,1,44,6,80,90,90,90,80,80,90
1051,0,1,0,0,13,15,60,80,80,90,80,80,90
1052,1,0,2,0,15,2,90,80,80,80,60,80,80
1053,0,0,3,0,16,0,70,90,90,80,70,70,70
1054,0,0,1,0,18,2,70,60,60,60,60,90,60
1055,0,0,1,0,28,15,80,90,90,70,90,90,80
1056,0,0,5,0,29,9,80,90,90,70,70,80,60
1057,0,0,8,0,30,9,80,90,90,70,80,90,80
1058,0,0,1,1,32,12,90,90,80,60,90,60,70
1059,0,0,0,0,19,12,90,80,70,90,60,70,90
1060,0,0,2,0,18,12,90,70,60,90,80,90,70
1061,0,0,5,0,23,6,80,90,90,90,80,60,80
1062,1,0,7,0,16,2,90,60,70,60,90,90,90
1063,0,1,8,0,1,3,70,70,70,80,60,80,60
1064,1,1,1,0,35,11,80,90,90,90,80,80,90
1065,1,0,3,0,32,15,70,70,60,80,70,70,80
1066,1,0,0,0,31,15,60,80,70,90,80,80,70
1067,1,0,10,0,0,3,60,80,80,80,60,70,80
1068,1,0,3,0,24,2,90,70,80,60,80,90,90
1069,0,0,4,0,13,0,90,60,70,80,40,90,80
1070,1,0,1,0,4,15,60,70,90,80,80,80,60
1071,0,0,1,0,1,3,80,80,80,70,60,80,70
1072,0,0,5,0,27,15,60,60,60,80,100,70,70
1073,0,1,7,0,4,3,60,50,60,50,50,80,70
1074,1,0,7,0,8,13,80,90,60,70,60,60,60
1075,1,0,1,1,35,11,80,80,80,90,90,80,90
1076,1,0,2,1,7,10,70,90,80,70,60,80,70
1077,0,0,9,0,4,3,70,60,50,70,70,50,90
1078,1,0,2,0,25,15,70,60,90,60,80,80,60
1079,1,0,2,0,28,12,90,80,70,80,90,80,60
1080,1,0,4,0,19,13,90,70,70,90,70,60,90
1081,1,0,2,0,16,12,80,70,80,90,90,70,70
1082,0,0,3,0,6,15,60,70,70,80,70,70,60
1083,0,1,5,0,4,3,90,90,80,80,90,80,90
1084,1,0,9,0,34,9,90,80,70,60,80,90,80
1085,1,1,3,0,31,9,80,90,60,60,100,90,90
1086,1,0,2,0,27,12,80,80,90,60,70,70,60
1087,0,0,4,0,22,12,90,90,80,90,60,80,70
1088,0,0,3,1,25,2,90,90,60,60,60,80,90
1089,0,0,3,0,19,0,90,60,60,60,80,80,60
1090,1,0,1,0,28,9,70,90,60,60,80,90,60
1091,1,1,3,1,34,11,70,90,80,80,80,80,70
1092,1,0,10,0,5,3,70,50,80,70,80,90,80
1093,1,1,1,0,34,9,90,80,80,70,80,90,90
1094,1,0,7,0,34,2,70,80,70,60,90,70,90
1095,0,0,0,0,19,12,90,90,60,90,60,80,80
1096,1,0,0,0,13,0,70,60,100,60,90,70,70
1097,1,0,3,0,18,0,90,70,80,70,80,60,90
1098,0,0,5,0,1,7,80,80,80,80,60,80,60
1099,1,0,1,0,29,15,90,60,90,70,90,80,70
1100,1,0,5,0,34,12,90,90,60,70,60,80,70
1101,0,0,1,0,31,11,90,70,90,90,80,90,100
1102,1,0,2,0,14,0,90,80,70,90,70,70,80
1103,0,0,6,1,32,9,70,90,70,100,60,80,60
1104,1,0,10,0,5,3,80,50,50,90,90,50,90
1105,0,0,5,0,33,12,80,60,80,60,70,90,90
1106,1,0,1,0,32,11,80,60,90,90,90,90,70
1107,0,0,0,0,11,14,60,80,70,70,60,80,80
1108,1,0,0,0,12,2,80,80,90,90,60,80,70
1109,1,0,2,0,24,2,80,60,90,70,90,70,90
1110,1,0,2,1,29,2,80,70,70,80,60,80,80
1111,0,0,0,0,33,0,70,90,70,80,70,80,80
1112,1,0,0,0,13,4,90,80,90,60,90,90,90
1113,0,0,3,0,10,14,90,60,80,70,90,90,90
1114,0,0,3,0,38,6,90,80,90,90,80,90,90
1115,1,0,2,0,5,10,70,80,90,90,80,90,70
1116,0,0,3,1,35,15,90,80,100,90,90,90,90
1117,0,1,10,0,1,3,80,50,80,80,100,80,90
1118,1,0,2,0,21,12,80,70,90,70,60,80,70
1119,0,0,6,0,5,15,80,90,70,80,80,90,90
1120,0,1,1,1,15,2,90,80,60,80,60,90,70
1121,0,0,3,0,28,6,80,90,80,90,100,90,90
1122,0,0,1,0,5,10,50,70,60,80,90,70,90
1123,1,0,2,0,35,6,90,90,90,90,80,90,90
1124,0,0,8,1,28,2,70,60,80,70,70,70,60
1125,1,0,2,0,16,4,80,80,90,70,70,90,60
1126,1,0,2,0,29,15,60,60,80,60,60,90,80
1127,1,0,10,0,3,3,70,60,80,50,80,90,60
1128,1,0,6,0,35,4,90,80,90,90,100,80,80
1129,0,0,2,0,29,15,70,90,60,70,60,70,80
1130,0,0,3,1,14,0,90,100,90,80,80,80,90
1131,1,0,2,0,11,2,80,90,80,60,60,90,60
1132,1,0,2,1,1,7,90,60,80,90,70,90,90
1133,0,0,4,0,14,14,80,90,60,80,80,90,90
1134,0,0,4,1,11,5,90,60,80,80,80,80,70
1135,0,0,3,0,28,9,80,90,70,80,60,90,90
1136,1,0,6,0,18,12,80,90,90,90,80,80,60
1137,0,0,1,0,31,16,70,90,60,60,80,90,60
1138,0,1,6,0,2,3,50,70,50,50,80,70,60
1139,0,0,0,0,32,0,80,90,90,90,50,60,80
1140,0,0,3,0,3,10,50,70,70,80,90,90,80
1141,0,1,1,0,33,0,90,70,60,70,90,90,90
1142,0,0,3,0,4,3,50,70,70,50,50,80,70
1143,0,1,4,0,0,3,80,80,60,60,80,70,80
1144,0,0,2,0,10,13,90,80,60,80,90,70,90
1145,0,0,8,0,11,2,90,60,70,80,80,80,60
1146,1,0,3,0,5,7,80,70,90,80,70,60,70
1147,1,0,4,0,33,6,90,70,90,80,100,60,90
1148,0,0,2,1,29,12,80,80,90,80,90,90,70
1149,1,0,3,0,26,15,80,70,70,60,70,90,60
1150,1,0,1,0,25,13,80,80,80,60,70,70,70
1151,1,0,2,1,30,15,70,80,90,70,60,70,60
1152,1,0,2,0,13,15,80,60,70,70,80,70,90
1153,0,0,1,0,25,12,90,90,80,80,80,60,60
1154,0,0,0,0,15,14,60,60,90,80,100,80,70
1155,1,0,6,0,10,2,80,90,60,80,90,70,90
1156,0,1,3,1,0,1,70,60,90,90,90,70,80
1157,1,1,1,0,17,5,70,80,90,90,90,80,80
1158,0,1,5,0,4,3,70,70,80,50,70,80,90
1159,1,0,3,0,32,9,90,90,60,60,80,90,60
1160,0,0,5,0,34,0,70,60,90,70,40,80,60
1161,0,0,7,0,8,8,80,90,90,60,90,60,60
1162,0,0,1,1,3,15,60,70,60,60,60,70,70
1163,1,0,1,1,3,3,90,80,80,80,70,90,80
1164,0,1,9,0,4,3,70,80,60,50,60,60,60
1165,0,0,1,0,2,1,60,100,90,70,90,70,70
1166,1,0,0,0,0,10,100,80,80,90,70,60,80
1167,1,0,5,1,3,7,90,60,100,70,60,90,60
1168,0,0,4,0,4,1,90,80,60,90,80,70,80
1169,1,0,3,0,21,4,90,80,80,80,70,90,70
1170,1,0,3,0,4,7,90,60,90,60,70,80,60
1171,1,0,5,1,1,3,50,80,90,80,80,70,70
1172,0,0,7,0,49,6,90,90,90,90,90,80,90
1173,0,0,3,0,12,14,70,60,80,60,70,80,60
1174,0,0,6,0,9,8,90,90,80,60,70,80,60
1175,1,1,1,0,20,2,80,70,80,60,90,90,90
1176,1,0,7,1,16,4,80,70,80,60,90,60,70
1177,1,0,1,0,13,13,80,80,60,70,70,90,60
1178,1,0,0,0,30,15,60,70,90,80,90,80,90
1179,1,0,3,0,7,15,60,60,90,60,80,80,60
1180,0,0,3,0,38,6,90,90,90,90,80,90,80
1181,0,0,4,0,7,13,90,60,60,70,70,90,60
1182,1,0,1,0,8,15,80,60,70,60,90,70,70
1183,1,0,0,0,8,10,60,90,60,60,70,60,60
1184,1,0,9,1,11,4,80,80,90,70,90,90,70
1185,0,0,3,1,30,12,80,70,90,80,60,80,70
1186,0,0,3,1,11,15,80,60,80,80,70,90,60
1187,1,0,2,0,35,0,80,80,80,90,90,90,80
1188,0,0,7,0,4,3,90,80,50,70,90,70,70
1189,0,0,9,1,6,10,90,90,70,80,80,60,90
1190,1,0,1,0,33,6,100,90,80,90,80,70,70
1191,0,0,1,0,1,10,50,60,70,70,100,60,100
1192,1,0,3,0,11,5,70,90,70,60,80,80,90
1193,0,0,7,0,21,13,80,60,80,60,90,70,70
1194,1,0,3,0,24,2,80,60,60,70,70,90,60
1195,1,0,7,0,4,3,50,60,90,70,70,80,60
1196,1,0,1,0,1,7,90,70,80,70,90,80,80
1197,1,0,1,1,12,4,90,60,90,70,90,70,70
1198,1,0,7,0,28,4,80,80,90,80,80,60,80
1199,1,0,2,0,20,0,90,80,90,90,100,90,60
1200,0,0,3,0,35,6,90,80,90,80,80,90,90
1201,0,0,0,0,33,9,80,80,60,80,100,80,80
1202,0,0,6,0,4,10,70,70,60,80,60,70,80
1203,1,1,4,0,1,3,40,80,70,90,70,70,60
1204,0,0,5,0,7,8,90,90,60,80,60,60,60
1205,1,0,3,0,27,4,90,70,80,70,90,90,60
1206,0,0,2,0,34,13,80,70,70,60,70,90,90
1207,0,1,2,0,17,12,90,90,70,60,80,70,90
1208,1,0,1,0,18,15,60,70,90,60,60,60,60
1209,0,0,2,1,9,10,60,90,90,70,70,80,70
1210,0,0,2,0,3,10,50,60,90,90,60,60,70
1211,0,0,5,0,28,2,90,70,70,80,70,80,70
1212,0,0,5,0,28,13,90,70,80,80,90,70,80
1213,0,0,2,0,26,6,80,60,80,90,80,60,80
1214,0,1,10,1,4,3,80,80,50,50,50,90,70
1215,0,0,3,0,15,14,80,80,90,80,80,90,80
1216,0,0,3,0,33,15,80,70,80,70,70,70,60
1217,0,0,3,1,31,16,70,80,100,90,60,90,90
1218,1,0,5,1,7,8,60,60,60,90,60,90,70
1219,0,0,1,0,26,15,80,60,90,60,70,60,70
1220,0,0,9,0,3,3,70,80,50,90,80,80,70
1221,1,0,5,0,31,9,90,80,80,80,70,80,90
1222,1,0,4,0,1,3,90,50,70,80,80,50,70
1223,1,0,4,1,30,0,90,90,90,70,50,60,90
1224,1,0,2,1,28,9,100,90,70,60,90,90,60
1225,0,1,3,0,24,6,80,60,90,90,80,60,90
1226,0,0,1,1,28,2,90,60,60,90,60,70,70
1227,1,0,6,0,6,10,80,60,70,80,60,80,90
1228,0,1,9,1,5,3,70,70,80,50,60,60,80
1229,0,0,2,0,12,14,90,80,70,80,90,90,60
1230,1,0,7,0,3,15,90,70,90,100,60,80,80
1231,0,0,4,0,26,9,90,90,90,90,80,90,90
1232,0,0,4,0,18,0,80,80,80,90,40,80,90
1233,0,0,5,0,31,0,90,90,70,90,30,90,80
1234,0,0,1,0,17,14,90,80,80,60,70,70,90
1235,0,0,2,1,23,12,90,80,100,60,60,70,80
1236,1,0,0,0,17,5,100,80,60,70,80,70,80
1237,1,0,4,0,29,6,90,60,90,80,80,70,80
1238,0,0,0,0,13,5,90,60,70,70,70,60,90
1239,0,1,10,1,2,3,50,90,60,80,80,80,80
1240,0,0,3,0,35,15,90,80,90,90,80,90,80
1241,0,0,5,0,35,5,90,80,80,90,90,80,90
1242,1,0,3,0,28,0,70,80,70,80,80,70,70
1243,1,1,6,1,2,3,90,90,70,70,50,80,70
1244,1,0,6,1,28,12,90,70,90,60,60,90,60
1245,1,0,3,1,26,0,80,70,60,60,30,70,60
1246,1,0,7,0,26,13,80,80,80,90,60,70,70
1247,0,0,1,0,22,6,90,90,90,80,90,60,80
1248,1,1,1,0,26,12,90,80,90,70,70,90,80
1249,0,0,1,0,16,14,60,80,70,80,70,80,80
1250,0,0,10,0,2,3,60,80,80,80,50,50,90
1251,1,0,4,1,10,2,90,60,80,70,80,80,70
1252,0,0,3,1,21,16,60,70,80,90,90,90,70
1253,1,1,1,0,30,12,90,90,60,90,70,70,70
1254,0,0,6,0,24,0,90,60,90,70,60,90,70
1255,1,1,1,0,33,13,90,90,70,90,60,60,70
1256,0,0,5,0,3,1,60,60,90,80,90,90,70
1257,0,0,2,0,34,12,90,80,70,60,80,60,90
1258,0,0,6,1,2,3,70,80,70,80,80,60,80
1259,0,0,2,0,17,12,90,90,90,60,70,60,70
1260,1,0,1,0,18,0,80,70,80,80,70,80,60
1261,1,0,2,0,16,16,70,70,70,70,60,90,70
1262,1,0,3,1,21,6,90,70,90,80,90,60,60
1263,1,0,1,0,24,12,90,60,60,60,90,70,90
1264,0,0,3,1,27,15,70,70,90,60,80,90,80
1265,0,1,4,1,24,13,80,60,90,80,60,70,90
1266,1,0,5,0,27,4,90,100,100,80,70,70,90
1267,1,0,3,0,14,8,80,70,80,90,80,70,80
1268,1,0,8,0,30,12,80,60,70,90,60,60,100
1269,0,0,1,0,24,9,80,100,80,80,70,80,80
1270,0,0,4,0,0,3,70,70,80,80,60,80,90
1271,1,0,3,0,35,6,80,80,90,90,80,90,90
1272,0,0,2,0,21,12,90,70,60,80,80,70,70
1273,1,1,1,0,15,0,80,60,90,80,40,80,60
1274,0,0,1,0,5,7,90,70,90,80,90,90,90
1275,1,1,10,0,3,3,40,90,80,60,90,70,80
1276,0,0,4,0,8,8,90,90,70,90,60,70,70
1277,0,0,0,0,1,7,90,60,90,60,80,60,60
1278,0,1,9,1,5,3,60,70,90,50,90,80,80
1279,0,1,1,1,26,2,70,100,70,60,100,80,90
1280,0,0,2,0,24,2,70,60,60,90,90,90,70
1281,0,0,5,0,24,2,80,100,90,80,80,80,90
1282,1,1,0,1,9,10,90,60,80,60,60,60,80
1283,1,0,2,0,3,1,80,80,80,60,70,90,80
1284,1,0,2,0,1,1,70,80,90,90,80,80,90
1285,0,0,2,0,15,2,90,60,80,70,60,90,90
1286,0,0,5,0,32,2,80,60,90,80,90,70,70
1287,0,0,3,0,26,0,70,80,60,70,50,70,90
1288,1,0,5,1,32,12,80,60,70,70,60,90,80
1289,1,0,0,0,35,2,90,80,80,80,80,80,90
1290,1,0,3,0,2,7,80,90,90,60,60,70,60
1291,1,0,1,0,13,8,60,90,90,60,80,90,70
1292,0,1,2,1,20,13,80,70,80,60,90,70,90
1293,0,0,5,0,5,1,80,90,70,90,70,60,80
1294,1,0,1,0,5,10,90,70,60,60,60,80,70
1295,0,0,2,0,34,2,80,70,90,90,90,90,70
1296,0,0,6,0,34,16,90,70,80,60,80,90,80
1297,1,0,2,0,21,4,80,80,90,60,60,90,90
1298,0,0,4,0,27,0,80,60,80,80,70,60,70
1299,1,0,0,0,31,12,90,70,60,80,70,70,100
1300,1,0,4,0,31,9,80,90,90,70,90,90,60
1301,0,1,3,0,12,14,80,60,80,60,90,80,70
1302,1,0,2,0,13,4,90,60,90,90,90,60,70
1303,1,0,3,0,28,0,90,80,80,70,100,70,80
1304,1,0,5,0,27,12,100,80,90,80,70,90,80
1305,0,1,3,0,4,7,90,60,80,60,70,70,80
1306,1,0,2,0,33,12,90,90,80,80,60,70,70
1307,0,0,4,0,18,0,70,80,70,90,30,70,60
1308,0,0,0,0,29,9,100,90,60,80,90,80,80
1309,0,0,1,0,13,16,90,70,80,90,60,90,80
1310,1,0,4,0,5,7,80,90,80,80,80,60,60
1311,0,0,6,0,15,12,90,60,70,90,90,90,80
1312,1,0,2,0,2,15,60,70,90,90,70,70,90
1313,0,0,3,0,27,0,90,80,80,80,70,70,80
1314,1,0,1,0,22,2,80,90,80,80,70,90,80
1315,0,0,5,1,24,0,80,80,60,90,70,90,80
1316,0,0,6,0,27,2,90,70,60,80,70,80,90
1317,0,0,2,0,25,0,80,60,60,60,60,60,60
1318,1,0,3,0,17,4,80,90,80,90,90,60,70
1319,1,0,1,0,14,4,90,70,90,70,60,80,80
1320,0,0,5,0,14,2,90,70,70,80,90,80,90
1321,1,0,1,0,3,8,60,60,90,60,80,60,70
1322,0,0,7,0,5,3,40,70,70,50,60,80,60
1323,0,0,10,1,2,3,40,50,80,80,70,70,70
1324,1,0,3,0,4,7,90,60,100,90,90,80,60
1325,0,0,10,0,33,9,90,80,90,90,60,90,60
1326,1,0,2,0,31,2,80,90,80,70,70,90,70
1327,1,0,1,0,16,4,90,100,90,90,90,70,60
1328,1,0,5,0,15,15,60,80,80,60,70,90,90
1329,0,0,7,1,5,3,40,50,60,60,90,50,70
1330,1,1,10,0,3,3,40,90,60,50,60,60,70
1331,0,0,8,0,4,3,80,90,60,60,70,70,80
1332,0,0,1,1,29,0,80,90,60,70,80,90,60
1333,1,0,7,1,18,15,70,80,90,70,70,60,80
1334,0,0,2,0,16,14,80,60,60,80,70,90,60
1335,1,0,0,0,23,12,80,90,90,60,90,70,80
1336,0,1,3,0,28,12,90,90,60,80,60,70,90
1337,0,0,7,0,31,9,100,90,90,80,60,80,90
1338,0,0,9,0,5,3,50,60,80,90,50,60,70
1339,1,0,2,0,6,13,80,80,90,90,70,60,90
1340,1,0,1,0,33,9,80,80,60,60,90,90,90
1341,0,0,7,0,0,3,70,60,70,50,70,90,60
1342,0,0,6,1,19,12,90,70,60,60,70,60,70
1343,0,0,2,0,26,0,90,70,90,60,60,80,90
1344,0,0,1,0,3,1,60,60,90,90,90,90,90
1345,1,0,2,0,10,15,80,90,60,90,80,70,90
1346,0,0,5,0,24,6,90,80,80,90,80,80,80
1347,0,0,5,0,1,1,80,60,60,90,90,60,80
1348,0,0,1,0,25,12,100,80,80,100,80,90,70
1349,0,0,10,0,15,15,60,60,90,70,70,80,100
1350,1,1,10,0,3,3,80,70,60,80,80,60,90
1351,0,0,3,1,14,14,60,60,70,60,60,90,80
1352,1,0,9,0,31,13,90,70,70,90,90,70,90
1353,0,0,2,1,9,10,50,80,100,90,70,90,80
1354,0,0,1,0,8,14,90,60,70,80,60,70,90
1355,1,0,2,0,22,0,70,80,60,80,50,80,90
1356,0,0,3,0,11,2,70,80,70,70,80,90,70
1357,0,1,10,0,2,3,80,100,60,60,90,70,90
1358,0,0,2,0,21,15,70,90,70,100,70,60,60
1359,0,0,1,0,28,15,60,60,80,60,60,90,90
1360,0,1,9,0,4,3,80,100,70,70,70,60,90
1361,1,0,4,0,35,12,90,90,90,90,80,90,90
1362,1,0,6,0,27,6,80,70,80,80,90,90,80
1363,1,0,0,1,14,0,80,80,60,90,50,60,70
1364,0,0,10,0,1,3,60,60,60,90,50,80,70
1365,1,0,4,0,29,6,80,70,80,90,90,90,70
1366,0,0,1,0,33,9,90,80,70,60,90,80,90
1367,1,0,1,0,18,16,80,90,70,80,80,90,70
1368,1,0,2,0,11,15,90,70,90,80,80,70,60
1369,0,1,5,0,3,3,40,60,60,60,60,90,90
1370,1,0,2,0,19,12,90,90,70,90,70,70,90
1371,1,0,1,0,31,12,80,60,80,60,70,60,90
1372,1,0,5,1,28,13,90,70,70,70,60,80,70
1373,1,0,10,0,11,4,100,60,80,60,80,90,70
1374,1,0,1,0,16,5,70,70,90,80,70,80,70
1375,1,0,3,0,4,1,70,70,80,70,80,80,60
1376,0,0,1,0,15,2,90,90,60,80,60,90,70
1377,1,0,4,0,31,16,80,80,90,60,60,90,70
1378,1,0,4,0,29,12,90,90,60,60,100,80,80
1379,1,0,5,0,27,15,60,80,90,60,60,60,90
1380,1,0,1,0,29,5,70,60,70,70,90,60,80
1381,0,0,2,0,23,12,90,70,70,80,60,90,90
1382,0,0,2,0,32,11,80,60,80,90,80,80,90
1383,0,0,5,0,9,14,90,80,70,90,90,80,80
1384,0,0,3,0,16,12,90,80,90,90,80,70,70
1385,1,0,2,0,29,12,100,70,70,60,70,70,60
1386,0,0,3,1,5,1,60,60,80,80,100,90,90
1387,1,0,3,0,14,12,90,90,60,70,70,60,90
1388,1,0,2,0,20,2,90,80,70,90,60,70,60
1389,0,0,2,0,28,12,90,70,60,90,80,60,70
1390,0,1,2,0,13,2,70,80,80,80,60,90,90
1391,1,1,9,1,3,3,40,70,80,90,60,60,90
1392,0,0,5,0,26,2,90,80,70,90,90,90,80
1393,1,1,3,0,8,13,80,90,70,60,80,80,60
1394,0,0,3,0,4,3,60,60,50,50,60,60,80
1395,1,0,4,1,20,12,80,80,80,70,80,80,70
1396,1,0,3,0,34,4,90,90,90,70,80,80,70
1397,1,0,2,0,42,6,80,90,90,80,90,90,90
1398,1,0,6,0,4,7,80,70,80,90,70,90,80
1399,0,0,6,1,14,12,90,90,60,90,60,60,90
1400,1,0,1,0,29,4,80,100,80,90,70,60,70
1401,0,0,3,0,34,9,70,80,60,80,60,90,70
1402,1,0,3,0,1,1,60,70,90,60,70,60,60
1403,1,0,5,0,27,12,90,70,90,60,90,90,90
1404,0,0,4,0,30,2,80,80,60,60,80,80,80
1405,1,0,10,0,33,9,70,80,80,90,90,90,70
1406,0,0,1,0,15,14,90,90,60,90,70,90,80
1407,0,0,2,0,5,10,50,70,70,60,60,80,60
1408,1,0,3,0,29,15,60,80,70,80,90,60,80
1409,0,1,1,0,28,6,80,70,100,100,90,60,70
1410,0,1,9,0,1,3,90,50,60,60,70,90,70
1411,0,0,2,0,22,6,90,70,80,90,90,80,90
1412,1,0,6,0,21,15,60,80,70,80,70,80,60
1413,1,0,2,0,34,12,90,60,80,90,90,60,100
1414,1,0,3,0,33,13,90,60,60,90,60,80,80
1415,0,0,10,1,3,3,50,60,70,90,50,50,80
1416,0,1,1,0,0,3,70,80,80,80,70,80,70
1417,1,0,9,0,3,3,90,50,50,70,60,60,80
1418,0,0,0,0,20,0,90,60,70,90,90,60,90
1419,1,0,1,0,18,12,90,90,60,90,90,70,80
1420,0,0,1,0,35,5,90,90,90,90,90,90,90
1421,0,0,2,0,3,3,70,70,80,70,70,90,80
1422,0,0,1,0,27,15,80,90,90,60,60,80,70
1423,1,0,4,0,32,6,80,70,80,80,90,70,90
1424,1,0,1,0,30,12,80,90,70,80,60,60,70
1425,1,0,7,0,3,7,90,60,80,80,90,90,60
1426,0,0,2,1,19,12,90,70,70,60,70,80,60
1427,0,0,2,0,9,14,90,60,60,80,70,80,90
1428,1,0,3,0,26,9,80,80,80,60,80,90,90
1429,0,0,1,0,28,12,80,90,100,70,60,80,80
1430,0,1,1,0,35,2,80,90,90,90,90,90,90
1431,1,0,4,0,32,2,90,90,90,60,80,80,70
1432,0,1,2,0,35,12,90,90,90,80,80,80,90
1433,0,0,3,0,26,5,80,60,90,100,80,70,90
1434,1,0,3,0,14,2,70,90,90,80,70,90,90
1435,0,0,4,0,26,2,80,70,70,60,70,90,70
1436,0,0,5,1,3,10,60,70,80,70,70,60,80
1437,1,0,1,0,33,4,90,80,100,90,70,60,80
1438,1,0,1,0,35,2,80,90,80,90,80,90,80
1439,0,0,1,0,22,15,70,80,90,60,60,90,80
1440,0,0,2,0,23,5,70,90,90,80,90,90,100
1441,1,0,2,1,27,9,80,80,90,70,90,80,70
1442,1,0,6,0,31,12,80,90,70,70,70,80,80
1443,0,0,1,0,26,2,90,70,80,70,70,80,70
1444,0,0,4,0,1,10,70,70,90,60,60,80,90
1445,0,0,2,0,7,14,70,70,100,90,80,80,60
1446,0,0,1,1,4,10,60,80,70,70,60,60,90
1447,1,0,0,0,31,12,80,70,90,80,90,80,80
1448,1,0,7,1,23,0,80,80,70,90,30,80,70
1449,0,0,4,0,5,15,80,60,90,70,70,70,70
1450,1,0,10,0,1,3,90,50,80,90,80,60,100
1451,1,0,3,0,4,1,70,60,90,90,60,60,80
1452,1,0,0,1,23,4,90,60,80,60,70,70,60
1453,1,0,3,0,15,8,90,60,60,80,70,90,70
1454,1,0,2,0,24,9,90,80,60,90,60,90,70
1455,1,0,2,0,31,12,80,70,80,80,70,60,90
1456,1,0,4,0,29,9,70,90,90,80,60,90,70
1457,0,0,3,0,49,6,90,90,80,90,90,90,90
1458,1,0,4,0,6,15,60,90,80,70,90,60,90
1459,1,0,7,1,33,0,90,80,60,80,70,80,60
1460,0,1,5,1,10,5,70,70,80,60,90,60,80
1461,0,0,1,0,13,8,70,70,80,60,90,90,60
1462,0,0,6,1,25,2,90,60,70,60,70,70,70
1463,0,0,2,0,35,9,80,90,90,90,90,90,80
1464,1,1,8,1,1,3,60,50,80,80,90,80,70
1465,1,0,1,0,29,13,80,90,70,90,70,90,60
1466,1,0,3,0,20,12,90,90,60,80,90,70,90
1467,1,1,3,0,49,6,80,80,80,90,80,90,90
1468,0,0,4,0,13,14,70,80,80,80,60,90,70
1469,0,0,2,0,20,15,90,90,90,70,90,70,80
1470,0,0,2,1,18,14,80,70,60,100,70,70,70
1471,1,0,1,0,23,12,80,70,60,60,70,70,90
1472,0,0,0,0,10,10,80,80,90,60,80,60,80
1473,0,0,4,1,4,1,70,100,70,80,100,80,60
1474,1,0,1,0,11,4,80,70,90,100,100,90,60
1475,0,0,3,0,15,14,70,70,60,60,80,80,90
1476,0,0,1,1,16,2,90,70,80,70,70,80,60
1477,1,0,10,1,5,3,60,50,50,50,60,80,80
1478,0,0,1,1,26,12,90,80,90,90,70,70,60
1479,1,0,2,0,29,15,70,80,60,80,60,90,60
1480,0,0,10,0,3,3,40,80,50,70,50,90,60
1481,1,0,4,1,32,12,80,80,80,100,70,60,60
1482,0,0,5,0,24,6,80,70,90,90,80,70,90
1483,0,0,3,1,20,12,90,70,60,90,100,80,70
1484,0,1,5,1,1,3,60,60,60,80,60,80,90
1485,1,0,9,0,0,3,40,80,80,60,60,50,80
1486,1,0,8,1,5,3,40,90,90,90,90,60,80
1487,0,0,2,0,5,3,60,90,60,70,50,70,90
1488,1,0,6,0,1,3,90,90,60,50,80,60,80
1489,0,0,1,1,27,12,90,90,80,60,60,90,70
1490,1,1,1,0,29,9,90,80,90,80,90,80,60
1491,0,1,9,0,4,3,80,50,70,80,60,70,80
1492,0,1,8,1,4,3,90,90,80,90,60,80,70
1493,1,0,3,0,21,6,100,80,80,100,90,60,80
1494,0,0,3,0,31,13,90,60,90,70,60,90,100
1495,0,0,3,0,15,2,80,70,90,80,80,80,80
1496,1,0,0,0,30,9,80,80,80,60,90,80,90
1497,1,0,1,0,31,12,90,60,90,70,80,60,80
1498,1,0,7,0,23,16,70,90,80,60,60,90,90
1499,1,0,1,0,23,5,60,70,70,90,70,70,70
1500,0,1,0,0,27,12,90,90,70,70,80,60,60
1501,0,0,3,1,5,10,70,90,100,80,70,80,80
1502,0,1,10,0,4,3,40,70,50,60,90,50,80
1503,0,0,9,0,21,2,100,70,70,70,70,90,60
1504,1,0,5,0,26,2,90,60,70,90,70,70,80
1505,0,0,2,0,13,14,60,90,60,90,60,90,80
1506,0,0,7,0,10,15,70,70,90,80,80,90,90
1507,0,0,4,0,25,12,90,90,60,70,70,90,70
1508,0,0,4,0,13,15,80,90,60,100,90,90,70
1509,1,0,2,0,29,4,80,80,90,90,90,70,60
1510,0,0,4,0,1,10,80,100,80,60,70,60,70
1511,0,1,2,0,11,13,80,60,80,70,90,70,80
1512,0,0,1,0,26,9,90,100,80,60,100,90,90
1513,0,0,0,0,12,14,90,70,70,90,90,70,60
1514,1,1,0,0,32,12,90,70,70,90,80,90,80
1515,0,0,5,0,28,0,70,90,60,90,50,70,80
1516,0,0,1,0,34,15,60,90,90,80,90,90,80
1517,0,0,6,0,17,12,90,60,70,60,90,60,80
1518,0,0,2,0,31,12,90,70,80,70,70,60,90
1519,1,0,2,1,25,0,90,70,90,60,70,80,70
1520,0,0,7,0,14,12,90,70,90,80,80,90,80
1521,0,0,2,0,2,7,80,60,90,80,70,70,60
1522,1,1,10,0,5,3,60,60,80,90,70,90,60
1523,0,0,2,0,2,1,90,80,80,90,90,80,80
1524,1,0,3,0,33,11,70,60,90,80,80,60,60
1525,1,0,6,0,33,15,70,60,60,70,60,80,70
1526,0,0,1,0,5,1,60,80,70,70,90,70,90
1527,1,1,3,0,23,12,90,60,70,70,80,80,70
1528,0,0,10,0,2,3,70,70,50,90,50,90,90
1529,0,0,3,0,23,2,80,60,60,90,90,70,70
1530,0,0,6,0,3,3,50,60,50,90,70,50,80
1531,1,0,0,0,48,6,90,80,90,90,80,90,90
1532,1,0,3,0,32,2,70,80,60,60,70,80,60
1533,1,1,4,1,3,3,70,60,50,90,80,80,70
1534,1,0,1,0,24,15,60,70,90,90,60,60,80
1535,0,0,4,0,21,12,80,70,80,60,70,90,80
1536,1,0,10,0,0,3,90,80,60,50,60,90,80
1537,0,0,0,0,25,9,80,80,60,70,70,90,70
1538,0,0,3,0,10,8,90,60,60,70,80,60,70
1539,1,0,1,0,4,7,90,60,90,60,60,60,60
1540,0,0,2,0,7,15,60,70,70,70,80,60,70
1541,1,1,8,0,0,3,50,80,100,80,60,60,70
1542,0,0,4,0,2,15,70,60,70,70,60,70,60
1543,1,0,0,1,16,4,90,80,80,90,80,80,90
1544,1,0,4,0,12,13,100,60,100,60,90,70,70
1545,1,1,9,0,4,3,70,50,60,90,70,70,60
1546,1,0,3,1,23,12,80,70,80,70,60,60,80
1547,0,0,6,0,15,0,80,90,60,70,50,70,90
1548,1,0,2,0,31,13,90,80,90,90,70,60,70
1549,1,1,8,0,3,3,50,80,50,70,80,90,80
1550,0,0,4,0,2,15,60,90,60,90,90,90,60
1551,0,0,5,0,35,2,80,80,90,90,90,80,90
1552,1,0,5,0,27,5,90,90,70,70,80,80,80
1553,0,0,5,0,32,12,90,80,60,80,80,90,70
1554,0,1,4,0,24,12,90,90,90,60,70,80,90
1555,1,0,3,1,29,12,90,70,60,60,70,80,80
1556,1,0,10,1,4,3,80,50,80,50,70,60,80
1557,1,0,4,0,17,12,90,90,90,90,70,70,90
1558,1,1,3,0,18,2,90,90,70,60,90,80,80
1559,1,0,5,0,15,8,60,90,80,70,90,70,90
1560,1,0,1,0,32,16,60,80,70,70,70,90,60
1561,0,0,7,0,3,7,90,90,90,70,70,60,90
1562,0,0,5,0,31,5,90,60,80,90,90,90,70
1563,1,0,5,1,3,3,50,60,80,90,80,50,80
1564,1,0,7,0,25,12,80,60,80,70,70,80,70
1565,1,1,1,1,0,10,60,70,100,60,70,60,60
1566,1,1,1,0,29,13,90,90,60,80,90,70,60
1567,0,0,1,0,17,2,80,100,70,80,70,90,80
1568,0,1,4,0,0,3,40,50,50,80,80,50,70
1569,1,0,5,0,25,16,70,90,70,70,80,90,100
1570,1,0,2,0,23,12,90,90,70,60,70,90,80
1571,0,1,5,0,4,3,80,60,50,70,70,50,60
1572,1,0,7,1,11,4,90,90,90,60,60,70,90
1573,0,0,7,0,12,15,80,80,60,60,60,70,60
1574,0,1,2,0,48,6,90,90,90,90,90,90,80
1575,1,0,4,1,0,3,40,90,50,60,90,90,80
1576,1,0,7,1,12,2,90,60,90,60,80,80,70
1577,0,0,1,1,31,2,70,90,60,60,70,70,70
1578,0,1,9,0,19,0,80,90,90,70,80,60,90
1579,0,0,0,0,17,12,80,90,60,80,70,80,70
1580,1,0,6,1,24,15,70,70,80,90,90,90,70
1581,0,0,2,0,11,14,60,70,90,60,90,90,80
1582,1,1,6,0,2,3,80,90,70,80,70,50,60
1583,0,1,2,1,32,6,90,90,90,90,90,80,60
1584,1,0,7,0,5,7,80,60,80,90,60,70,70
1585,1,0,5,1,23,6,80,90,80,80,80,80,60
1586,0,0,8,0,14,2,70,70,80,90,80,70,60
1587,1,1,6,0,1,3,70,90,70,80,60,50,70
1588,1,0,4,0,32,11,90,80,90,90,80,70,70
1589,1,0,1,0,34,11,80,70,100,80,80,60,90
1590,0,0,2,1,13,15,70,80,70,90,80,80,90
1591,1,0,1,0,24,9,80,90,80,100,90,90,70
1592,0,0,5,0,32,9,80,90,80,80,90,80,90
1593,1,0,2,0,21,2,100,70,90,80,80,90,80
1594,0,1,6,0,0,3,80,50,50,70,60,80,60
1595,0,0,6,0,34,0,80,70,90,80,90,60,90
1596,1,0,2,0,14,5,90,90,60,60,80,70,70
1597,1,0,3,0,25,12,90,70,60,70,70,90,80
1598,0,0,3,0,5,7,80,60,90,90,90,70,80
1599,0,1,10,0,3,3,80,50,80,80,100,80,90
1600,0,0,7,0,20,5,80,60,80,60,70,60,70
1601,1,0,1,1,26,5,80,90,70,60,80,90,90
1602,0,0,9,0,2,3,100,70,70,80,80,90,60
1603,0,0,3,1,1,10,100,80,80,80,90,90,80
1604,1,0,10,0,1,3,80,90,70,50,80,50,90
1605,0,0,10,0,25,2,90,90,70,80,90,70,60
1606,0,0,5,0,35,9,80,80,100,80,90,80,80
1607,0,1,3,0,2,3,50,70,60,90,80,90,80
1608,0,0,7,0,5,3,70,60,50,50,70,60,90
1609,0,0,3,0,24,12,90,60,80,80,100,90,100
1610,0,0,0,0,5,1,70,100,70,70,70,60,60
1611,0,0,6,0,3,7,90,60,80,60,80,70,70
1612,1,0,6,0,5,7,80,80,90,60,80,60,90
1613,0,0,1,0,33,9,100,80,80,60,90,80,100
1614,1,0,2,0,15,15,100,60,80,60,80,90,70
1615,0,1,5,0,32,2,90,60,70,90,70,70,60
1616,1,0,0,1,14,2,80,90,80,70,60,70,60
1617,1,0,3,0,47,6,90,80,90,90,90,90,80
1618,0,0,4,0,6,15,60,80,80,90,70,80,70
1619,1,0,5,1,3,10,60,90,70,60,90,90,80
1620,1,0,1,1,42,6,90,90,90,80,90,90,100
1621,1,0,1,0,22,4,90,90,80,60,80,90,80
1622,0,0,7,0,1,3,80,90,70,90,80,70,80
1623,0,0,1,1,21,2,70,90,60,60,60,90,90
1624,1,0,4,0,50,6,90,80,80,90,80,90,90
1625,1,1,7,0,29,0,90,60,80,80,30,70,80
1626,0,0,4,0,31,9,70,90,70,70,80,80,90
1627,0,0,6,0,5,10,60,60,70,100,90,60,60
1628,1,0,1,1,25,9,70,80,90,80,90,80,60
1629,0,0,2,0,22,13,90,90,80,80,90,90,70
1630,0,0,8,1,1,3,70,90,50,50,90,90,70
1631,0,0,5,0,26,6,90,90,90,80,90,60,60
1632,1,0,9,0,3,3,90,80,60,90,70,90,60
1633,1,1,7,0,12,15,60,90,60,90,100,70,60
1634,1,0,1,0,1,3,50,60,80,60,50,80,60
1635,0,0,4,1,18,15,90,70,60,80,90,60,70
1636,1,0,3,0,27,0,90,60,70,90,80,80,90
1637,0,0,5,0,24,12,90,70,80,60,70,90,60
1638,0,0,1,1,19,15,70,90,60,80,90,60,90
1639,1,0,2,0,47,6,90,90,90,80,90,90,100
1640,1,0,1,0,11,15,60,70,80,60,70,80,90
1641,0,0,2,0,29,12,80,90,70,90,90,80,80
1642,1,0,2,1,14,12,80,90,90,60,60,90,80
1643,0,0,5,0,4,1,80,60,80,90,70,90,80
1644,0,0,4,0,15,12,90,70,80,90,60,90,60
1645,0,0,5,0,32,12,80,90,80,90,60,70,80
1646,1,0,7,0,33,13,80,80,90,80,80,90,80
1647,0,0,4,1,29,12,80,80,90,90,90,60,90
1648,1,0,2,0,31,9,90,80,90,100,80,90,60
1649,0,0,5,0,29,9,90,80,70,90,80,80,80
1650,0,1,5,0,0,3,80,60,60,90,70,90,90
1651,0,1,6,0,1,3,90,60,70,70,80,70,90
1652,0,0,3,0,42,6,90,100,80,90,90,90,80
1653,0,1,9,1,2,3,90,60,100,90,90,60,80
1654,1,0,3,0,1,10,50,80,70,100,80,80,90
1655,1,0,1,0,11,8,80,80,60,70,60,80,80
1656,0,1,4,0,18,12,80,60,60,70,80,60,70
1657,0,0,2,1,35,12,90,90,90,90,80,90,90
1658,1,0,1,0,1,7,80,60,100,70,70,80,80
1659,1,1,0,0,12,15,70,70,90,60,90,80,70
1660,0,0,2,0,21,2,70,60,60,80,70,70,80
1661,1,0,2,1,18,4,80,60,80,80,70,70,70
1662,1,1,6,0,5,3,40,50,60,60,70,50,60
1663,0,0,5,0,2,3,40,70,80,50,50,70,90
1664,1,0,5,1,27,9,80,90,60,80,70,90,80
1665,0,1,6,0,18,2,70,90,70,60,100,70,80
1666,1,0,2,0,28,12,90,90,70,90,60,80,60
1667,1,0,5,0,1,3,60,80,70,60,50,60,80
1668,1,0,7,0,42,6,90,90,90,90,90,80,90
1669,0,0,8,0,21,0,70,80,90,60,80,70,60
1670,1,0,4,0,31,12,90,90,60,90,80,70,80
1671,0,0,8,0,34,9,80,90,90,60,90,90,90
1672,1,0,1,1,5,10,90,80,90,70,100,80,80
1673,1,0,3,0,46,6,90,80,80,90,80,90,80
1674,0,0,3,0,9,8,80,80,90,80,80,70,90
1675,1,0,5,0,26,9,70,80,60,80,70,90,90
1676,0,0,3,0,31,12,90,90,70,60,80,70,100
1677,1,0,4,0,27,16,80,70,70,60,90,90,70
1678,1,1,7,0,28,12,80,70,90,60,60,70,70
1679,0,0,3,1,5,8,60,80,90,80,80,70,80
1680,0,0,2,0,4,3,70,70,50,60,60,60,60
1681,1,0,1,0,33,6,80,90,90,90,90,80,90
1682,1,0,3,0,16,2,70,100,70,80,60,90,70
1683,0,0,1,0,15,14,80,70,60,60,70,80,90
1684,1,0,7,0,10,8,70,60,80,90,80,90,70
1685,0,0,0,1,18,15,60,90,80,80,80,60,70
1686,1,0,1,0,12,13,90,80,60,70,90,70,80
1687,0,0,3,0,25,2,90,70,100,60,80,90,60
1688,0,0,3,0,23,2,90,80,90,80,70,90,70
1689,0,0,6,0,8,10,80,60,90,60,80,80,70
1690,1,0,4,0,32,0,80,100,60,90,40,70,80
1691,0,1,10,0,0,3,50,80,50,70,50,60,80
1692,1,0,8,0,0,3,70,70,60,50,70,70,60
1693,1,0,1,0,6,13,80,70,60,80,60,60,70
1694,1,0,6,0,5,1,80,90,80,80,60,80,60
1695,1,0,0,0,16,12,90,70,80,60,70,90,60
1696,1,0,5,1,4,10,80,70,60,80,80,90,80
1697,0,1,8,0,2,3,90,60,100,80,90,80,90
1698,1,0,2,0,35,15,90,90,90,80,90,90,90
1699,0,0,2,1,34,9,90,80,70,60,90,90,70
1700,0,0,1,0,7,5,80,80,70,90,70,80,80
1701,1,0,0,0,14,4,90,90,90,60,90,60,60
1702,0,0,1,0,24,6,100,70,80,80,80,80,70
1703,0,0,4,0,25,12,80,60,70,80,60,80,70
1704,1,0,8,0,3,3,40,80,70,60,80,90,80
1705,0,1,7,1,0,3,60,50,70,80,50,70,80
1706,0,0,2,0,33,15,70,80,90,60,80,80,70
1707,1,0,3,0,12,15,80,80,70,90,60,80,70
1708,0,0,3,1,1,1,90,90,80,80,90,70,70
1709,1,0,5,1,19,13,80,60,60,80,70,90,70
1710,1,0,2,0,2,5,80,70,60,90,80,70,90
1711,1,0,4,0,3,7,80,60,90,80,90,60,80
1712,0,0,10,1,1,3,40,50,90,60,60,80,90
1713,1,0,1,0,48,6,90,90,80,90,90,90,90
1714,1,0,2,0,32,9,90,90,90,60,60,80,100
1715,0,0,6,0,1,15,70,60,100,80,60,90,70
1716,0,0,1,0,22,6,90,90,80,90,80,70,90
1717,1,0,5,0,16,2,90,70,60,60,60,70,70
1718,1,1,6,0,15,4,90,70,90,70,80,70,60
1719,1,0,3,1,26,12,80,60,70,90,80,80,70
1720,1,0,5,0,46,6,100,90,90,80,80,90,100
1721,1,1,4,0,31,11,70,80,80,90,80,70,80
1722,0,0,10,0,4,3,90,90,60,70,60,80,80
1723,0,0,9,0,5,3,50,80,60,90,90,60,80
1724,1,0,6,0,21,0,70,70,70,90,80,80,70
1725,0,0,2,0,26,5,80,80,70,80,90,90,90
1726,0,0,1,0,3,1,90,80,60,80,70,70,70
1727,0,0,1,1,11,2,90,90,70,70,80,70,90
1728,1,0,6,0,5,3,60,60,70,50,90,60,80
1729,0,0,8,1,19,12,90,80,70,60,60,60,70
1730,0,1,7,0,3,3,70,50,80,80,70,60,70
1731,1,1,5,0,15,12,80,70,60,90,90,80,60
1732,1,0,4,0,32,9,80,80,70,70,100,90,60
1733,1,1,5,0,4,3,70,50,90,70,70,80,90
1734,1,0,1,0,31,11,80,60,90,90,80,60,80
1735,1,0,2,0,19,12,90,60,90,70,70,80,80
1736,0,0,1,0,16,12,80,90,80,70,70,70,70
1737,1,0,1,0,29,9,70,80,70,60,90,90,90
1738,1,0,3,0,26,9,70,90,90,90,80,80,80
1739,1,1,4,0,27,9,70,80,90,80,80,90,80
1740,1,0,3,0,35,12,80,90,80,100,80,90,80
1741,0,0,5,0,26,15,60,100,90,60,90,60,90
1742,0,1,2,0,28,6,80,70,90,90,80,70,60
1743,1,1,1,0,32,2,90,60,90,90,80,80,60
1744,1,0,0,0,33,0,80,60,80,80,80,80,80
1745,0,0,2,1,18,13,80,60,80,90,90,60,60
1746,1,0,1,0,18,12,90,60,80,90,70,80,90
1747,0,0,1,1,9,15,60,80,90,90,60,90,90
1748,1,1,5,0,25,13,80,80,80,90,90,60,90
1749,0,0,1,1,18,14,80,90,80,70,80,90,100
1750,0,0,4,0,3,15,70,60,60,70,90,80,70
1751,0,0,4,1,34,9,80,90,90,90,80,90,80
1752,0,0,7,0,4,3,50,50,70,50,90,50,70
1753,1,0,3,0,14,8,60,90,80,90,70,70,80
1754,1,1,5,0,8,10,90,70,80,60,80,60,60
1755,0,0,3,0,35,11,90,90,80,90,90,80,90
1756,1,0,3,0,2,1,70,100,90,70,60,60,70
1757,0,0,2,0,27,9,70,100,90,80,60,80,70
1758,1,0,5,0,20,0,70,60,70,60,50,90,90
1759,1,0,4,0,21,12,90,90,90,60,70,60,80
1760,0,0,5,0,6,8,80,70,70,90,70,90,60
1761,0,0,3,0,18,2,80,90,70,70,70,90,90
1762,0,0,2,0,7,10,90,60,80,90,60,80,60
1763,0,0,2,0,24,12,80,60,70,80,90,70,60
1764,1,0,5,0,21,0,70,70,90,60,80,70,70
1765,1,0,10,0,2,3,70,50,50,60,50,80,80
1766,0,1,0,0,34,9,90,80,80,90,100,80,70
1767,0,0,7,1,0,3,70,90,80,80,70,50,60
1768,1,0,4,0,17,12,80,70,90,90,70,60,60
1769,0,0,5,0,10,2,80,70,80,90,60,90,80
1770,0,0,4,1,35,9,90,80,80,80,90,90,90
1771,1,0,3,0,27,12,80,60,90,70,60,70,70
1772,1,0,2,1,30,11,80,80,90,100,80,60,80
1773,1,0,2,0,35,9,90,80,90,90,100,80,80
1774,0,1,5,0,5,7,90,80,90,60,80,60,60
1775,0,0,6,1,10,8,70,80,70,90,70,70,80
1776,0,1,8,0,1,3,50,90,90,80,60,60,90
1777,1,1,10,0,0,3,70,50,90,90,50,50,90
1778,1,1,3,0,30,9,90,80,90,70,60,90,60
1779,1,0,4,0,3,3,80,100,50,50,90,60,80
1780,1,0,3,1,18,4,90,60,80,60,80,80,80
1781,0,1,8,1,0,3,90,70,70,80,90,90,70
1782,1,1,5,0,15,12,90,90,70,90,90,70,70
1783,0,1,3,0,43,6,80,90,80,80,90,80,80
1784,1,0,5,0,16,5,90,60,90,70,90,80,80
1785,0,0,3,0,23,0,90,70,100,70,30,80,60
1786,1,0,2,0,2,7,80,70,90,60,60,60,70
1787,0,0,1,0,34,9,90,80,90,80,60,90,70
1788,1,1,2,0,34,12,90,90,60,80,80,80,90
1789,1,0,3,0,18,12,100,90,90,60,70,70,80
1790,0,0,5,1,21,15,70,80,80,80,60,80,90
1791,1,1,3,1,3,3,80,90,90,90,90,80,90
1792,0,0,4,0,31,6,90,80,80,90,80,90,80
1793,0,0,5,1,17,12,90,70,70,70,90,80,70
1794,0,0,0,0,10,2,80,90,70,80,70,90,60
1795,0,0,1,0,5,5,70,80,60,60,80,70,70
1796,1,0,4,0,8,13,80,60,70,60,70,60,80
1797,1,0,4,0,3,3,50,80,60,70,70,90,90
1798,0,0,3,0,30,6,90,90,80,80,90,90,90
1799,0,0,2,0,20,0,90,70,90,90,80,90,80
1800,0,1,5,0,25,12,80,80,60,70,70,80,60
1801,1,0,4,1,23,4,90,80,80,80,60,60,60
1802,1,0,7,0,3,7,90,60,80,80,90,90,60
1803,1,1,1,0,24,12,80,80,70,90,90,60,60
1804,1,0,1,0,37,6,90,80,90,80,100,80,90
1805,1,0,2,0,28,15,100,80,70,90,70,70,80
1806,0,0,2,0,5,3,70,70,60,90,70,60,90
1807,0,0,3,0,6,10,70,60,70,60,70,90,80
1808,0,0,7,0,40,6,80,90,80,80,90,80,90
1809,1,0,3,1,35,15,80,80,90,90,80,90,80
1810,1,0,4,1,34,6,90,70,90,90,80,70,70
1811,1,0,2,0,24,12,90,70,100,70,90,60,80
1812,0,0,6,0,35,11,90,90,90,90,90,90,80
1813,0,1,6,0,0,3,80,80,90,80,90,80,60
1814,1,0,1,0,35,6,90,80,90,80,90,80,90
1815,1,0,5,1,18,15,90,90,60,80,100,60,60
1816,0,1,1,1,1,3,50,50,50,100,70,60,70
1817,1,0,2,0,16,4,80,80,80,60,90,80,80
1818,1,0,5,0,28,12,100,70,70,70,60,90,80
1819,1,0,3,0,14,8,90,90,70,70,80,80,70
1820,1,0,3,0,25,6,90,70,80,80,90,60,60
1821,0,0,2,0,16,2,90,90,90,60,60,70,60
1822,1,0,4,0,28,13,70,80,80,70,60,80,90
1823,1,0,0,0,15,12,90,100,80,70,70,60,80
1824,1,0,10,0,46,6,100,90,80,90,90,80,90
1825,1,0,2,0,34,9,80,90,70,90,90,80,90
1826,1,0,2,0,27,9,90,80,70,70,90,80,80
1827,0,1,4,0,28,6,90,60,90,90,90,90,100
1828,1,0,3,0,33,11,100,60,90,90,90,70,80
1829,0,0,5,0,12,2,80,80,70,60,90,70,90
1830,1,0,0,0,27,9,70,90,90,80,80,80,90
1831,0,0,1,0,15,8,80,90,60,70,70,60,60
1832,0,0,1,1,3,10,70,60,90,60,80,60,70
1833,1,0,2,0,26,9,90,90,90,60,60,80,90
1834,0,0,1,0,35,5,90,80,80,90,90,80,90
1835,1,0,1,0,20,2,80,90,70,80,60,80,60
1836,0,0,3,0,14,16,80,70,90,80,90,90,70
1837,0,0,2,1,24,12,80,80,80,60,60,80,90
1838,1,0,2,0,8,8,80,70,80,80,60,80,70
1839,0,0,3,0,19,15,90,70,60,100,60,90,80
1840,0,0,10,1,2,3,70,90,70,90,60,50,60
1841,0,0,2,0,29,15,90,80,70,80,80,70,70
1842,1,0,1,0,14,2,70,60,90,60,90,70,90
1843,1,0,4,0,19,0,80,60,90,60,30,60,70
1844,1,0,0,0,29,13,80,90,60,90,80,90,80
1845,0,0,1,0,2,1,80,70,70,70,90,60,90
1846,0,0,6,0,25,9,80,80,60,90,80,90,80
1847,0,0,0,0,6,8,80,70,80,60,90,60,80
1848,1,0,2,1,11,2,80,80,90,90,90,90,60
1849,1,0,1,1,4,5,60,90,80,90,70,80,80
1850,1,0,2,0,33,9,80,90,70,70,80,80,70
1851,0,0,3,1,22,6,90,70,80,80,90,80,80
1852,0,0,0,0,34,6,80,80,90,80,80,90,90
1853,1,0,1,0,22,12,80,60,80,70,90,70,90
1854,0,0,10,0,5,3,60,60,80,60,90,60,80
1855,1,0,1,0,11,8,80,80,60,60,80,60,70
1856,1,0,1,0,12,8,80,80,80,80,80,70,90
1857,0,0,2,0,35,15,90,90,90,80,100,80,90
1858,0,0,0,0,6,10,90,60,90,60,70,80,90
1859,1,0,9,1,0,3,50,90,80,60,60,70,60
1860,1,0,2,1,26,9,70,80,80,60,60,90,60
1861,1,0,0,0,19,2,90,90,90,90,90,90,60
1862,0,0,0,0,3,8,90,90,70,60,80,70,70
1863,1,0,1,0,14,2,90,60,70,60,90,70,80
1864,1,0,9,0,12,16,80,70,80,80,90,90,80
1865,1,0,1,0,18,12,90,90,100,60,100,60,90
1866,1,0,5,0,4,3,80,50,90,70,60,80,80
1867,1,0,1,0,34,4,80,60,80,90,80,60,70
1868,1,0,2,0,21,15,90,80,70,80,60,70,70
1869,0,0,3,1,5,10,80,80,90,60,60,60,90
1870,1,0,1,1,16,0,80,80,60,80,70,60,60
1871,0,0,0,0,31,11,80,60,90,90,90,60,90
1872,0,1,6,0,1,3,40,80,50,80,90,60,60
1873,1,0,3,0,35,2,80,90,80,90,90,80,80
1874,1,0,1,1,41,6,80,90,90,90,80,90,90
1875,1,1,5,1,1,3,80,50,70,90,70,60,90
1876,1,0,2,0,6,10,50,90,80,80,70,80,70
1877,0,0,3,0,30,11,90,80,90,90,80,60,70
1878,0,0,3,0,32,2,80,80,60,60,70,90,60
1879,1,0,2,0,18,12,80,60,90,80,60,90,60
1880,1,0,1,0,2,3,90,90,80,50,70,70,80
1881,0,0,5,0,5,3,60,50,70,70,60,70,60
1882,0,0,2,0,32,9,90,90,90,80,90,90,60
1883,0,1,2,0,18,14,80,90,70,70,90,90,60
1884,0,0,7,0,27,9,80,80,70,70,60,90,60
1885,1,0,3,0,9,15,60,60,90,60,60,60,90
1886,0,0,2,0,15,14,80,60,80,60,90,90,80
1887,1,0,9,0,1,3,60,70,60,90,60,70,90
1888,0,0,10,0,2,3,40,50,60,70,100,60,70
1889,1,0,2,0,31,12,90,60,60,90,60,60,60
1890,0,0,3,0,2,1,60,60,70,80,70,60,80
1891,0,1,4,0,2,7,90,90,80,90,70,80,90
1892,0,1,6,0,5,3,40,50,90,70,90,70,80
1893,1,0,1,0,21,12,80,80,80,60,90,90,60
1894,0,0,6,0,12,5,80,70,80,60,70,90,80
1895,0,1,5,0,0,3,50,50,80,50,70,80,60
1896,1,0,5,0,26,0,70,90,80,90,70,60,80
1897,1,0,3,0,15,0,90,70,60,90,70,60,70
1898,0,1,1,0,14,0,100,60,80,80,60,60,90
1899,0,0,6,0,9,14,70,90,60,70,70,70,70
1900,1,0,2,0,19,15,70,60,90,70,100,90,80
1901,0,0,7,0,17,14,60,80,80,90,80,80,70
1902,0,0,3,1,9,10,70,90,70,80,80,70,60
1903,0,0,5,1,14,2,80,60,60,60,80,70,60
1904,1,0,1,1,3,7,80,70,90,70,80,80,60
1905,1,1,9,1,22,12,90,80,70,90,60,70,90
1906,0,0,3,0,10,10,80,90,80,90,70,80,80
1907,1,1,1,0,1,3,60,60,50,60,80,90,60
1908,0,0,0,0,10,15,90,70,70,60,70,70,60
1909,0,0,2,0,36,6,90,100,90,90,90,80,80
1910,0,0,3,0,34,12,90,70,80,70,90,90,60
1911,1,0,3,0,32,6,80,90,100,100,100,60,80
1912,0,0,2,0,28,12,90,80,100,60,70,90,80
1913,0,1,10,0,3,3,50,90,50,70,60,80,60
1914,1,0,2,0,32,12,90,90,80,60,70,80,90
1915,1,0,2,0,4,3,40,70,90,70,60,70,80
1916,1,0,2,0,21,0,90,100,90,90,60,80,60
1917,0,0,1,1,22,16,70,100,70,100,90,90,90
1918,0,0,4,0,28,2,70,80,90,80,90,90,80
1919,1,0,3,0,35,4,80,90,90,90,90,80,90
1920,1,0,1,0,35,9,100,80,80,90,90,90,90
1921,0,0,4,1,16,2,90,70,60,60,90,90,90
1922,1,0,1,1,20,2,80,90,70,60,90,90,90
1923,0,0,4,0,27,12,90,80,90,60,90,60,80
1924,0,0,6,0,14,2,90,90,90,90,60,90,60
1925,1,0,1,0,35,4,90,80,100,90,90,90,90
1926,1,1,6,0,2,3,60,50,70,60,70,60,70
1927,1,0,4,0,3,1,60,90,80,80,90,60,60
1928,0,0,2,0,32,9,70,90,70,70,80,90,60
1929,0,1,6,1,33,12,90,90,70,60,100,70,90
1930,0,0,2,1,24,2,90,80,90,70,60,70,60
1931,1,0,2,0,5,15,80,90,80,60,80,90,90
1932,0,0,5,0,8,14,60,100,80,90,60,70,80
1933,0,0,2,1,8,14,60,90,70,90,90,70,70
1934,1,0,0,0,21,15,60,70,70,70,70,60,90
1935,0,0,1,1,6,8,60,90,60,70,60,80,70
1936,0,1,0,0,15,12,100,90,70,70,60,60,70
1937,0,1,1,0,12,8,70,80,70,90,70,70,60
1938,0,0,6,0,1,1,90,60,70,70,90,70,80
1939,1,0,2,0,14,12,90,90,90,80,80,80,90
1940,1,0,3,0,26,0,90,80,60,70,50,60,80
1941,1,1,1,0,31,6,90,70,90,80,90,90,90
1942,0,0,4,0,5,15,60,60,90,80,90,80,70
1943,1,0,2,0,28,0,90,80,80,60,50,80,80
1944,0,0,1,1,11,15,80,60,60,60,60,80,60
1945,1,0,1,1,19,12,90,90,80,90,80,60,70
1946,1,0,3,0,17,13,80,90,90,90,60,80,90
1947,0,0,0,1,30,15,80,70,90,60,90,60,80
1948,1,0,2,0,23,12,90,70,70,90,70,80,80
1949,1,0,6,0,0,3,90,90,70,70,50,50,60
1950,0,0,0,1,19,2,80,70,70,60,60,80,90
1951,0,0,2,1,33,9,80,80,60,80,60,90,70
1952,0,1,2,1,1,7,80,70,90,70,100,90,60
1953,0,0,2,0,35,16,90,80,80,90,90,90,80
1954,1,0,1,0,3,10,90,90,60,60,80,80,60
1955,0,0,2,0,2,7,90,80,80,80,60,90,80
1956,0,0,5,1,16,12,90,90,60,70,60,80,60
1957,0,0,3,0,38,6,100,90,80,90,80,90,100
1958,0,0,2,0,3,1,60,60,80,90,90,60,70
1959,1,1,10,1,3,7,80,70,90,70,70,90,80
1960,0,1,5,0,11,14,70,100,100,80,60,80,80
1961,1,0,1,0,1,7,80,90,90,80,70,60,60
1962,0,0,4,0,4,15,80,60,60,70,80,80,60
1963,1,0,3,0,43,6,80,90,90,90,90,80,90
1964,1,0,1,0,47,6,80,90,90,90,90,80,80
1965,1,0,1,0,9,8,60,60,90,80,60,80,60
1966,0,0,6,0,2,3,60,50,70,50,50,50,60
1967,1,1,4,0,5,3,80,60,90,80,50,80,80
1968,0,0,2,0,26,15,80,80,70,60,80,60,80
1969,0,1,3,0,25,12,90,90,60,60,60,80,90
1970,1,0,5,0,9,10,70,80,70,60,60,90,80
1971,1,0,1,0,27,0,90,80,60,90,30,70,60
1972,0,0,2,1,19,2,70,80,70,80,60,80,60
1973,0,1,1,0,31,11,70,80,80,80,90,90,80
1974,0,0,4,1,26,12,90,90,80,90,70,90,90
1975,1,0,6,1,11,2,70,90,80,80,70,90,60
1976,0,1,6,0,6,5,90,70,90,60,80,70,80
1977,0,0,8,0,2,3,70,50,80,50,90,90,90
1978,0,0,10,1,5,3,50,60,80,60,90,80,70
1979,1,0,7,0,5,3,70,60,90,60,50,70,90
1980,0,0,3,0,27,9,80,80,80,80,90,90,60
1981,0,0,2,0,30,9,80,80,90,90,100,90,80
1982,1,0,5,0,21,12,90,70,60,60,70,80,70
1983,0,0,0,0,8,14,80,90,60,70,90,80,70
1984,0,0,2,0,21,2,90,70,90,70,90,70,80
1985,1,1,3,0,18,2,70,60,60,60,90,70,80
1986,1,0,4,0,3,8,70,80,80,90,80,80,80
1987,1,0,1,0,32,6,80,70,90,80,90,80,70
1988,0,0,6,0,8,5,90,90,60,70,90,60,80
1989,1,0,2,0,3,15,60,60,90,70,70,90,70
1990,1,0,2,0,17,13,70,80,90,80,70,80,90
1991,1,0,0,0,17,12,90,60,60,80,60,90,70
1992,0,0,4,0,27,9,80,90,70,70,90,90,90
1993,1,0,2,1,12,2,70,80,70,90,100,80,70
1994,1,0,3,0,46,6,90,90,90,90,80,90,90
1995,1,0,1,0,19,0,70,60,90,80,90,70,60
1996,1,0,2,0,30,4,80,70,80,70,70,80,80
1997,1,0,2,0,20,12,80,60,70,80,80,60,70
1998,0,0,5,0,14,12,90,80,60,90,60,90,70
1999,0,1,10,1,5,3,50,90,70,80,90,80,70
2000,0,0,5,0,27,0,80,90,90,60,80,90,100
