part_time_job,absence_days,extracurricular_activities,weekly_self_study_hours,biology_score,career_Accountant,career_Artist,career_Banker,career_Business Owner,career_Designer,career_Doctor,career_Game Developer,career_Government Officer,career_Lawyer,career_Real Estate Developer,career_Scientist,career_Software Engineer,career_Stock Investor,career_Teacher,career_Writer
0,2,0,47,90,0,0,0,0,0,1,0,0,0,0,0,0,0,0,0
0,9,1,13,65,0,0,0,0,0,0,0,1,0,0,0,0,0,0,0
0,5,0,3,89,0,1,0,0,0,0,0,0,0,0,0,0,0,0,0
0,2,0,26,72,0,0,0,0,0,0,0,0,0,0,0,0,0,0,0
0,3,1,18,67,0,0,0,0,0,0,0,0,0,0,0,0,0,1,0
0,2,0,7,71,0,0,0,0,0,0,0,0,0,0,0,0,0,1,0
1,7,0,4,89,0,0,0,1,0,0,0,0,0,0,0,0,0,0,0
0,3,0,39,92,0,0,0,0,0,1,0,0,0,0,0,0,0,0,0
0,3,1,30,80,0,0,0,0,0,0,0,0,0,0,1,0,0,0,0
0,2,0,27,66,0,0,0,0,0,0,0,0,0,0,0,1,0,0,0
0,9,0,2,71,0,0,0,1,0,0,0,0,0,0,0,0,0,0,0
0,4,0,35,95,0,0,0,0,0,0,0,0,0,0,0,1,0,0,0
0,5,0,22,93,0,0,0,0,0,1,0,0,0,0,0,0,0,0,0
0,0,0,14,88,0,0,0,0,0,0,0,0,0,0,0,1,0,0,0
0,4,0,30,82,0,0,0,0,1,0,0,0,0,0,0,0,0,0,0
0,1,0,24,78,0,0,1,0,0,0,0,0,0,0,0,0,0,0,0
0,3,1,31,86,0,0,0,0,0,0,0,0,0,0,0,0,0,0,0
0,1,0,21,80,0,0,0,0,0,0,0,0,0,0,0,0,0,0,0
0,4,0,31,79,0,0,0,0,0,0,0,0,0,0,0,1,0,0,0
1,6,0,3,87,0,0,0,1,0,0,0,0,0,0,0,0,0,0,0
0,4,0,3,91,0,0,0,0,0,0,1,0,0,0,0,0,0,0,0
0,5,1,27,100,0,0,0,0,0,0,0,0,1,0,0,0,0,0,0
0,4,0,32,64,0,0,0,0,0,0,0,0,0,0,0,0,0,0,0
0,2,0,24,85,0,0,0,0,0,0,0,0,1,0,0,0,0,0,0
0,3,0,32,89,0,0,1,0,0,0,0,0,0,0,0,0,0,0,0
0,6,0,31,76,0,0,0,0,0,0,0,0,0,0,0,1,0,0,0
0,3,0,21,87,0,0,0,0,0,0,0,0,0,0,0,0,0,0,0
0,2,0,1,78,0,0,0,0,0,0,1,0,0,0,0,0,0,0,0
0,5,0,33,99,0,0,0,0,0,0,0,0,1,0,0,0,0,0,0
0,1,0,34,67,0,0,1,0,0,0,0,0,0,0,0,0,0,0,0
1,6,0,2,76,0,0,0,1,0,0,0,0,0,0,0,0,0,0,0
0,1,0,15,86,0,0,0,0,1,0,0,0,0,0,0,0,0,0,0
1,3,0,22,93,0,0,0,0,0,0,0,0,0,0,0,0,0,0,1
0,2,0,20,73,0,0,0,0,0,0,0,0,0,0,0,1,0,0,0
0,7,1,27,100,0,0,0,0,0,0,0,0,0,0,0,1,0,0,0
0,3,0,24,89,0,0,0,0,0,0,0,0,0,0,0,1,0,0,0
0,1,1,5,74,0,0,0,0,0,0,0,0,0,0,0,0,0,0,0
0,7,0,34,68,0,0,0,0,0,0,0,0,0,0,0,0,0,0,0
1,3,0,3,62,0,0,0,1,0,0,0,0,0,0,0,0,0,0,0
0,1,0,15,91,0,0,0,0,0,0,0,0,0,0,0,0,1,0,0
0,7,0,11,95,0,0,0,0,0,0,0,1,0,0,0,0,0,0,0
0,2,0,9,92,0,0,0,0,0,0,0,1,0,0,0,0,0,0,0
0,3,1,14,81,0,0,0,0,0,0,0,0,0,0,0,1,0,0,0
0,5,0,3,64,0,0,0,0,0,0,0,0,0,0,0,0,0,0,0
0,2,1,34,81,0,0,0,0,0,0,0,0,0,0,0,1,0,0,0
0,3,1,2,76,0,1,0,0,0,0,0,0,0,0,0,0,0,0,0
0,0,0,5,99,0,0,0,0,0,0,1,0,0,0,0,0,0,0,0
0,2,0,4,79,0,1,0,0,0,0,0,0,0,0,0,0,0,0,0
0,2,0,25,81,0,0,0,0,0,0,0,0,0,0,0,1,0,0,0
0,7,0,2,87,0,0,0,1,0,0,0,0,0,0,0,0,0,0,0
0,2,0,0,62,0,0,0,0,0,0,0,0,0,1,0,0,0,0,0
0,3,0,16,94,1,0,0,0,0,0,0,0,0,0,0,0,0,0,0
0,1,0,4,61,0,0,0,0,0,0,0,0,0,0,0,0,0,0,0
1,9,0,2,50,0,0,0,1,0,0,0,0,0,0,0,0,0,0,0
0,1,0,22,61,0,0,1,0,0,0,0,0,0,0,0,0,0,0,0
0,6,0,1,54,0,0,0,1,0,0,0,0,0,0,0,0,0,0,0
0,1,0,19,74,0,0,0,0,0,0,0,0,0,0,0,0,0,0,0
0,6,0,5,55,0,0,0,1,0,0,0,0,0,0,0,0,0,0,0
1,0,0,13,76,0,0,0,0,0,0,0,0,0,0,0,0,0,1,0
0,3,0,47,91,0,0,0,0,0,1,0,0,0,0,0,0,0,0,0
0,2,0,9,81,0,0,0,0,0,0,0,0,0,0,0,0,0,0,0
0,4,0,7,60,0,0,0,0,0,0,0,0,0,0,0,0,0,0,0
0,4,0,26,96,0,0,0,0,0,0,0,0,0,0,0,0,0,0,0
1,5,0,25,63,0,0,0,0,0,0,0,0,0,0,0,0,1,0,0
1,4,0,16,67,0,0,1,0,0,0,0,0,0,0,0,0,0,0,0
0,4,0,27,99,0,0,0,0,0,0,0,0,0,0,0,1,0,0,0
0,2,0,6,83,0,0,0,0,1,0,0,0,0,0,0,0,0,0,0
0,1,1,11,61,0,0,1,0,0,0,0,0,0,0,0,0,0,0,0
0,4,0,23,68,0,0,0,0,0,0,0,0,0,0,0,1,0,0,0
0,1,0,29,60,0,0,0,0,0,0,0,0,1,0,0,0,0,0,0
0,0,0,3,86,0,0,0,0,0,0,1,0,0,0,0,0,0,0,0
0,4,1,22,94,0,0,0,0,0,0,0,0,0,0,0,0,0,0,0
1,5,0,4,82,0,0,0,1,0,0,0,0,0,0,0,0,0,0,0
0,3,0,3,73,0,0,0,0,0,0,0,0,0,0,0,0,0,0,0
0,5,0,18,84,0,0,0,0,0,0,0,0,0,0,0,0,0,0,0
0,1,0,33,73,0,0,0,0,0,0,0,0,0,0,0,1,0,0,0
0,0,1,17,76,0,0,0,0,0,0,0,0,0,0,0,0,0,0,0
0,1,0,15,90,0,0,0,0,0,0,0,0,0,0,0,0,0,1,0
0,2,0,5,77,0,0,0,0,0,0,1,0,0,0,0,0,0,0,0
1,7,0,5,64,0,0,0,1,0,0,0,0,0,0,0,0,0,0,0
0,5,0,22,69,0,0,0,0,0,0,0,0,0,0,0,0,0,0,0
0,1,0,34,65,0,0,0,0,0,0,0,0,1,0,0,0,0,0,0
0,4,0,25,74,0,0,0,0,0,0,0,0,0,0,0,0,1,0,0
0,5,1,31,68,1,0,0,0,0,0,0,0,0,0,0,0,0,0,0
0,3,0,26,85,0,0,1,0,0,0,0,0,0,0,0,0,0,0,0
0,5,0,35,95,0,0,0,0,0,0,0,0,0,0,0,1,0,0,0
0,3,1,28,91,0,0,0,0,0,0,0,0,0,0,0,0,0,0,0
0,1,0,33,81,0,0,0,0,0,0,0,0,0,0,0,1,0,0,0
0,3,0,2,100,0,1,0,0,0,0,0,0,0,0,0,0,0,0,0
0,5,1,9,65,0,0,0,0,0,0,0,0,0,1,0,0,0,0,0
1,2,1,0,54,0,0,0,1,0,0,0,0,0,0,0,0,0,0,0
0,5,0,30,89,0,0,0,0,0,0,0,0,0,0,1,0,0,0,0
0,7,0,1,92,0,0,0,0,0,0,1,0,0,0,0,0,0,0,0
0,2,0,2,96,0,0,0,0,0,0,1,0,0,0,0,0,0,0,0
0,2,0,30,82,0,0,0,0,0,0,0,0,0,0,1,0,0,0,0
0,3,0,24,65,0,0,0,0,0,0,0,0,0,0,0,0,1,0,0
0,2,0,14,83,0,0,0,0,0,0,0,0,0,0,0,0,0,1,0
0,1,0,24,91,0,0,0,0,0,0,0,0,0,0,0,1,0,0,0
0,3,0,34,60,0,0,0,0,0,0,0,0,1,0,0,0,0,0,0
0,3,0,16,37,1,0,0,0,0,0,0,0,0,0,0,0,0,0,0
0,1,1,21,46,1,0,0,0,0,0,0,0,0,0,0,0,0,0,0
0,1,0,1,82,0,1,0,0,0,0,0,0,0,0,0,0,0,0,0
0,2,0,22,86,0,0,1,0,0,0,0,0,0,0,0,0,0,0,0
0,1,1,14,60,0,0,0,0,0,0,0,0,0,0,0,0,0,1,0
0,1,0,22,95,0,0,0,0,0,1,0,0,0,0,0,0,0,0,0
0,3,0,17,73,0,0,1,0,0,0,0,0,0,0,0,0,0,0,0
0,4,0,33,90,0,0,1,0,0,0,0,0,0,0,0,0,0,0,0
0,5,0,29,76,0,0,1,0,0,0,0,0,0,0,0,0,0,0,0
1,1,0,27,96,0,0,0,0,0,0,0,0,0,0,0,0,0,0,0
0,3,0,22,84,0,0,0,0,0,0,0,0,0,0,0,1,0,0,0
0,7,1,3,71,0,0,0,1,0,0,0,0,0,0,0,0,0,0,0
0,7,0,3,97,0,0,0,1,0,0,0,0,0,0,0,0,0,0,0
0,7,1,17,77,0,0,0,0,0,0,0,0,0,0,0,1,0,0,0
0,3,0,17,86,0,0,0,0,0,0,0,0,0,0,0,1,0,0,0
0,1,0,7,92,0,0,0,0,0,0,0,1,0,0,0,0,0,0,0
0,1,0,20,82,0,0,0,0,0,0,0,0,0,0,0,1,0,0,0
0,6,0,16,78,0,0,1,0,0,0,0,0,0,0,0,0,0,0,0
0,2,0,32,62,0,0,0,0,0,0,0,0,0,0,0,1,0,0,0
0,3,0,3,85,0,1,0,0,0,0,0,0,0,0,0,0,0,0,0
0,1,0,28,83,0,0,0,0,1,0,0,0,0,0,0,0,0,0,0
0,0,0,21,41,1,0,0,0,0,0,0,0,0,0,0,0,0,0,0
0,7,1,35,93,0,0,0,0,0,0,0,0,0,0,0,1,0,0,0
0,7,1,14,73,1,0,0,0,0,0,0,0,0,0,0,0,0,0,0
1,7,0,1,62,0,0,0,1,0,0,0,0,0,0,0,0,0,0,0
0,9,1,0,80,0,0,0,1,0,0,0,0,0,0,0,0,0,0,0
0,3,0,35,90,0,0,0,0,0,0,0,0,0,0,0,1,0,0,0
0,3,0,31,80,0,0,0,0,0,0,0,0,1,0,0,0,0,0,0
0,3,1,15,80,0,0,1,0,0,0,0,0,0,0,0,0,0,0,0
0,1,0,30,91,0,0,0,0,0,1,0,0,0,0,0,0,0,0,0
0,7,0,17,84,0,0,1,0,0,0,0,0,0,0,0,0,0,0,0
0,2,0,23,80,0,0,0,0,0,0,0,0,0,0,0,1,0,0,0
0,7,0,4,87,0,0,0,1,0,0,0,0,0,0,0,0,0,0,0
1,7,0,1,84,0,0,0,1,0,0,0,0,0,0,0,0,0,0,0
0,1,0,11,90,0,0,0,0,1,0,0,0,0,0,0,0,0,0,0
0,7,1,15,69,0,0,0,0,0,0,0,0,0,0,0,1,0,0,0
1,4,1,4,76,0,1,0,0,0,0,0,0,0,0,0,0,0,0,0
0,2,0,28,69,0,0,0,0,0,0,0,0,0,0,0,0,1,0,0
0,7,1,30,83,0,0,0,0,0,0,0,0,1,0,0,0,0,0,0
0,8,0,1,78,0,0,0,1,0,0,0,0,0,0,0,0,0,0,0
0,6,0,16,87,0,0,0,0,0,0,0,0,0,0,0,1,0,0,0
0,2,1,18,74,0,0,0,0,0,0,0,0,0,0,0,0,0,1,0
1,1,0,4,75,0,0,0,0,0,0,1,0,0,0,0,0,0,0,0
0,8,0,32,36,1,0,0,0,0,0,0,0,0,0,0,0,0,0,0
0,2,0,12,66,0,0,1,0,0,0,0,0,0,0,0,0,0,0,0
1,6,0,5,70,0,0,0,0,1,0,0,0,0,0,0,0,0,0,0
0,2,1,15,68,0,0,0,0,0,0,0,1,0,0,0,0,0,0,0
0,3,0,31,70,1,0,0,0,0,0,0,0,0,0,0,0,0,0,0
0,1,0,2,84,0,0,0,0,0,0,0,0,0,0,0,0,0,0,0
0,3,0,22,67,1,0,0,0,0,0,0,0,0,0,0,0,0,0,0
0,1,1,12,90,0,0,0,0,0,0,0,1,0,0,0,0,0,0,0
0,3,0,34,62,0,0,1,0,0,0,0,0,0,0,0,0,0,0,0
0,0,0,9,62,0,0,0,0,0,0,0,0,0,0,0,0,0,1,0
0,5,0,43,100,0,0,0,0,0,1,0,0,0,0,0,0,0,0,0
0,2,0,1,61,0,0,0,0,0,0,0,0,0,1,0,0,0,0,0
0,2,0,19,95,0,0,0,0,0,0,0,0,0,0,0,1,0,0,0
1,4,0,2,75,0,0,0,1,0,0,0,0,0,0,0,0,0,0,0
0,4,1,31,81,0,0,0,0,0,0,0,0,0,0,1,0,0,0,0
0,4,0,11,92,0,0,0,0,0,0,0,0,0,0,0,0,0,1,0
1,0,0,22,90,0,0,0,0,0,0,0,0,0,0,0,0,0,0,0
0,3,0,2,89,0,0,0,0,0,0,1,0,0,0,0,0,0,0,0
0,4,0,34,89,0,0,0,0,0,0,0,0,0,0,0,1,0,0,0
1,5,0,25,81,0,0,0,0,0,0,0,0,0,0,0,0,0,0,0
0,1,1,26,74,0,0,0,0,0,0,0,0,1,0,0,0,0,0,0
0,1,1,4,76,0,0,0,0,0,0,0,1,0,0,0,0,0,0,0
0,1,0,25,88,0,0,0,0,0,0,0,0,0,0,0,1,0,0,0
0,1,0,13,78,0,0,0,0,1,0,0,0,0,0,0,0,0,0,0
0,3,0,8,98,0,0,0,0,0,0,0,0,0,0,0,0,0,1,0
0,5,0,15,71,0,0,0,0,0,0,0,1,0,0,0,0,0,0,0
0,1,0,18,90,0,0,0,0,0,0,0,0,0,0,0,0,0,1,0
1,3,0,24,100,0,0,1,0,0,0,0,0,0,0,0,0,0,0,0
0,3,0,15,75,0,0,0,0,0,0,0,0,0,0,0,0,0,1,0
0,1,0,5,89,0,0,0,0,0,0,1,0,0,0,0,0,0,0,0
0,6,0,5,60,0,0,0,1,0,0,0,0,0,0,0,0,0,0,0
0,2,1,26,74,0,0,0,0,0,0,0,0,1,0,0,0,0,0,0
0,2,0,14,84,0,0,0,0,0,0,0,1,0,0,0,0,0,0,0
0,2,0,32,95,0,0,0,0,0,0,0,0,0,0,0,1,0,0,0
0,3,0,13,99,0,0,0,0,0,0,0,0,0,0,0,0,0,1,0
0,7,0,33,84,0,0,1,0,0,0,0,0,0,0,0,0,0,0,0
0,3,0,15,49,1,0,0,0,0,0,0,0,0,0,0,0,0,0,0
0,2,0,30,60,0,0,0,0,0,0,0,0,0,0,0,0,0,0,0
0,7,0,2,59,0,0,0,1,0,0,0,0,0,0,0,0,0,0,0
1,7,0,0,73,0,0,0,1,0,0,0,0,0,0,0,0,0,0,0
0,2,0,4,99,0,0,0,1,0,0,0,0,0,0,0,0,0,0,0
0,5,1,21,69,0,0,0,0,0,0,0,0,0,0,0,0,0,0,0
0,2,0,29,71,0,0,0,0,0,0,0,0,0,0,0,0,0,0,1
0,7,0,14,76,0,0,0,0,0,0,0,0,0,0,0,0,0,0,0
0,2,1,32,76,0,0,0,0,0,0,0,0,0,0,0,0,1,0,0
1,1,0,22,79,0,0,0,0,0,0,0,0,0,0,0,1,0,0,0
0,0,0,42,98,0,0,0,0,0,1,0,0,0,0,0,0,0,0,0
0,1,0,1,66,0,0,0,1,0,0,0,0,0,0,0,0,0,0,0
1,3,1,17,86,0,0,0,0,0,0,0,0,0,0,0,1,0,0,0
0,6,0,31,78,0,0,0,0,0,0,0,0,0,0,0,0,0,0,1
0,1,0,24,86,0,0,0,0,0,0,0,0,1,0,0,0,0,0,0
0,7,0,2,56,0,0,0,1,0,0,0,0,0,0,0,0,0,0,0
0,2,0,4,79,0,0,0,0,0,0,0,1,0,0,0,0,0,0,0
0,1,0,20,89,0,0,1,0,0,0,0,0,0,0,0,0,0,0,0
0,3,0,17,60,0,0,1,0,0,0,0,0,0,0,0,0,0,0,0
0,5,0,25,79,0,0,0,0,0,0,0,0,0,0,0,0,0,0,0
0,6,0,21,94,0,0,0,0,0,0,0,0,0,0,0,1,0,0,0
0,3,0,27,93,0,0,0,0,0,0,0,0,0,0,0,1,0,0,0
0,5,0,14,87,0,0,0,0,0,0,0,0,0,0,0,1,0,0,0
0,3,0,16,81,0,0,1,0,0,0,0,0,0,0,0,0,0,0,0
0,4,0,30,48,1,0,0,0,0,0,0,0,0,0,0,0,0,0,0
0,2,0,35,95,0,0,0,0,0,0,0,0,0,0,0,0,0,0,1
0,1,0,14,69,0,0,0,0,0,0,0,0,0,0,0,0,0,1,0
0,1,0,3,82,0,0,0,0,1,0,0,0,0,0,0,0,0,0,0
0,0,0,14,65,0,0,1,0,0,0,0,0,0,0,0,0,0,0,0
0,1,1,0,93,0,1,0,0,0,0,0,0,0,0,0,0,0,0,0
0,1,0,34,81,0,0,0,0,0,0,0,0,1,0,0,0,0,0,0
0,7,0,7,86,0,0,0,0,0,0,0,0,0,0,0,0,1,0,0
0,5,0,28,88,0,0,0,0,0,0,0,0,0,0,0,0,1,0,0
0,1,0,0,60,0,0,0,1,0,0,0,0,0,0,0,0,0,0,0
1,2,0,1,97,0,1,0,0,0,0,0,0,0,0,0,0,0,0,0
0,7,0,9,93,0,0,0,0,0,0,0,0,0,0,0,0,0,1,0
0,3,0,32,39,1,0,0,0,0,0,0,0,0,0,0,0,0,0,0
1,9,0,4,91,0,0,0,1,0,0,0,0,0,0,0,0,0,0,0
0,1,0,21,93,0,0,0,0,0,0,0,0,0,0,0,1,0,0,0
0,3,0,29,76,0,0,0,0,0,0,0,0,1,0,0,0,0,0,0
0,3,0,13,64,0,0,0,0,0,0,0,0,0,0,0,0,0,0,0
0,2,1,32,68,0,0,1,0,0,0,0,0,0,0,0,0,0,0,0
0,1,0,1,82,0,1,0,0,0,0,0,0,0,0,0,0,0,0,0
0,2,0,32,95,0,0,0,0,1,0,0,0,0,0,0,0,0,0,0
0,1,1,4,88,0,0,0,0,0,0,0,0,0,1,0,0,0,0,0
0,3,1,32,96,0,0,0,0,0,0,0,0,1,0,0,0,0,0,0
0,1,0,33,92,0,0,0,0,0,1,0,0,0,0,0,0,0,0,0
0,0,0,29,72,0,0,0,0,0,0,0,0,0,0,0,1,0,0,0
0,7,0,7,96,0,0,0,0,0,0,0,0,0,1,0,0,0,0,0
0,6,0,4,66,0,0,0,0,0,0,0,0,0,1,0,0,0,0,0
0,3,0,29,90,0,0,0,0,0,0,0,0,1,0,0,0,0,0,0
0,3,0,5,63,0,0,0,0,0,0,0,0,0,1,0,0,0,0,0
1,7,0,2,67,0,0,0,1,0,0,0,0,0,0,0,0,0,0,0
0,4,1,0,94,0,0,0,0,0,0,0,0,0,1,0,0,0,0,0
0,6,1,1,98,0,0,0,0,0,0,0,0,0,0,0,0,0,0,0
0,3,1,26,88,1,0,0,0,0,0,0,0,0,0,0,0,0,0,0
1,5,0,2,78,0,0,0,1,0,0,0,0,0,0,0,0,0,0,0
0,3,0,21,95,0,0,0,0,0,0,0,0,0,0,0,0,0,0,0
0,5,0,0,73,0,0,0,1,0,0,0,0,0,0,0,0,0,0,0
0,5,1,10,62,0,0,0,0,0,0,0,0,0,0,0,0,0,1,0
0,5,1,24,76,0,0,1,0,0,0,0,0,0,0,0,0,0,0,0
0,5,0,26,80,0,0,0,0,0,0,0,0,0,0,0,0,1,0,0
0,3,0,24,94,1,0,0,0,0,0,0,0,0,0,0,0,0,0,0
1,8,1,0,87,0,0,0,1,0,0,0,0,0,0,0,0,0,0,0
0,4,0,32,72,0,0,0,0,0,0,0,0,0,0,0,1,0,0,0
0,8,0,15,68,0,0,0,0,0,0,0,0,0,0,0,0,0,0,0
0,6,0,15,91,0,0,0,0,0,0,0,1,0,0,0,0,0,0,0
0,3,1,4,92,0,0,0,0,0,0,1,0,0,0,0,0,0,0,0
0,0,0,29,84,0,0,0,0,0,0,0,0,1,0,0,0,0,0,0
0,2,0,13,63,0,0,0,0,0,0,0,0,0,0,0,0,0,0,0
0,3,0,49,95,0,0,0,0,0,1,0,0,0,0,0,0,0,0,0
0,2,0,44,85,0,0,0,0,0,1,0,0,0,0,0,0,0,0,0
0,1,0,14,91,0,0,0,0,0,0,0,0,0,0,0,1,0,0,0
0,4,0,1,63,0,0,0,0,0,0,0,0,0,1,0,0,0,0,0
0,2,0,11,89,0,0,0,0,0,0,0,0,0,0,0,0,0,1,0
0,3,0,2,88,0,0,0,0,0,0,0,0,0,0,0,0,0,0,0
0,9,0,3,56,0,0,0,1,0,0,0,0,0,0,0,0,0,0,0
0,5,0,28,83,0,0,1,0,0,0,0,0,0,0,0,0,0,0,0
1,8,0,3,63,0,0,0,1,0,0,0,0,0,0,0,0,0,0,0
0,3,1,1,55,0,0,0,1,0,0,0,0,0,0,0,0,0,0,0
0,7,0,37,91,0,0,0,0,0,1,0,0,0,0,0,0,0,0,0
0,3,1,28,63,0,0,0,0,0,0,0,0,0,0,0,1,0,0,0
0,3,0,30,94,0,0,0,0,0,0,0,0,0,0,1,0,0,0,0
1,4,0,26,89,0,0,0,0,0,0,0,0,0,0,0,0,0,0,0
0,0,0,17,77,0,0,0,0,0,0,0,0,0,0,0,1,0,0,0
0,6,1,16,68,0,0,0,0,0,0,0,0,0,0,0,1,0,0,0
1,8,0,2,89,0,0,0,1,0,0,0,0,0,0,0,0,0,0,0
0,0,0,17,56,1,0,0,0,0,0,0,0,0,0,0,0,0,0,0
0,9,0,3,79,0,0,0,1,0,0,0,0,0,0,0,0,0,0,0
1,3,0,47,92,0,0,0,0,0,1,0,0,0,0,0,0,0,0,0
1,0,0,3,64,0,0,0,0,0,0,1,0,0,0,0,0,0,0,0
0,4,0,15,66,0,0,0,0,0,0,0,0,0,0,0,1,0,0,0
0,1,0,3,67,0,0,0,0,0,0,0,0,0,0,0,0,1,0,0
0,9,0,4,77,0,0,0,1,0,0,0,0,0,0,0,0,0,0,0
1,6,0,2,71,0,0,0,1,0,0,0,0,0,0,0,0,0,0,0
0,2,0,34,92,0,0,0,0,0,0,0,0,0,0,0,1,0,0,0
0,7,1,1,71,0,0,0,0,0,0,1,0,0,0,0,0,0,0,0
0,1,0,5,86,0,1,0,0,0,0,0,0,0,0,0,0,0,0,0
0,1,0,47,92,0,0,0,0,0,1,0,0,0,0,0,0,0,0,0
0,3,1,16,100,0,0,0,0,0,0,0,0,0,0,0,0,1,0,0
0,5,1,32,100,0,0,0,0,0,0,0,0,0,0,1,0,0,0,0
0,2,0,31,76,0,0,1,0,0,0,0,0,0,0,0,0,0,0,0
0,3,0,16,99,0,0,0,0,0,0,0,0,0,0,0,0,0,0,0
0,6,0,21,61,0,0,1,0,0,0,0,0,0,0,0,0,0,0,0
0,6,0,48,96,0,0,0,0,0,1,0,0,0,0,0,0,0,0,0
1,3,0,28,85,0,0,0,0,0,0,0,0,0,0,0,0,0,0,0
0,4,0,31,81,0,0,0,0,0,0,0,0,1,0,0,0,0,0,0
1,9,1,4,74,0,0,0,1,0,0,0,0,0,0,0,0,0,0,0
0,3,1,23,46,1,0,0,0,0,0,0,0,0,0,0,0,0,0,0
0,1,0,23,89,0,0,0,0,0,1,0,0,0,0,0,0,0,0,0
0,1,0,7,80,0,0,0,0,0,0,0,0,0,0,0,0,0,0,0
0,0,0,5,97,0,1,0,0,0,0,0,0,0,0,0,0,0,0,0
0,2,0,4,98,0,0,0,0,0,0,0,0,0,0,0,0,0,0,0
0,2,0,26,100,0,0,0,0,0,0,0,0,0,0,0,0,0,0,0
0,4,1,33,86,0,0,0,0,0,0,0,0,1,0,0,0,0,0,0
0,4,1,34,77,0,0,0,0,0,0,0,0,1,0,0,0,0,0,0
1,4,0,16,93,1,0,0,0,0,0,0,0,0,0,0,0,0,0,0
0,0,0,4,66,0,0,0,0,0,0,0,0,0,0,0,0,1,0,0
0,3,0,21,67,0,0,0,0,0,0,0,0,0,0,0,1,0,0,0
0,7,0,4,95,0,0,0,1,0,0,0,0,0,0,0,0,0,0,0
0,3,0,24,72,0,0,0,0,0,0,0,0,0,0,0,0,0,0,1
0,6,0,1,55,0,0,0,1,0,0,0,0,0,0,0,0,0,0,0
1,5,0,17,62,0,0,0,0,0,0,0,0,0,0,0,0,0,1,0
1,2,0,5,92,0,0,0,0,0,0,0,0,0,1,0,0,0,0,0
0,3,1,31,65,0,0,1,0,0,0,0,0,0,0,0,0,0,0,0
0,2,1,4,73,0,1,0,0,0,0,0,0,0,0,0,0,0,0,0
0,1,0,11,60,0,0,0,0,0,0,0,0,0,0,0,0,0,0,1
0,0,0,5,67,0,0,0,0,0,0,1,0,0,0,0,0,0,0,0
1,6,0,1,87,0,0,0,1,0,0,0,0,0,0,0,0,0,0,0
0,2,1,30,84,0,0,0,0,0,0,0,0,0,0,0,0,1,0,0
0,2,1,6,93,0,0,0,0,0,0,0,0,0,0,0,0,0,0,0
0,7,0,26,85,0,0,0,0,0,0,0,0,1,0,0,0,0,0,0
0,0,0,23,60,0,0,0,0,0,0,0,0,0,0,0,1,0,0,0
0,4,0,30,60,0,0,1,0,0,0,0,0,0,0,0,0,0,0,0
0,4,0,34,64,0,0,1,0,0,0,0,0,0,0,0,0,0,0,0
0,1,0,26,44,1,0,0,0,0,0,0,0,0,0,0,0,0,0,0
0,1,1,18,70,0,0,0,0,0,0,0,0,0,0,0,1,0,0,0
0,4,0,39,86,0,0,0,0,0,1,0,0,0,0,0,0,0,0,0
0,7,1,29,71,0,0,1,0,0,0,0,0,0,0,0,0,0,0,0
1,5,1,31,64,0,0,1,0,0,0,0,0,0,0,0,0,0,0,0
1,4,0,13,73,0,0,1,0,0,0,0,0,0,0,0,0,0,0,0
0,4,1,12,68,0,0,1,0,0,0,0,0,0,0,0,0,0,0,0
1,3,0,28,97,0,0,0,0,0,0,0,0,1,0,0,0,0,0,0
1,8,0,35,96,1,0,0,0,0,0,0,0,0,0,0,0,0,0,0
1,6,0,0,71,0,0,0,1,0,0,0,0,0,0,0,0,0,0,0
0,3,0,16,75,0,0,0,0,0,0,0,0,0,0,0,0,0,0,0
0,2,0,26,90,0,0,0,0,0,0,0,0,1,0,0,0,0,0,0
1,2,0,14,62,0,0,0,0,0,0,0,0,0,0,0,1,0,0,0
0,6,0,3,55,0,0,0,1,0,0,0,0,0,0,0,0,0,0,0
0,1,0,24,36,1,0,0,0,0,0,0,0,0,0,0,0,0,0,0
0,2,0,20,92,0,0,0,0,0,0,0,0,0,0,0,0,0,0,0
0,0,0,35,86,1,0,0,0,0,0,0,0,0,0,0,0,0,0,0
0,0,0,29,100,0,0,0,0,0,1,0,0,0,0,0,0,0,0,0
0,1,0,14,64,0,0,0,0,0,0,0,0,0,0,0,0,0,1,0
0,2,1,16,91,0,0,0,0,0,0,0,0,0,0,0,0,0,0,1
0,4,0,2,79,0,0,0,0,0,0,0,0,0,0,0,0,0,0,0
0,0,0,29,77,0,0,0,0,0,0,0,0,0,0,0,1,0,0,0
0,0,0,15,76,0,0,0,0,0,0,0,0,0,0,0,0,0,1,0
0,7,0,30,88,0,0,0,0,0,1,0,0,0,0,0,0,0,0,0
0,3,0,17,96,0,0,0,0,0,0,0,0,0,0,0,0,0,1,0
1,2,0,10,99,0,0,0,0,0,0,0,1,0,0,0,0,0,0,0
0,2,0,22,75,0,0,0,0,0,0,0,0,0,0,0,0,0,0,1
0,2,0,11,78,0,0,0,0,0,0,0,0,0,0,0,0,0,0,0
0,3,0,35,95,0,0,0,0,0,0,0,0,0,0,0,1,0,0,0
0,9,0,5,89,0,0,0,1,0,0,0,0,0,0,0,0,0,0,0
0,2,0,3,85,0,0,0,0,1,0,0,0,0,0,0,0,0,0,0
0,1,0,1,70,0,0,0,0,0,0,0,0,0,1,0,0,0,0,0
0,1,0,32,92,0,0,0,0,0,0,0,0,0,0,0,1,0,0,0
0,9,0,26,96,0,0,0,0,0,0,0,0,1,0,0,0,0,0,0
1,7,0,34,85,0,0,0,0,0,0,0,0,1,0,0,0,0,0,0
0,7,0,15,87,0,0,0,0,1,0,0,0,0,0,0,0,0,0,0
0,0,0,34,92,0,0,0,0,0,0,0,0,0,0,0,1,0,0,0
0,6,0,27,99,0,0,0,0,0,0,0,0,0,0,0,0,1,0,0
0,1,0,5,72,0,0,0,0,0,0,1,0,0,0,0,0,0,0,0
0,2,1,31,96,0,0,0,0,0,0,0,0,0,0,1,0,0,0,0
0,6,0,0,71,0,1,0,0,0,0,0,0,0,0,0,0,0,0,0
1,7,0,1,88,0,0,0,1,0,0,0,0,0,0,0,0,0,0,0
0,1,0,6,71,0,0,0,0,1,0,0,0,0,0,0,0,0,0,0
0,1,0,1,63,0,1,0,0,0,0,0,0,0,0,0,0,0,0,0
0,2,0,13,86,0,0,1,0,0,0,0,0,0,0,0,0,0,0,0
1,8,0,3,79,0,0,0,1,0,0,0,0,0,0,0,0,0,0,0
1,2,0,29,98,0,0,0,0,1,0,0,0,0,0,0,0,0,0,0
0,0,1,11,66,0,0,0,0,0,0,0,1,0,0,0,0,0,0,0
0,1,0,13,52,1,0,0,0,0,0,0,0,0,0,0,0,0,0,0
0,5,0,33,80,0,0,0,0,0,0,0,0,0,0,0,1,0,0,0
0,7,0,31,97,0,0,0,0,0,0,0,0,0,0,1,0,0,0,0
1,7,0,3,75,0,0,0,1,0,0,0,0,0,0,0,0,0,0,0
1,5,1,1,76,0,0,0,1,0,0,0,0,0,0,0,0,0,0,0
0,0,1,8,79,0,0,0,0,0,0,0,0,0,0,0,0,0,0,0
0,2,0,18,60,1,0,0,0,0,0,0,0,0,0,0,0,0,0,0
0,6,1,4,62,0,0,0,0,0,0,1,0,0,0,0,0,0,0,0
0,1,0,10,65,0,0,0,0,0,0,0,0,0,0,0,0,0,0,0
0,2,0,32,92,0,0,1,0,0,0,0,0,0,0,0,0,0,0,0
0,1,0,32,79,0,0,0,0,0,0,0,0,1,0,0,0,0,0,0
0,8,0,2,90,0,0,0,1,0,0,0,0,0,0,0,0,0,0,0
0,3,0,27,71,0,0,0,0,0,0,0,0,0,0,0,0,0,0,0
0,5,0,10,76,0,0,0,0,0,0,0,0,0,0,0,0,0,1,0
0,5,0,40,85,0,0,0,0,0,1,0,0,0,0,0,0,0,0,0
0,0,0,8,61,0,0,0,0,0,0,0,0,0,1,0,0,0,0,0
0,2,0,22,81,0,0,0,0,0,0,0,0,0,0,0,0,0,0,0
0,3,0,21,61,0,0,0,0,0,0,0,0,0,0,0,0,0,0,0
0,3,1,35,98,0,0,1,0,0,0,0,0,0,0,0,0,0,0,0
0,4,1,14,73,0,0,0,0,0,0,0,0,0,0,0,0,0,1,0
0,1,1,29,82,0,0,0,0,0,0,0,0,0,0,0,1,0,0,0
1,3,0,20,71,1,0,0,0,0,0,0,0,0,0,0,0,0,0,0
0,3,1,24,81,0,0,0,0,0,0,0,0,0,0,0,1,0,0,0
0,3,1,27,73,0,0,0,0,0,0,0,0,0,0,0,1,0,0,0
0,3,0,31,89,0,0,0,0,0,0,0,0,0,0,0,1,0,0,0
0,4,0,27,65,0,0,0,0,0,0,0,0,1,0,0,0,0,0,0
0,2,0,35,90,0,0,0,0,0,0,0,0,0,0,1,0,0,0,0
0,9,0,10,82,0,0,1,0,0,0,0,0,0,0,0,0,0,0,0
0,7,0,15,68,1,0,0,0,0,0,0,0,0,0,0,0,0,0,0
0,1,0,20,62,0,0,0,0,0,0,0,0,0,0,0,1,0,0,0
0,1,0,27,99,0,0,1,0,0,0,0,0,0,0,0,0,0,0,0
0,1,1,2,78,0,1,0,0,0,0,0,0,0,0,0,0,0,0,0
0,5,0,9,98,0,0,0,0,1,0,0,0,0,0,0,0,0,0,0
0,5,0,12,75,0,0,0,0,1,0,0,0,0,0,0,0,0,0,0
0,3,0,0,93,0,1,0,0,0,0,0,0,0,0,0,0,0,0,0
0,2,0,3,96,0,0,0,0,0,0,0,1,0,0,0,0,0,0,0
0,4,0,20,97,0,0,0,0,0,0,0,0,0,0,0,1,0,0,0
0,1,0,9,83,0,0,0,0,0,0,0,0,0,0,0,0,0,0,0
0,5,0,32,100,0,0,0,0,0,0,0,0,0,0,0,1,0,0,0
1,1,0,2,68,0,0,0,0,0,0,1,0,0,0,0,0,0,0,0
0,6,0,19,82,0,0,1,0,0,0,0,0,0,0,0,0,0,0,0
0,4,0,22,44,1,0,0,0,0,0,0,0,0,0,0,0,0,0,0
1,4,0,5,84,0,0,0,1,0,0,0,0,0,0,0,0,0,0,0
0,3,1,5,86,0,0,0,0,0,0,0,0,0,1,0,0,0,0,0
0,2,0,8,97,0,0,0,0,0,0,0,0,0,0,0,0,0,0,0
0,0,0,34,64,0,0,0,0,0,0,0,0,0,0,0,1,0,0,0
1,7,0,1,88,0,0,0,1,0,0,0,0,0,0,0,0,0,0,0
0,1,1,28,76,0,0,0,0,0,0,0,0,1,0,0,0,0,0,0
0,1,0,26,67,0,0,0,0,0,0,0,0,0,0,0,1,0,0,0
0,3,0,30,71,0,0,0,0,0,0,0,0,0,0,0,0,0,0,0
1,7,0,2,77,0,0,0,1,0,0,0,0,0,0,0,0,0,0,0
0,5,0,42,97,0,0,0,0,0,1,0,0,0,0,0,0,0,0,0
0,6,0,24,90,1,0,0,0,0,0,0,0,0,0,0,0,0,0,0
0,1,0,0,65,0,0,0,0,0,0,0,0,0,1,0,0,0,0,0
0,3,0,4,81,0,0,0,0,0,0,0,0,0,1,0,0,0,0,0
0,3,0,25,79,0,0,0,0,0,0,0,0,0,0,0,1,0,0,0
1,1,1,1,63,0,1,0,0,0,0,0,0,0,0,0,0,0,0,0
0,7,0,11,82,0,0,0,0,0,0,0,0,0,0,0,0,0,0,0
0,3,0,15,62,0,0,0,0,0,0,0,0,0,0,0,1,0,0,0
0,1,0,13,74,0,0,1,0,0,0,0,0,0,0,0,0,0,0,0
0,2,0,8,73,0,0,0,0,0,0,0,0,0,0,0,0,0,1,0
1,4,1,0,74,0,0,0,1,0,0,0,0,0,0,0,0,0,0,0
0,5,0,14,90,0,0,0,0,1,0,0,0,0,0,0,0,0,0,0
1,4,1,3,57,0,0,0,1,0,0,0,0,0,0,0,0,0,0,0
1,7,1,0,91,0,0,0,1,0,0,0,0,0,0,0,0,0,0,0
0,6,0,4,65,0,0,0,1,0,0,0,0,0,0,0,0,0,0,0
0,7,0,1,93,0,0,0,1,0,0,0,0,0,0,0,0,0,0,0
0,3,0,27,98,0,0,0,0,0,0,0,0,0,0,0,1,0,0,0
0,4,1,12,99,0,0,1,0,0,0,0,0,0,0,0,0,0,0,0
0,9,0,15,73,0,0,0,0,0,0,0,0,0,0,0,0,0,1,0
0,3,0,26,69,0,0,0,0,0,0,0,0,0,0,0,1,0,0,0
0,1,0,31,62,0,0,0,0,0,0,0,0,1,0,0,0,0,0,0
0,8,0,16,96,0,0,0,0,0,0,0,0,0,0,0,1,0,0,0
0,1,0,24,71,0,0,0,0,0,0,0,0,0,0,0,1,0,0,0
0,2,0,2,61,0,0,0,0,0,0,0,0,0,1,0,0,0,0,0
0,3,0,9,72,0,0,0,0,0,0,0,0,0,0,0,0,0,1,0
1,7,0,0,90,0,0,0,1,0,0,0,0,0,0,0,0,0,0,0
0,6,0,4,68,0,0,0,1,0,0,0,0,0,0,0,0,0,0,0
1,4,0,23,81,0,0,0,0,0,0,0,0,0,0,0,1,0,0,0
0,1,0,5,63,0,1,0,0,0,0,0,0,0,0,0,0,0,0,0
0,5,1,15,72,0,0,0,0,0,0,0,0,0,0,0,1,0,0,0
0,3,0,2,81,0,1,0,0,0,0,0,0,0,0,0,0,0,0,0
0,6,0,14,73,0,0,0,0,0,0,0,0,0,0,0,1,0,0,0
0,5,0,0,67,0,0,0,0,0,0,0,0,0,1,0,0,0,0,0
0,1,0,10,90,0,0,0,0,0,0,0,0,0,1,0,0,0,0,0
1,5,0,2,66,0,0,0,1,0,0,0,0,0,0,0,0,0,0,0
0,7,0,28,95,0,0,0,0,0,1,0,0,0,0,0,0,0,0,0
0,0,1,29,66,0,0,0,0,0,0,0,0,1,0,0,0,0,0,0
0,0,0,35,93,0,0,0,0,0,0,0,0,0,0,0,1,0,0,0
0,1,0,12,98,0,0,1,0,0,0,0,0,0,0,0,0,0,0,0
0,4,0,25,96,0,0,0,0,0,0,0,0,0,0,0,0,0,0,0
0,2,0,24,74,0,0,1,0,0,0,0,0,0,0,0,0,0,0,0
0,4,0,16,72,1,0,0,0,0,0,0,0,0,0,0,0,0,0,0
0,1,0,35,95,0,0,0,0,0,0,0,0,0,0,0,0,0,0,1
0,0,0,5,75,0,0,0,0,0,0,0,0,0,0,0,0,0,0,0
0,2,0,26,80,0,0,0,0,0,0,0,0,0,0,0,0,0,0,0
0,2,1,6,69,0,0,0,0,0,0,0,0,0,0,0,0,0,0,0
0,2,0,29,72,0,0,0,0,0,0,0,0,0,0,0,1,0,0,0
1,9,1,4,95,0,0,0,1,0,0,0,0,0,0,0,0,0,0,0
1,2,0,0,77,0,1,0,0,0,0,0,0,0,0,0,0,0,0,0
0,1,1,20,99,0,0,0,0,0,0,0,0,0,0,0,1,0,0,0
0,2,0,35,87,0,0,0,0,0,0,0,0,0,0,1,0,0,0,0
0,3,1,24,99,0,0,0,0,0,0,0,0,0,0,0,0,0,0,0
1,6,0,0,87,0,0,0,1,0,0,0,0,0,0,0,0,0,0,0
1,3,0,29,62,0,0,0,0,0,0,0,0,0,0,0,1,0,0,0
0,5,0,23,86,0,0,0,0,0,0,0,0,0,0,0,1,0,0,0
0,0,0,1,95,0,0,0,0,0,0,1,0,0,0,0,0,0,0,0
0,1,1,14,77,0,0,0,0,0,0,0,0,0,0,0,0,0,0,0
0,2,0,4,80,0,0,0,0,0,0,1,0,0,0,0,0,0,0,0
1,6,0,3,98,0,0,0,1,0,0,0,0,0,0,0,0,0,0,0
0,9,0,3,58,0,0,0,1,0,0,0,0,0,0,0,0,0,0,0
0,3,0,33,84,0,0,0,0,0,0,0,0,0,0,1,0,0,0,0
0,2,1,10,95,0,0,0,0,0,0,0,0,0,1,0,0,0,0,0
1,2,0,29,97,0,0,0,0,0,0,0,0,0,0,0,0,0,0,0
0,0,1,29,79,0,0,1,0,0,0,0,0,0,0,0,0,0,0,0
0,3,0,18,92,0,0,0,0,0,0,0,0,0,0,0,0,0,0,0
0,3,1,5,67,0,1,0,0,0,0,0,0,0,0,0,0,0,0,0
0,4,0,27,66,1,0,0,0,0,0,0,0,0,0,0,0,0,0,0
0,4,0,32,61,0,0,1,0,0,0,0,0,0,0,0,0,0,0,0
1,7,0,5,81,0,0,0,1,0,0,0,0,0,0,0,0,0,0,0
0,7,0,7,83,0,0,0,0,0,0,0,0,0,0,0,0,0,0,0
0,3,0,22,69,0,0,1,0,0,0,0,0,0,0,0,0,0,0,0
0,7,0,18,77,1,0,0,0,0,0,0,0,0,0,0,0,0,0,0
0,6,0,4,98,0,0,0,0,0,0,0,1,0,0,0,0,0,0,0
1,7,0,32,93,0,0,0,0,0,0,0,0,0,0,0,0,0,0,1
0,2,0,34,83,0,0,0,0,0,0,0,0,0,0,1,0,0,0,0
0,5,0,28,63,0,0,0,0,0,0,0,0,1,0,0,0,0,0,0
0,2,0,28,61,0,0,1,0,0,0,0,0,0,0,0,0,0,0,0
0,6,0,28,97,0,0,0,0,0,0,0,0,1,0,0,0,0,0,0
0,4,1,44,87,0,0,0,0,0,1,0,0,0,0,0,0,0,0,0
1,0,0,13,84,0,0,0,0,0,0,0,0,0,0,0,0,0,0,0
0,3,0,16,74,1,0,0,0,0,0,0,0,0,0,0,0,0,0,0
0,1,0,18,68,0,0,1,0,0,0,0,0,0,0,0,0,0,0,0
0,1,0,28,90,0,0,0,0,0,0,0,0,0,0,0,0,0,0,0
0,5,0,29,72,0,0,0,0,0,0,0,0,1,0,0,0,0,0,0
0,8,0,30,83,0,0,0,0,0,0,0,0,1,0,0,0,0,0,0
0,1,1,32,91,0,0,0,0,0,0,0,0,0,0,0,1,0,0,0
0,0,0,19,68,0,0,0,0,0,0,0,0,0,0,0,1,0,0,0
0,2,0,18,86,0,0,0,0,0,0,0,0,0,0,0,1,0,0,0
0,5,0,23,85,0,0,0,0,0,1,0,0,0,0,0,0,0,0,0
1,8,0,1,60,0,0,0,1,0,0,0,0,0,0,0,0,0,0,0
0,4,0,13,43,1,0,0,0,0,0,0,0,0,0,0,0,0,0,0
0,1,0,1,63,0,0,0,1,0,0,0,0,0,0,0,0,0,0,0
0,5,0,27,100,0,0,0,0,0,0,0,0,0,0,0,0,0,0,0
1,7,0,4,58,0,0,0,1,0,0,0,0,0,0,0,0,0,0,0
0,9,0,4,70,0,0,0,1,0,0,0,0,0,0,0,0,0,0,0
0,3,0,6,74,0,0,0,0,0,0,0,0,0,0,0,0,0,0,0
1,5,0,4,90,0,0,0,1,0,0,0,0,0,0,0,0,0,0,0
0,4,0,22,69,0,0,0,0,0,0,0,0,0,0,0,1,0,0,0
0,3,1,25,61,0,0,1,0,0,0,0,0,0,0,0,0,0,0,0
0,3,0,19,82,1,0,0,0,0,0,0,0,0,0,0,0,0,0,0
0,0,0,19,62,0,0,0,0,0,0,0,0,0,0,0,1,0,0,0
0,5,0,1,62,0,0,0,0,0,0,1,0,0,0,0,0,0,0,0
0,1,0,31,82,0,0,0,0,0,0,0,0,0,0,1,0,0,0,0
0,6,1,32,61,0,0,0,0,0,0,0,0,1,0,0,0,0,0,0
0,5,0,33,75,0,0,0,0,0,0,0,0,0,0,0,1,0,0,0
0,0,0,11,68,0,0,0,0,0,0,0,0,0,0,0,0,0,1,0
0,0,0,33,71,1,0,0,0,0,0,0,0,0,0,0,0,0,0,0
0,3,0,10,96,0,0,0,0,0,0,0,0,0,0,0,0,0,1,0
0,3,0,38,88,0,0,0,0,0,1,0,0,0,0,0,0,0,0,0
0,3,1,35,91,0,0,0,0,0,0,0,0,0,0,0,0,0,0,0
0,6,0,5,82,0,0,0,0,0,0,0,0,0,0,0,0,0,0,0
1,1,1,15,64,0,0,1,0,0,0,0,0,0,0,0,0,0,0,0
0,3,0,28,100,0,0,0,0,0,1,0,0,0,0,0,0,0,0,0
0,1,0,5,94,0,0,0,0,0,0,0,0,0,1,0,0,0,0,0
0,8,1,28,71,0,0,1,0,0,0,0,0,0,0,0,0,0,0,0
0,2,0,29,60,0,0,0,0,0,0,0,0,0,0,0,0,0,0,0
0,3,1,14,83,1,0,0,0,0,0,0,0,0,0,0,0,0,0,0
0,4,0,14,84,0,0,0,0,0,0,0,0,0,0,0,0,0,1,0
0,4,1,11,83,0,0,0,0,1,0,0,0,0,0,0,0,0,0,0
0,3,0,28,62,0,0,0,0,0,0,0,0,1,0,0,0,0,0,0
0,1,0,31,80,0,0,0,0,0,0,0,0,0,0,0,0,0,0,1
1,6,0,2,84,0,0,0,1,0,0,0,0,0,0,0,0,0,0,0
0,0,0,32,53,1,0,0,0,0,0,0,0,0,0,0,0,0,0,0
0,3,0,3,98,0,0,0,0,0,0,0,0,0,1,0,0,0,0,0
1,1,0,33,96,1,0,0,0,0,0,0,0,0,0,0,0,0,0,0
0,3,0,4,58,0,0,0,1,0,0,0,0,0,0,0,0,0,0,0
1,4,0,0,87,0,0,0,1,0,0,0,0,0,0,0,0,0,0,0
0,2,0,10,98,0,0,0,0,0,0,0,0,0,0,0,0,1,0,0
0,8,0,11,81,0,0,1,0,0,0,0,0,0,0,0,0,0,0,0
0,2,1,29,97,0,0,0,0,0,0,0,0,0,0,0,1,0,0,0
0,1,0,25,89,0,0,0,0,0,0,0,0,0,0,0,1,0,0,0
0,0,0,15,100,0,0,0,0,0,0,0,0,0,0,0,0,0,1,0
1,3,1,0,97,0,1,0,0,0,0,0,0,0,0,0,0,0,0,0
1,5,0,4,70,0,0,0,1,0,0,0,0,0,0,0,0,0,0,0
0,5,0,34,49,1,0,0,0,0,0,0,0,0,0,0,0,0,0,0
0,7,0,8,95,0,0,0,0,0,0,0,1,0,0,0,0,0,0,0
0,1,1,3,61,0,0,0,0,0,0,0,0,0,0,0,0,0,0,0
1,9,0,4,63,0,0,0,1,0,0,0,0,0,0,0,0,0,0,0
0,1,0,2,99,0,1,0,0,0,0,0,0,0,0,0,0,0,0,0
0,4,0,4,86,0,1,0,0,0,0,0,0,0,0,0,0,0,0,0
0,7,0,49,95,0,0,0,0,0,1,0,0,0,0,0,0,0,0,0
0,3,0,12,79,0,0,0,0,0,0,0,0,0,0,0,0,0,1,0
0,6,0,9,78,0,0,0,0,0,0,0,1,0,0,0,0,0,0,0
0,3,0,38,88,0,0,0,0,0,1,0,0,0,0,0,0,0,0,0
0,4,0,7,74,0,0,0,0,0,0,0,0,0,0,0,0,1,0,0
0,3,1,30,60,0,0,0,0,0,0,0,0,0,0,0,1,0,0,0
0,3,1,11,74,0,0,0,0,0,0,0,0,0,0,0,0,0,0,0
0,7,0,4,91,0,0,0,1,0,0,0,0,0,0,0,0,0,0,0
0,9,1,6,84,0,0,0,0,0,0,0,0,0,1,0,0,0,0,0
0,1,0,1,100,0,0,0,0,0,0,0,0,0,1,0,0,0,0,0
0,7,0,21,92,0,0,0,0,0,0,0,0,0,0,0,0,1,0,0
0,3,0,35,86,0,0,0,0,0,1,0,0,0,0,0,0,0,0,0
0,0,0,33,100,0,0,0,0,0,0,0,0,1,0,0,0,0,0,0
0,6,0,4,65,0,0,0,0,0,0,0,0,0,1,0,0,0,0,0
0,5,0,7,66,0,0,0,0,0,0,0,1,0,0,0,0,0,0,0
0,2,0,34,74,0,0,0,0,0,0,0,0,0,0,0,0,1,0,0
1,2,0,17,83,0,0,0,0,0,0,0,0,0,0,0,1,0,0,0
0,2,1,9,79,0,0,0,0,0,0,0,0,0,1,0,0,0,0,0
0,2,0,3,69,0,0,0,0,0,0,0,0,0,1,0,0,0,0,0
0,5,0,28,74,0,0,1,0,0,0,0,0,0,0,0,0,0,0,0
0,5,0,28,98,0,0,0,0,0,0,0,0,0,0,0,0,1,0,0
0,2,0,26,88,0,0,0,0,0,1,0,0,0,0,0,0,0,0,0
0,3,0,15,81,0,0,0,0,0,0,0,0,0,0,0,0,0,1,0
0,3,0,33,76,0,0,0,0,0,0,0,0,0,0,0,0,0,0,0
0,3,1,31,65,0,0,0,0,0,0,0,0,0,0,0,0,0,0,1
0,1,0,26,70,0,0,0,0,0,0,0,0,0,0,0,0,0,0,0
0,9,0,3,85,0,0,0,1,0,0,0,0,0,0,0,0,0,0,0
1,3,0,24,89,0,0,0,0,0,1,0,0,0,0,0,0,0,0,0
0,1,1,28,62,0,0,1,0,0,0,0,0,0,0,0,0,0,0,0
1,9,1,5,67,0,0,0,1,0,0,0,0,0,0,0,0,0,0,0
0,2,0,12,94,0,0,0,0,0,0,0,0,0,0,0,0,0,1,0
0,4,0,26,88,0,0,0,0,0,0,0,0,1,0,0,0,0,0,0
0,4,0,18,45,1,0,0,0,0,0,0,0,0,0,0,0,0,0,0
0,1,0,17,70,0,0,0,0,0,0,0,0,0,0,0,0,0,1,0
0,2,1,23,64,0,0,0,0,0,0,0,0,0,0,0,1,0,0,0
0,0,0,13,76,0,0,0,0,1,0,0,0,0,0,0,0,0,0,0
0,3,0,35,86,0,0,0,0,0,0,0,0,0,0,0,0,0,0,0
0,5,0,35,99,0,0,0,0,1,0,0,0,0,0,0,0,0,0,0
0,1,0,22,96,0,0,0,0,0,1,0,0,0,0,0,0,0,0,0
0,1,0,16,71,0,0,0,0,0,0,0,0,0,0,0,0,0,1,0
0,3,1,21,92,0,0,0,0,0,0,0,0,0,0,0,0,0,0,1
0,6,0,24,64,1,0,0,0,0,0,0,0,0,0,0,0,0,0,0
0,5,0,3,97,0,1,0,0,0,0,0,0,0,0,0,0,0,0,0
0,2,0,34,88,0,0,0,0,0,0,0,0,0,0,0,1,0,0,0
0,6,1,2,87,0,0,0,1,0,0,0,0,0,0,0,0,0,0,0
0,2,0,17,75,0,0,0,0,0,0,0,0,0,0,0,1,0,0,0
0,3,1,27,87,0,0,0,0,0,0,0,0,0,0,0,0,0,0,0
1,4,1,24,61,0,0,0,0,0,0,0,0,0,0,0,0,1,0,0
0,1,0,24,76,0,0,0,0,0,0,0,0,1,0,0,0,0,0,0
0,4,0,0,69,0,0,0,1,0,0,0,0,0,0,0,0,0,0,0
0,2,0,21,80,0,0,0,0,0,0,0,0,0,0,0,1,0,0,0
0,1,0,5,90,0,0,0,0,0,0,1,0,0,0,0,0,0,0,0
0,4,0,8,69,0,0,0,0,0,0,0,1,0,0,0,0,0,0,0
0,0,0,1,82,0,0,0,0,0,0,1,0,0,0,0,0,0,0,0
1,9,1,5,96,0,0,0,1,0,0,0,0,0,0,0,0,0,0,0
1,1,1,26,100,0,0,1,0,0,0,0,0,0,0,0,0,0,0,0
0,2,0,24,90,0,0,1,0,0,0,0,0,0,0,0,0,0,0,0
0,5,0,24,86,0,0,1,0,0,0,0,0,0,0,0,0,0,0,0
0,2,0,15,67,0,0,1,0,0,0,0,0,0,0,0,0,0,0,0
0,5,0,32,92,0,0,1,0,0,0,0,0,0,0,0,0,0,0,0
0,3,0,26,57,1,0,0,0,0,0,0,0,0,0,0,0,0,0,0
1,2,1,20,96,0,0,0,0,0,0,0,0,0,0,0,0,1,0,0
0,5,0,5,78,0,1,0,0,0,0,0,0,0,0,0,0,0,0,0
0,2,0,34,90,0,0,1,0,0,0,0,0,0,0,0,0,0,0,0
0,6,0,34,88,0,0,0,0,0,0,0,0,0,0,0,0,0,0,1
0,4,0,27,78,1,0,0,0,0,0,0,0,0,0,0,0,0,0,0
1,3,0,12,91,0,0,0,0,0,0,0,0,0,0,0,0,0,1,0
1,3,0,4,79,0,0,0,0,0,0,1,0,0,0,0,0,0,0,0
0,0,0,29,90,0,0,0,0,0,0,0,0,1,0,0,0,0,0,0
0,1,0,13,61,0,0,0,0,0,0,0,0,0,0,0,0,0,0,1
0,6,0,15,94,0,0,0,0,0,0,0,0,0,0,0,1,0,0,0
0,3,0,27,76,1,0,0,0,0,0,0,0,0,0,0,0,0,0,0
0,5,1,24,75,1,0,0,0,0,0,0,0,0,0,0,0,0,0,0
0,6,0,27,72,0,0,1,0,0,0,0,0,0,0,0,0,0,0,0
0,2,0,25,60,1,0,0,0,0,0,0,0,0,0,0,0,0,0,0
0,5,0,14,90,0,0,1,0,0,0,0,0,0,0,0,0,0,0,0
0,7,0,5,61,0,0,0,1,0,0,0,0,0,0,0,0,0,0,0
0,7,1,5,98,0,0,0,1,0,0,0,0,0,0,0,0,0,0,0
0,8,0,4,79,0,0,0,1,0,0,0,0,0,0,0,0,0,0,0
0,1,1,29,84,1,0,0,0,0,0,0,0,0,0,0,0,0,0,0
0,2,0,16,75,0,0,0,0,0,0,0,0,0,0,0,0,0,1,0
1,3,0,28,63,0,0,0,0,0,0,0,0,0,0,0,1,0,0,0
0,7,0,31,65,0,0,0,0,0,0,0,0,1,0,0,0,0,0,0
0,9,0,5,57,0,0,0,1,0,0,0,0,0,0,0,0,0,0,0
0,7,0,0,75,0,0,0,1,0,0,0,0,0,0,0,0,0,0,0
0,6,1,19,75,0,0,0,0,0,0,0,0,0,0,0,1,0,0,0
0,2,0,26,69,1,0,0,0,0,0,0,0,0,0,0,0,0,0,0
0,1,0,3,93,0,1,0,0,0,0,0,0,0,0,0,0,0,0,0
0,5,0,24,86,0,0,0,0,0,1,0,0,0,0,0,0,0,0,0
0,5,0,1,92,0,1,0,0,0,0,0,0,0,0,0,0,0,0,0
0,1,0,25,89,0,0,0,0,0,0,0,0,0,0,0,1,0,0,0
0,3,1,14,69,0,0,0,0,0,0,0,0,0,0,0,0,0,1,0
0,2,1,9,74,0,0,0,0,0,0,0,0,0,1,0,0,0,0,0
0,1,0,8,66,0,0,0,0,0,0,0,0,0,0,0,0,0,1,0
0,3,0,11,81,0,0,1,0,0,0,0,0,0,0,0,0,0,0,0
0,2,0,21,77,0,0,0,0,0,0,0,0,0,0,0,0,0,0,0
0,1,0,28,66,0,0,0,0,0,0,0,0,0,0,0,0,0,0,0
1,9,0,4,78,0,0,0,1,0,0,0,0,0,0,0,0,0,0,0
0,1,0,33,95,0,0,0,0,0,0,0,0,1,0,0,0,0,0,0
1,5,0,3,66,0,0,0,1,0,0,0,0,0,0,0,0,0,0,0
0,1,0,15,68,0,0,1,0,0,0,0,0,0,0,0,0,0,0,0
0,2,0,23,63,0,0,0,0,0,0,0,0,0,0,0,1,0,0,0
0,2,0,32,87,0,0,0,0,0,0,0,0,0,0,1,0,0,0,0
0,5,0,9,93,0,0,0,0,0,0,0,0,0,0,0,0,0,1,0
0,3,0,16,88,0,0,0,0,0,0,0,0,0,0,0,1,0,0,0
0,3,1,5,100,0,1,0,0,0,0,0,0,0,0,0,0,0,0,0
0,2,0,28,81,0,0,0,0,0,0,0,0,0,0,0,1,0,0,0
1,2,0,13,67,0,0,1,0,0,0,0,0,0,0,0,0,0,0,0
0,5,0,26,97,0,0,1,0,0,0,0,0,0,0,0,0,0,0,0
0,3,0,4,68,0,0,0,1,0,0,0,0,0,0,0,0,0,0,0
0,6,1,14,60,0,0,0,0,0,0,0,0,0,0,0,1,0,0,0
0,3,0,34,67,0,0,0,0,0,0,0,0,1,0,0,0,0,0,0
0,4,0,30,86,0,0,1,0,0,0,0,0,0,0,0,0,0,0,0
0,1,0,15,78,0,0,0,0,0,0,0,0,0,0,0,0,0,1,0
0,2,0,5,63,0,0,0,0,0,0,0,0,0,1,0,0,0,0,0
1,1,0,28,99,0,0,0,0,0,1,0,0,0,0,0,0,0,0,0
1,9,0,1,76,0,0,0,1,0,0,0,0,0,0,0,0,0,0,0
0,2,0,22,91,0,0,0,0,0,1,0,0,0,0,0,0,0,0,0
1,1,0,0,78,0,0,0,1,0,0,0,0,0,0,0,0,0,0,0
0,0,0,20,92,1,0,0,0,0,0,0,0,0,0,0,0,0,0,0
0,1,0,35,94,0,0,0,0,1,0,0,0,0,0,0,0,0,0,0
0,2,0,3,71,0,0,0,1,0,0,0,0,0,0,0,0,0,0,0
0,1,0,27,62,0,0,0,0,0,0,0,0,0,0,0,0,0,0,0
0,2,1,19,74,0,0,0,0,0,0,0,0,0,0,0,1,0,0,0
0,2,0,9,78,0,0,0,0,0,0,0,0,0,0,0,0,0,1,0
0,1,0,28,63,0,0,0,0,0,0,0,0,0,0,0,1,0,0,0
1,1,0,35,92,0,0,1,0,0,0,0,0,0,0,0,0,0,0,0
1,2,0,35,89,0,0,0,0,0,0,0,0,0,0,0,1,0,0,0
0,3,0,26,89,0,0,0,0,1,0,0,0,0,0,0,0,0,0,0
0,4,0,26,76,0,0,1,0,0,0,0,0,0,0,0,0,0,0,0
0,5,1,3,79,0,0,0,0,0,0,0,0,0,1,0,0,0,0,0
0,1,0,22,61,0,0,0,0,0,0,0,0,0,0,0,0,0,0,0
0,2,0,23,91,0,0,0,0,1,0,0,0,0,0,0,0,0,0,0
0,1,0,26,77,0,0,1,0,0,0,0,0,0,0,0,0,0,0,0
0,4,0,1,62,0,0,0,0,0,0,0,0,0,1,0,0,0,0,0
0,2,0,7,89,0,0,0,0,0,0,0,0,0,0,0,0,0,1,0
0,1,1,4,66,0,0,0,0,0,0,0,0,0,1,0,0,0,0,0
0,4,0,5,72,0,0,0,0,0,0,0,0,0,0,0,0,0,0,0
0,3,0,49,92,0,0,0,0,0,1,0,0,0,0,0,0,0,0,0
1,5,1,10,92,0,0,0,0,1,0,0,0,0,0,0,0,0,0,0
0,1,0,13,98,0,0,0,0,0,0,0,1,0,0,0,0,0,0,0
0,6,1,25,75,0,0,1,0,0,0,0,0,0,0,0,0,0,0,0
0,2,0,35,94,0,0,0,0,0,0,0,0,1,0,0,0,0,0,0
0,4,0,13,60,0,0,0,0,0,0,0,0,0,0,0,0,0,1,0
0,2,0,20,93,0,0,0,0,0,0,0,0,0,0,0,0,0,0,0
0,2,1,18,74,0,0,0,0,0,0,0,0,0,0,0,0,0,1,0
0,0,0,10,80,0,0,0,0,0,0,0,0,0,1,0,0,0,0,0
0,4,1,4,100,0,1,0,0,0,0,0,0,0,0,0,0,0,0,0
0,3,0,15,88,0,0,0,0,0,0,0,0,0,0,0,0,0,1,0
0,1,1,16,74,0,0,1,0,0,0,0,0,0,0,0,0,0,0,0
0,1,1,26,74,0,0,0,0,0,0,0,0,0,0,0,1,0,0,0
0,5,0,24,88,0,0,0,0,0,1,0,0,0,0,0,0,0,0,0
0,3,1,20,100,0,0,0,0,0,0,0,0,0,0,0,1,0,0,0
1,5,1,1,69,0,0,0,1,0,0,0,0,0,0,0,0,0,0,0
0,2,0,5,57,0,0,0,1,0,0,0,0,0,0,0,0,0,0,0
0,1,1,27,66,0,0,0,0,0,0,0,0,0,0,0,1,0,0,0
1,9,0,4,65,0,0,0,1,0,0,0,0,0,0,0,0,0,0,0
1,8,1,4,61,0,0,0,1,0,0,0,0,0,0,0,0,0,0,0
0,3,0,31,63,0,0,0,0,0,0,0,0,0,0,0,0,1,0,0
0,3,0,15,85,0,0,1,0,0,0,0,0,0,0,0,0,0,0,0
1,0,0,27,84,0,0,0,0,0,0,0,0,0,0,0,1,0,0,0
0,3,1,5,78,0,0,0,0,0,0,0,0,0,1,0,0,0,0,0
0,9,0,21,73,0,0,1,0,0,0,0,0,0,0,0,0,0,0,0
0,2,0,13,69,0,0,0,0,0,0,0,0,0,0,0,0,0,1,0
0,7,0,10,83,0,0,0,0,0,0,0,0,0,0,0,0,0,0,0
0,4,0,25,71,0,0,0,0,0,0,0,0,0,0,0,1,0,0,0
0,4,0,13,98,0,0,0,0,0,0,0,0,0,0,0,0,0,0,0
0,4,0,1,75,0,0,0,0,0,0,0,0,0,1,0,0,0,0,0
1,2,0,11,90,0,0,0,0,0,0,0,0,0,0,0,0,1,0,0
0,1,0,26,100,0,0,0,0,0,0,0,0,1,0,0,0,0,0,0
0,0,0,12,92,0,0,0,0,0,0,0,0,0,0,0,0,0,1,0
0,5,0,28,51,1,0,0,0,0,0,0,0,0,0,0,0,0,0,0
0,1,0,34,96,0,0,0,0,0,0,0,0,0,0,0,0,0,0,0
0,6,0,17,96,0,0,0,0,0,0,0,0,0,0,0,1,0,0,0
0,2,0,31,70,0,0,0,0,0,0,0,0,0,0,0,1,0,0,0
0,7,0,14,89,0,0,0,0,0,0,0,0,0,0,0,1,0,0,0
0,2,0,2,73,0,0,0,0,0,0,1,0,0,0,0,0,0,0,0
0,2,0,2,96,0,1,0,0,0,0,0,0,0,0,0,0,0,0,0
0,1,0,5,90,0,1,0,0,0,0,0,0,0,0,0,0,0,0,0
0,3,0,23,93,0,0,1,0,0,0,0,0,0,0,0,0,0,0,0
0,6,0,3,70,0,0,0,1,0,0,0,0,0,0,0,0,0,0,0
0,4,0,21,74,0,0,0,0,0,0,0,0,0,0,0,1,0,0,0
0,0,0,25,74,0,0,0,0,0,0,0,0,1,0,0,0,0,0,0
0,3,0,10,80,0,0,0,0,0,0,0,1,0,0,0,0,0,0,0
0,2,0,7,83,0,0,0,0,0,0,0,0,0,0,0,0,0,0,0
0,4,0,2,68,0,0,0,0,0,0,0,0,0,0,0,0,0,0,0
0,6,0,15,52,1,0,0,0,0,0,0,0,0,0,0,0,0,0,0
0,4,0,2,98,0,0,0,0,0,0,0,0,0,0,0,0,0,0,0
0,5,0,35,97,0,0,1,0,0,0,0,0,0,0,0,0,0,0,0
0,5,0,32,81,0,0,0,0,0,0,0,0,0,0,0,1,0,0,0
1,4,0,24,74,0,0,0,0,0,0,0,0,0,0,0,1,0,0,0
0,7,0,3,79,0,0,0,0,0,0,1,0,0,0,0,0,0,0,0
0,5,0,31,91,0,0,0,0,1,0,0,0,0,0,0,0,0,0,0
0,1,0,17,72,0,0,1,0,0,0,0,0,0,0,0,0,0,0,0
1,4,0,0,89,0,0,0,1,0,0,0,0,0,0,0,0,0,0,0
1,5,0,4,72,0,0,0,1,0,0,0,0,0,0,0,0,0,0,0
0,7,0,12,65,0,0,0,0,0,0,0,0,0,0,0,0,0,0,0
1,2,0,48,97,0,0,0,0,0,1,0,0,0,0,0,0,0,0,0
0,1,1,31,71,0,0,1,0,0,0,0,0,0,0,0,0,0,0,0
1,9,0,19,84,1,0,0,0,0,0,0,0,0,0,0,0,0,0,0
0,0,0,17,73,0,0,0,0,0,0,0,0,0,0,0,1,0,0,0
0,2,0,11,93,0,0,0,0,0,0,0,0,0,0,0,0,0,1,0
1,2,1,32,92,0,0,0,0,0,1,0,0,0,0,0,0,0,0,0
0,8,0,14,86,0,0,1,0,0,0,0,0,0,0,0,0,0,0,0
0,2,1,13,82,0,0,0,0,0,0,0,0,0,0,0,0,0,0,0
0,5,0,32,98,0,0,0,0,0,0,0,0,1,0,0,0,0,0,0
1,6,0,0,66,0,0,0,1,0,0,0,0,0,0,0,0,0,0,0
0,6,0,34,99,1,0,0,0,0,0,0,0,0,0,0,0,0,0,0
0,3,0,5,91,0,0,0,0,0,0,1,0,0,0,0,0,0,0,0
0,7,0,20,73,0,0,0,0,1,0,0,0,0,0,0,0,0,0,0
0,9,0,2,80,0,0,0,1,0,0,0,0,0,0,0,0,0,0,0
0,3,1,1,93,0,0,0,0,0,0,0,0,0,1,0,0,0,0,0
0,5,0,35,94,0,0,0,0,0,0,0,0,1,0,0,0,0,0,0
1,3,0,2,82,0,0,0,1,0,0,0,0,0,0,0,0,0,0,0
0,7,0,5,76,0,0,0,1,0,0,0,0,0,0,0,0,0,0,0
0,3,0,24,100,0,0,0,0,0,0,0,0,0,0,0,1,0,0,0
0,0,0,5,71,0,1,0,0,0,0,0,0,0,0,0,0,0,0,0
0,6,0,3,82,0,0,0,0,0,0,1,0,0,0,0,0,0,0,0
0,1,0,33,97,0,0,0,0,0,0,0,0,1,0,0,0,0,0,0
1,5,0,32,79,0,0,1,0,0,0,0,0,0,0,0,0,0,0,0
0,4,0,6,78,0,0,0,0,0,0,0,0,0,0,0,0,0,0,0
0,7,0,1,82,0,0,0,1,0,0,0,0,0,0,0,0,0,0,0
0,1,1,21,68,0,0,1,0,0,0,0,0,0,0,0,0,0,0,0
0,4,0,31,84,0,0,0,0,0,0,0,0,1,0,0,0,0,0,0
0,6,0,5,93,0,0,0,0,0,0,0,0,0,1,0,0,0,0,0
0,2,0,22,95,0,0,0,0,0,0,0,0,0,0,0,0,1,0,0
0,8,1,1,96,0,0,0,1,0,0,0,0,0,0,0,0,0,0,0
0,5,0,26,93,0,0,0,0,0,1,0,0,0,0,0,0,0,0,0
0,4,1,18,92,0,0,0,0,0,0,0,0,0,0,0,0,0,0,0
0,5,0,24,74,0,0,0,0,0,0,0,0,0,0,0,1,0,0,0
0,1,1,19,92,0,0,0,0,0,0,0,0,0,0,0,0,0,0,0
0,2,0,29,96,0,0,0,0,0,0,0,0,0,0,0,1,0,0,0
0,5,0,4,73,0,1,0,0,0,0,0,0,0,0,0,0,0,0,0
0,4,0,15,60,0,0,0,0,0,0,0,0,0,0,0,1,0,0,0
0,5,0,32,65,0,0,0,0,0,0,0,0,0,0,0,1,0,0,0
0,4,1,29,91,0,0,0,0,0,0,0,0,0,0,0,1,0,0,0
0,5,0,29,83,0,0,0,0,0,0,0,0,1,0,0,0,0,0,0
1,5,0,0,76,0,0,0,1,0,0,0,0,0,0,0,0,0,0,0
1,6,0,1,81,0,0,0,1,0,0,0,0,0,0,0,0,0,0,0
0,3,0,42,93,0,0,0,0,0,1,0,0,0,0,0,0,0,0,0
1,9,1,2,91,0,0,0,1,0,0,0,0,0,0,0,0,0,0,0
1,4,0,18,86,0,0,0,0,0,0,0,0,0,0,0,1,0,0,0
0,2,1,35,85,0,0,0,0,0,0,0,0,0,0,0,1,0,0,0
0,2,0,21,79,0,0,1,0,0,0,0,0,0,0,0,0,0,0,0
0,5,0,2,52,0,0,0,1,0,0,0,0,0,0,0,0,0,0,0
1,6,0,18,100,0,0,1,0,0,0,0,0,0,0,0,0,0,0,0
0,8,0,21,84,1,0,0,0,0,0,0,0,0,0,0,0,0,0,0
0,8,0,34,92,0,0,0,0,0,0,0,0,1,0,0,0,0,0,0
0,3,0,9,88,0,0,0,0,0,0,0,1,0,0,0,0,0,0,0
0,3,0,31,87,0,0,0,0,0,0,0,0,0,0,0,1,0,0,0
0,3,1,5,86,0,0,0,0,0,0,0,1,0,0,0,0,0,0,0
0,2,0,4,66,0,0,0,1,0,0,0,0,0,0,0,0,0,0,0
0,1,0,15,74,0,0,0,0,0,0,0,0,0,0,0,0,0,1,0
0,0,1,18,80,0,0,0,0,0,0,0,0,0,0,0,0,0,0,0
0,3,0,25,80,0,0,1,0,0,0,0,0,0,0,0,0,0,0,0
0,3,0,23,75,0,0,1,0,0,0,0,0,0,0,0,0,0,0,0
0,6,0,8,87,0,0,0,0,0,0,0,0,0,1,0,0,0,0,0
1,8,0,2,91,0,0,0,1,0,0,0,0,0,0,0,0,0,0,0
0,2,1,34,91,0,0,0,0,0,0,0,0,1,0,0,0,0,0,0
0,1,0,7,73,0,0,0,0,1,0,0,0,0,0,0,0,0,0,0
0,1,0,24,85,0,0,0,0,0,1,0,0,0,0,0,0,0,0,0
0,4,0,25,63,0,0,0,0,0,0,0,0,0,0,0,1,0,0,0
1,7,1,0,52,0,0,0,1,0,0,0,0,0,0,0,0,0,0,0
0,2,0,33,87,0,0,0,0,0,0,0,0,0,0,0,0,0,0,0
0,3,1,1,94,0,1,0,0,0,0,0,0,0,0,0,0,0,0,0
0,6,0,1,65,0,0,0,0,0,0,0,0,0,0,0,0,0,0,0
0,1,0,22,88,0,0,0,0,0,1,0,0,0,0,0,0,0,0,0
0,9,0,5,93,0,0,0,1,0,0,0,0,0,0,0,0,0,0,0
0,2,0,26,99,0,0,0,0,1,0,0,0,0,0,0,0,0,0,0
0,1,0,3,75,0,1,0,0,0,0,0,0,0,0,0,0,0,0,0
0,1,1,11,81,0,0,1,0,0,0,0,0,0,0,0,0,0,0,0
0,8,1,19,65,0,0,0,0,0,0,0,0,0,0,0,1,0,0,0
1,7,0,3,74,0,0,0,1,0,0,0,0,0,0,0,0,0,0,0
0,1,0,16,71,0,0,0,0,0,0,0,0,0,0,0,1,0,0,0
0,5,0,26,93,0,0,0,0,0,0,0,0,0,0,0,0,0,0,0
1,2,0,28,87,0,0,0,0,0,1,0,0,0,0,0,0,0,0,0
0,2,1,18,96,0,0,0,0,0,0,0,0,0,0,0,0,1,0,0
0,1,1,9,60,0,0,0,0,0,0,0,0,0,0,0,0,0,0,0
0,1,1,18,89,0,0,0,0,0,0,0,0,0,0,0,0,0,1,0
0,4,0,3,91,0,0,0,0,0,0,0,0,0,0,0,0,0,0,0
0,4,1,34,83,0,0,0,0,0,0,0,0,1,0,0,0,0,0,0
0,7,0,4,94,0,0,0,1,0,0,0,0,0,0,0,0,0,0,0
0,3,0,35,99,0,0,0,0,0,0,0,0,0,0,1,0,0,0,0
0,2,0,27,60,0,0,0,0,0,0,0,0,1,0,0,0,0,0,0
0,5,0,6,78,0,0,0,0,0,0,0,1,0,0,0,0,0,0,0
0,3,0,18,75,0,0,1,0,0,0,0,0,0,0,0,0,0,0,0
0,2,0,7,61,0,0,0,0,0,0,0,0,0,1,0,0,0,0,0
0,2,0,24,95,0,0,0,0,0,0,0,0,0,0,0,1,0,0,0
1,0,0,34,100,0,0,0,0,0,0,0,0,1,0,0,0,0,0,0
0,7,1,0,78,0,0,0,1,0,0,0,0,0,0,0,0,0,0,0
0,5,0,10,65,0,0,1,0,0,0,0,0,0,0,0,0,0,0,0
0,4,1,35,90,0,0,0,0,0,0,0,0,1,0,0,0,0,0,0
1,5,0,5,85,0,0,0,0,0,0,1,0,0,0,0,0,0,0,0
0,6,1,10,78,0,0,0,0,0,0,0,1,0,0,0,0,0,0,0
1,8,0,1,61,0,0,0,1,0,0,0,0,0,0,0,0,0,0,0
1,8,1,0,94,0,0,0,1,0,0,0,0,0,0,0,0,0,0,0
1,3,0,43,99,0,0,0,0,0,1,0,0,0,0,0,0,0,0,0
0,1,0,34,65,0,0,0,0,0,0,0,0,1,0,0,0,0,0,0
0,5,1,21,63,0,0,0,0,0,0,0,0,0,0,0,0,0,0,0
0,4,0,31,89,0,0,0,0,0,1,0,0,0,0,0,0,0,0,0
0,5,1,17,93,0,0,0,0,0,0,0,0,0,0,0,1,0,0,0
0,0,0,10,73,0,0,1,0,0,0,0,0,0,0,0,0,0,0,0
0,1,0,5,84,0,0,0,0,1,0,0,0,0,0,0,0,0,0,0
0,3,0,30,93,0,0,0,0,0,1,0,0,0,0,0,0,0,0,0
0,2,0,20,87,1,0,0,0,0,0,0,0,0,0,0,0,0,0,0
1,5,0,25,74,0,0,0,0,0,0,0,0,0,0,0,1,0,0,0
0,2,0,5,79,0,0,0,1,0,0,0,0,0,0,0,0,0,0,0
0,3,0,6,78,0,0,0,0,0,0,0,0,0,1,0,0,0,0,0
0,7,0,40,91,0,0,0,0,0,1,0,0,0,0,0,0,0,0,0
0,6,0,35,98,0,0,0,0,0,0,0,0,0,0,1,0,0,0,0
1,6,0,0,95,0,0,0,1,0,0,0,0,0,0,0,0,0,0,0
1,1,1,1,77,0,0,0,1,0,0,0,0,0,0,0,0,0,0,0
0,2,0,16,63,0,0,1,0,0,0,0,0,0,0,0,0,0,0,0
1,4,0,28,99,0,0,0,0,0,1,0,0,0,0,0,0,0,0,0
0,5,0,12,94,0,0,1,0,0,0,0,0,0,0,0,0,0,0,0
0,1,0,15,74,0,0,0,0,0,0,0,1,0,0,0,0,0,0,0
0,1,1,3,88,0,0,0,0,0,0,0,0,0,1,0,0,0,0,0
0,1,0,35,93,0,0,0,0,1,0,0,0,0,0,0,0,0,0,0
0,3,0,14,96,0,0,0,0,0,0,0,0,0,0,0,0,0,0,1
0,2,1,24,66,0,0,0,0,0,0,0,0,0,0,0,1,0,0,0
0,3,0,19,63,0,0,0,0,0,0,0,0,0,0,0,0,0,0,0
0,2,0,29,85,0,0,0,0,0,0,0,0,0,0,0,0,0,0,0
0,1,0,2,95,0,1,0,0,0,0,0,0,0,0,0,0,0,0,0
0,6,0,25,88,0,0,0,0,0,0,0,0,1,0,0,0,0,0,0
0,0,0,6,93,0,0,0,0,0,0,0,1,0,0,0,0,0,0,0
0,3,1,22,98,0,0,0,0,0,1,0,0,0,0,0,0,0,0,0
0,0,0,34,85,0,0,0,0,0,1,0,0,0,0,0,0,0,0,0
0,2,0,35,100,0,0,0,0,0,0,0,0,0,0,0,0,0,0,0
0,0,0,6,70,0,0,0,0,0,0,0,0,0,1,0,0,0,0,0
0,0,0,3,86,0,0,0,0,0,0,0,1,0,0,0,0,0,0,0
0,3,1,5,65,0,0,0,0,0,0,0,0,0,1,0,0,0,0,0
0,0,0,31,99,0,0,0,0,0,0,0,0,0,0,1,0,0,0,0
1,6,0,1,97,0,0,0,1,0,0,0,0,0,0,0,0,0,0,0
0,3,0,30,89,0,0,0,0,0,0,0,0,0,0,1,0,0,0,0
0,3,0,32,78,0,0,1,0,0,0,0,0,0,0,0,0,0,0,0
0,5,0,5,67,0,0,0,1,0,0,0,0,0,0,0,0,0,0,0
0,2,0,32,93,0,0,0,0,0,0,0,0,1,0,0,0,0,0,0
1,2,0,18,95,0,0,0,0,0,0,0,0,0,0,0,0,0,1,0
0,7,0,27,60,0,0,0,0,0,0,0,0,1,0,0,0,0,0,0
0,2,0,15,96,0,0,0,0,0,0,0,0,0,0,0,0,0,1,0
0,3,0,2,72,0,1,0,0,0,0,0,0,0,0,0,0,0,0,0
1,4,0,2,79,0,0,0,0,0,0,1,0,0,0,0,0,0,0,0
1,6,0,5,90,0,0,0,1,0,0,0,0,0,0,0,0,0,0,0
0,6,0,12,78,0,0,0,0,1,0,0,0,0,0,0,0,0,0,0
1,5,0,0,77,0,0,0,1,0,0,0,0,0,0,0,0,0,0,0
1,1,0,14,62,1,0,0,0,0,0,0,0,0,0,0,0,0,0,0
0,6,0,9,71,0,0,0,0,0,0,0,0,0,0,0,0,0,1,0
0,7,0,17,83,0,0,0,0,0,0,0,0,0,0,0,0,0,1,0
0,3,1,9,89,0,0,0,0,0,0,0,0,0,1,0,0,0,0,0
0,5,1,14,81,0,0,1,0,0,0,0,0,0,0,0,0,0,0,0
0,3,0,10,71,0,0,0,0,0,0,0,0,0,1,0,0,0,0,0
0,0,0,10,73,0,0,0,0,0,0,0,0,0,0,0,0,0,0,0
0,2,0,36,95,0,0,0,0,0,1,0,0,0,0,0,0,0,0,0
0,3,0,34,95,0,0,0,0,0,0,0,0,0,0,0,1,0,0,0
0,2,0,28,77,0,0,0,0,0,0,0,0,0,0,0,1,0,0,0
0,1,1,22,98,0,0,0,0,0,0,0,0,0,0,0,0,0,0,1
0,4,0,28,99,0,0,1,0,0,0,0,0,0,0,0,0,0,0,0
0,4,1,16,97,0,0,1,0,0,0,0,0,0,0,0,0,0,0,0
0,4,0,27,92,0,0,0,0,0,0,0,0,0,0,0,1,0,0,0
0,6,0,14,67,0,0,1,0,0,0,0,0,0,0,0,0,0,0,0
0,2,0,32,84,0,0,0,0,0,0,0,0,1,0,0,0,0,0,0
1,6,1,33,100,0,0,0,0,0,0,0,0,0,0,0,1,0,0,0
0,2,1,24,62,0,0,1,0,0,0,0,0,0,0,0,0,0,0,0
0,5,0,8,65,0,0,0,0,0,0,0,0,0,0,0,0,0,1,0
0,2,1,8,91,0,0,0,0,0,0,0,0,0,0,0,0,0,1,0
0,1,1,6,64,0,0,0,0,0,0,0,1,0,0,0,0,0,0,0
1,0,0,15,66,0,0,0,0,0,0,0,0,0,0,0,1,0,0,0
1,1,0,12,71,0,0,0,0,0,0,0,1,0,0,0,0,0,0,0
0,6,0,1,94,0,1,0,0,0,0,0,0,0,0,0,0,0,0,0
0,4,0,5,90,0,0,0,0,0,0,0,0,0,0,0,0,0,0,0
0,1,1,11,67,0,0,0,0,0,0,0,0,0,0,0,0,0,0,0
0,0,1,30,93,0,0,0,0,0,0,0,0,0,0,0,0,0,0,0
0,0,1,19,63,0,0,1,0,0,0,0,0,0,0,0,0,0,0,0
0,2,1,33,69,0,0,0,0,0,0,0,0,1,0,0,0,0,0,0
1,2,1,1,100,0,0,0,0,0,0,1,0,0,0,0,0,0,0,0
0,2,0,35,96,0,0,0,0,0,0,0,0,0,0,0,0,0,0,1
0,2,0,2,69,0,0,0,0,0,0,1,0,0,0,0,0,0,0,0
0,5,1,16,63,0,0,0,0,0,0,0,0,0,0,0,1,0,0,0
0,3,0,38,85,0,0,0,0,0,1,0,0,0,0,0,0,0,0,0
0,2,0,3,98,0,1,0,0,0,0,0,0,0,0,0,0,0,0,0
1,5,0,11,63,0,0,0,0,0,0,0,0,0,0,0,0,0,1,0
0,4,0,4,83,0,0,0,0,0,0,0,0,0,0,0,0,0,0,0
0,6,0,2,55,0,0,0,1,0,0,0,0,0,0,0,0,0,0,0
0,2,0,26,86,0,0,0,0,0,0,0,0,0,0,0,0,0,0,0
1,3,0,25,60,0,0,0,0,0,0,0,0,0,0,0,1,0,0,0
0,2,1,19,65,0,0,1,0,0,0,0,0,0,0,0,0,0,0,0
1,1,0,31,98,0,0,0,0,0,0,0,0,0,0,1,0,0,0,0
0,4,1,26,75,0,0,0,0,0,0,0,0,0,0,0,1,0,0,0
1,6,0,6,83,0,0,0,0,1,0,0,0,0,0,0,0,0,0,0
0,8,0,2,91,0,0,0,1,0,0,0,0,0,0,0,0,0,0,0
0,3,0,27,90,0,0,0,0,0,0,0,0,1,0,0,0,0,0,0
0,2,0,30,100,0,0,0,0,0,0,0,0,1,0,0,0,0,0,0
0,0,0,8,98,0,0,0,0,0,0,0,0,0,0,0,0,0,1,0
0,2,0,21,98,0,0,1,0,0,0,0,0,0,0,0,0,0,0,0
0,6,0,8,95,0,0,0,0,1,0,0,0,0,0,0,0,0,0,0
0,4,0,27,95,0,0,0,0,0,0,0,0,1,0,0,0,0,0,0
0,5,0,14,68,0,0,0,0,0,0,0,0,0,0,0,1,0,0,0
0,5,0,27,83,1,0,0,0,0,0,0,0,0,0,0,0,0,0,0
