part_time_job,absence_days,extracurricular_activities,weekly_self_study_hours,history_score,career_Accountant,career_Artist,career_Banker,career_Business Owner,career_Construction Engineer,career_Designer,career_Doctor,career_Game Developer,career_Government Officer,career_Lawyer,career_Real Estate Developer,career_Scientist,career_Software Engineer,career_Stock Investor,career_Writer
0,3,0,27,81,0,0,0,0,0,0,0,0,0,1,0,0,0,0,0
0,5,0,10,77,0,0,0,0,0,0,0,0,0,0,0,0,0,0,0
0,3,1,23,96,0,0,0,0,0,0,0,0,0,0,0,0,1,0,0
1,2,1,34,95,0,0,0,0,0,0,0,0,0,0,0,0,1,0,0
0,6,0,25,68,0,0,0,0,0,0,0,0,0,0,0,0,0,0,0
0,1,0,7,61,0,0,0,0,0,0,0,0,0,0,0,0,0,0,0
0,6,0,0,50,0,0,0,1,0,0,0,0,0,0,0,0,0,0,0
0,2,1,28,83,0,0,0,0,0,0,0,0,0,0,0,0,1,0,0
0,1,0,37,87,0,0,0,0,0,0,1,0,0,0,0,0,0,0,0
1,3,0,15,90,0,0,0,0,0,0,0,0,0,0,0,0,1,0,0
0,8,0,4,55,0,0,0,1,0,0,0,0,0,0,0,0,0,0,0
0,9,0,1,76,0,0,0,1,0,0,0,0,0,0,0,0,0,0,0
0,3,0,34,77,0,0,1,0,0,0,0,0,0,0,0,0,0,0,0
0,0,0,23,75,0,0,0,0,0,0,0,0,0,0,0,0,0,0,1
0,1,1,17,65,1,0,0,0,0,0,0,0,0,0,0,0,0,0,0
0,4,0,30,96,1,0,0,0,0,0,0,0,0,0,0,0,0,0,0
0,2,1,19,94,0,0,0,0,1,0,0,0,0,0,0,0,0,0,0
0,1,0,29,100,0,0,0,0,1,0,0,0,0,0,0,0,0,0,0
0,4,0,21,64,0,0,1,0,0,0,0,0,0,0,0,0,0,0,0
0,4,0,18,60,1,0,0,0,0,0,0,0,0,0,0,0,0,0,0
1,7,0,4,55,0,0,0,1,0,0,0,0,0,0,0,0,0,0,0
1,4,0,3,99,0,0,0,1,0,0,0,0,0,0,0,0,0,0,0
1,5,1,5,53,0,0,0,1,0,0,0,0,0,0,0,0,0,0,0
0,0,1,28,98,0,0,0,0,0,0,0,0,0,0,0,0,0,1,0
0,6,1,16,72,0,0,0,0,0,0,0,0,0,0,0,0,0,1,0
0,9,0,0,70,0,0,0,1,0,0,0,0,0,0,0,0,0,0,0
0,2,0,3,100,0,0,0,0,0,0,0,1,0,0,0,0,0,0,0
1,2,0,18,78,0,0,1,0,0,0,0,0,0,0,0,0,0,0,0
0,7,0,26,89,0,0,0,0,0,0,0,0,0,0,0,0,1,0,0
0,4,0,23,99,0,0,0,0,0,0,0,0,0,0,0,0,1,0,0
0,7,0,2,65,0,0,0,1,0,0,0,0,0,0,0,0,0,0,0
0,2,0,18,73,0,0,0,0,1,0,0,0,0,0,0,0,0,0,0
0,3,0,27,86,0,0,0,0,0,0,0,0,0,0,0,0,1,0,0
0,2,0,8,64,0,0,0,0,0,0,0,0,0,0,1,0,0,0,0
0,4,0,14,70,0,0,0,0,0,0,0,0,0,0,0,0,1,0,0
1,8,0,3,54,0,0,0,1,0,0,0,0,0,0,0,0,0,0,0
0,3,0,16,79,0,0,0,0,0,0,0,0,0,0,0,0,1,0,0
0,7,0,32,65,0,0,0,0,0,0,0,0,0,0,0,1,0,0,0
0,3,0,28,67,0,0,0,0,0,0,0,0,0,0,0,0,0,0,0
0,1,0,24,71,0,0,0,0,0,0,0,0,0,0,0,0,1,0,0
0,3,0,16,96,0,0,0,0,0,0,0,0,0,0,0,0,0,1,0
0,3,0,29,75,0,0,0,0,0,0,0,0,0,0,0,0,1,0,0
0,0,0,14,78,1,0,0,0,0,0,0,0,0,0,0,0,0,0,0
0,4,0,10,82,0,0,0,0,0,0,0,0,1,0,0,0,0,0,0
0,5,0,31,73,0,0,0,0,0,0,0,0,0,0,0,0,1,0,0
0,4,0,34,92,0,0,0,0,0,0,0,0,0,0,0,0,0,1,0
0,3,0,4,89,0,0,0,0,0,0,0,0,0,0,1,0,0,0,0
1,0,0,28,93,0,0,0,0,0,0,0,0,0,1,0,0,0,0,0
0,5,0,29,87,0,0,0,0,0,0,0,0,0,0,0,0,0,0,1
1,6,0,1,80,0,1,0,0,0,0,0,0,0,0,0,0,0,0,0
0,3,1,31,81,0,0,0,0,0,0,0,0,0,0,0,1,0,0,0
0,5,1,13,69,1,0,0,0,0,0,0,0,0,0,0,0,0,0,0
0,4,0,24,89,0,0,0,0,0,0,0,0,0,0,0,0,0,1,0
1,2,1,4,85,0,0,0,1,0,0,0,0,0,0,0,0,0,0,0
0,6,1,0,65,0,0,0,1,0,0,0,0,0,0,0,0,0,0,0
0,2,0,24,66,0,0,0,0,0,0,0,0,0,0,0,0,0,0,0
0,1,1,19,73,0,0,0,0,0,0,0,0,0,0,0,0,1,0,0
0,4,0,26,92,0,0,0,0,0,0,1,0,0,0,0,0,0,0,0
0,4,0,41,94,0,0,0,0,0,0,1,0,0,0,0,0,0,0,0
0,1,0,3,67,0,0,0,0,0,0,0,1,0,0,0,0,0,0,0
0,4,1,14,67,1,0,0,0,0,0,0,0,0,0,0,0,0,0,0
0,6,1,27,97,0,0,0,0,0,0,0,0,0,0,0,0,0,0,0
1,6,0,0,52,0,0,0,1,0,0,0,0,0,0,0,0,0,0,0
0,1,0,3,62,0,0,0,0,0,1,0,0,0,0,0,0,0,0,0
0,2,0,12,65,0,0,1,0,0,0,0,0,0,0,0,0,0,0,0
0,2,0,23,71,0,0,0,0,0,0,1,0,0,0,0,0,0,0,0
0,0,0,16,69,0,0,0,0,0,0,0,0,0,0,0,0,1,0,0
1,2,1,3,85,0,1,0,0,0,0,0,0,0,0,0,0,0,0,0
0,3,1,18,68,0,0,0,0,0,0,0,0,0,0,0,0,1,0,0
0,3,0,6,72,0,0,0,0,0,0,0,0,0,0,1,0,0,0,0
0,8,0,2,97,0,0,0,1,0,0,0,0,0,0,0,0,0,0,0
0,0,0,34,90,0,0,0,0,0,0,0,0,0,1,0,0,0,0,0
0,0,0,8,67,0,0,0,0,0,0,0,0,0,0,1,0,0,0,0
0,0,1,13,71,0,0,0,0,0,0,0,0,0,0,0,0,0,0,0
1,8,0,1,54,0,0,0,1,0,0,0,0,0,0,0,0,0,0,0
1,7,1,3,64,0,0,0,1,0,0,0,0,0,0,0,0,0,0,0
1,4,1,33,66,0,0,0,0,0,0,0,0,0,0,0,0,0,0,0
0,1,0,12,64,0,0,0,0,0,0,0,0,0,0,0,0,0,0,0
1,3,0,24,66,0,0,0,0,1,0,0,0,0,0,0,0,0,0,0
0,4,0,33,88,0,0,0,0,1,0,0,0,0,0,0,0,0,0,0
0,1,1,44,100,0,0,0,0,0,0,1,0,0,0,0,0,0,0,0
0,1,0,9,96,0,0,0,0,0,0,0,0,0,0,0,0,0,0,0
0,4,1,34,62,0,0,0,0,0,0,0,0,0,0,0,0,1,0,0
0,1,0,33,96,0,0,0,0,0,0,0,0,0,1,0,0,0,0,0
0,2,0,20,100,0,0,0,0,0,0,0,0,0,0,0,0,0,0,0
0,3,0,15,92,1,0,0,0,0,0,0,0,0,0,0,0,0,0,0
0,4,0,12,73,0,0,0,0,1,0,0,0,0,0,0,0,0,0,0
0,2,1,5,69,0,0,0,0,0,0,0,0,0,0,0,0,0,0,0
0,1,0,31,99,0,0,0,0,0,0,0,0,0,1,0,0,0,0,0
0,8,1,5,79,0,0,0,1,0,0,0,0,0,0,0,0,0,0,0
0,5,0,26,77,0,0,0,0,0,0,0,0,0,0,0,0,0,0,0
0,1,1,26,66,0,0,0,0,0,0,0,0,0,0,0,0,1,0,0
0,5,0,9,94,0,0,0,0,0,0,0,0,0,0,0,0,0,1,0
0,4,0,21,69,0,0,0,0,0,0,0,0,0,0,0,0,1,0,0
0,1,1,34,81,1,0,0,0,0,0,0,0,0,0,0,0,0,0,0
0,6,1,27,73,0,0,0,0,0,0,0,0,0,0,0,0,1,0,0
0,3,0,17,78,0,0,0,0,0,0,0,0,0,0,0,0,1,0,0
0,5,0,0,86,0,0,0,0,0,0,0,0,0,0,0,0,0,0,0
0,3,1,12,73,1,0,0,0,0,0,0,0,0,0,0,0,0,0,0
0,0,0,41,88,0,0,0,0,0,0,1,0,0,0,0,0,0,0,0
0,4,0,32,73,0,0,0,0,1,0,0,0,0,0,0,0,0,0,0
1,1,0,4,58,0,0,0,1,0,0,0,0,0,0,0,0,0,0,0
0,2,0,2,90,0,1,0,0,0,0,0,0,0,0,0,0,0,0,0
0,6,1,34,88,0,0,1,0,0,0,0,0,0,0,0,0,0,0,0
0,3,0,2,76,0,0,0,0,0,0,0,0,0,0,1,0,0,0,0
0,7,0,33,61,0,0,0,0,0,0,0,0,0,0,0,0,1,0,0
0,5,0,17,72,0,0,0,0,0,1,0,0,0,0,0,0,0,0,0
0,7,0,4,55,0,0,0,1,0,0,0,0,0,0,0,0,0,0,0
0,3,0,6,95,0,0,0,0,0,0,0,0,0,0,1,0,0,0,0
0,7,0,9,64,0,0,0,0,0,0,0,0,0,0,0,0,0,0,0
1,2,0,35,91,0,0,0,0,0,0,0,0,0,0,0,0,1,0,0
0,5,0,16,88,0,0,0,0,0,1,0,0,0,0,0,0,0,0,0
1,7,0,0,89,0,0,0,1,0,0,0,0,0,0,0,0,0,0,0
0,2,0,27,82,0,0,0,0,0,0,0,0,0,1,0,0,0,0,0
0,0,0,24,80,0,0,0,0,1,0,0,0,0,0,0,0,0,0,0
0,2,0,30,74,0,0,0,0,0,0,0,0,0,0,0,0,0,0,0
0,6,0,20,72,0,0,0,0,0,0,0,0,0,0,0,0,1,0,0
0,0,0,27,81,0,0,0,0,0,0,0,0,0,0,0,0,1,0,0
0,6,0,2,62,0,0,0,1,0,0,0,0,0,0,0,0,0,0,0
1,1,0,27,78,0,0,1,0,0,0,0,0,0,0,0,0,0,0,0
0,4,1,24,62,1,0,0,0,0,0,0,0,0,0,0,0,0,0,0
0,4,0,23,64,1,0,0,0,0,0,0,0,0,0,0,0,0,0,0
0,1,0,15,91,0,0,0,0,0,0,0,0,1,0,0,0,0,0,0
0,3,0,25,81,0,0,0,0,0,0,0,0,0,0,0,0,0,1,0
0,3,0,35,88,0,0,0,0,0,0,0,0,0,1,0,0,0,0,0
0,1,0,3,80,0,0,0,0,0,0,0,1,0,0,0,0,0,0,0
0,3,0,35,85,0,0,0,0,0,0,0,0,0,0,0,0,0,0,0
0,2,0,12,65,0,0,0,0,1,0,0,0,0,0,0,0,0,0,0
0,4,0,2,93,0,1,0,0,0,0,0,0,0,0,0,0,0,0,0
1,2,0,16,68,0,0,0,0,0,0,0,0,0,0,0,0,0,0,0
0,5,0,4,66,0,0,0,1,0,0,0,0,0,0,0,0,0,0,0
0,3,0,19,94,0,0,0,0,0,0,0,0,0,0,0,0,0,0,0
0,1,0,3,71,0,0,0,1,0,0,0,0,0,0,0,0,0,0,0
0,0,0,25,70,0,0,0,0,0,0,0,0,0,0,0,0,0,0,0
0,1,0,24,89,0,0,0,0,0,0,0,0,0,1,0,0,0,0,0
0,1,0,15,92,0,0,0,0,0,0,0,0,0,0,0,0,1,0,0
0,1,1,33,81,0,0,0,0,0,0,0,0,0,1,0,0,0,0,0
0,3,0,10,60,0,0,1,0,0,0,0,0,0,0,0,0,0,0,0
0,5,0,34,95,0,0,0,0,0,0,0,0,0,0,0,1,0,0,0
0,3,0,30,94,0,0,0,0,0,0,0,0,0,1,0,0,0,0,0
0,5,1,29,96,0,0,0,0,0,0,1,0,0,0,0,0,0,0,0
0,4,0,31,95,0,0,0,0,0,0,0,0,0,0,0,0,0,0,0
0,2,0,2,74,0,0,0,0,0,0,0,1,0,0,0,0,0,0,0
0,3,0,20,60,0,0,0,0,0,0,0,0,0,0,0,0,1,0,0
0,1,1,11,82,0,0,0,0,0,0,0,0,0,0,0,0,0,1,0
0,1,0,34,90,0,0,0,0,0,0,0,0,0,0,0,1,0,0,0
0,2,0,35,87,0,0,0,0,0,0,0,0,0,0,0,0,0,0,0
0,4,0,20,93,0,0,0,0,0,0,0,0,0,0,0,0,1,0,0
0,7,0,1,88,0,0,0,1,0,0,0,0,0,0,0,0,0,0,0
1,6,0,17,75,0,0,0,0,0,0,0,0,0,0,0,0,1,0,0
0,6,0,34,83,0,0,0,0,0,0,1,0,0,0,0,0,0,0,0
0,3,0,8,81,0,0,0,0,0,0,0,0,0,0,0,0,0,0,0
0,3,0,4,69,0,0,0,0,0,0,0,0,0,0,0,0,0,0,0
0,1,0,13,91,0,0,0,0,0,0,0,0,0,0,0,0,0,0,1
0,2,0,27,88,0,0,0,0,0,0,0,0,0,1,0,0,0,0,0
0,5,0,32,91,0,0,0,0,0,0,0,0,0,0,0,0,0,0,0
0,1,0,31,100,0,0,0,0,1,0,0,0,0,0,0,0,0,0,0
1,9,0,0,99,0,0,0,1,0,0,0,0,0,0,0,0,0,0,0
0,7,0,6,95,0,0,0,0,0,0,0,0,1,0,0,0,0,0,0
0,2,0,7,81,0,0,0,0,0,0,0,0,1,0,0,0,0,0,0
0,1,0,32,89,0,0,0,0,0,0,0,0,0,1,0,0,0,0,0
0,5,1,30,70,0,0,0,0,0,0,0,0,0,0,0,0,1,0,0
0,9,0,4,98,0,0,0,1,0,0,0,0,0,0,0,0,0,0,0
0,2,0,2,83,0,0,0,0,0,0,0,1,0,0,0,0,0,0,0
0,8,1,32,95,0,0,0,0,0,0,0,0,0,1,0,0,0,0,0
0,2,0,24,72,0,0,0,0,1,0,0,0,0,0,0,0,0,0,0
0,1,0,16,90,0,0,0,0,0,1,0,0,0,0,0,0,0,0,0
0,1,0,15,81,0,0,0,0,0,0,0,0,0,0,0,0,0,0,1
0,3,0,26,88,0,0,0,0,0,0,0,0,0,0,0,0,1,0,0
0,1,1,14,98,0,0,0,0,0,0,0,0,0,0,0,0,0,0,0
0,4,0,1,64,0,0,0,0,0,0,0,1,0,0,0,0,0,0,0
0,5,0,10,91,0,0,0,0,1,0,0,0,0,0,0,0,0,0,0
0,2,0,26,77,0,0,0,0,0,0,0,0,0,0,0,0,0,0,0
0,7,1,21,76,0,0,0,0,1,0,0,0,0,0,0,0,0,0,0
0,0,0,30,86,0,0,0,0,0,0,0,0,0,0,0,0,1,0,0
0,2,0,11,73,0,0,0,0,0,1,0,0,0,0,0,0,0,0,0
0,3,0,4,61,0,0,0,0,0,0,0,0,0,0,0,0,0,1,0
0,3,0,32,96,0,0,0,0,0,0,0,0,0,0,0,0,1,0,0
0,3,0,32,94,0,0,0,0,0,0,0,0,0,0,0,0,0,0,0
0,1,0,25,89,0,0,0,0,0,0,0,0,0,1,0,0,0,0,0
0,7,1,4,79,0,0,0,0,0,0,0,0,0,0,0,0,0,0,0
0,2,0,7,83,0,0,0,0,0,0,0,0,0,0,0,0,0,0,0
0,5,0,3,61,0,0,0,0,0,0,0,0,0,0,0,0,0,0,0
1,8,0,1,69,0,0,0,1,0,0,0,0,0,0,0,0,0,0,0
0,4,1,23,94,0,0,0,0,0,0,0,0,0,0,0,0,0,0,1
0,1,0,30,98,0,0,0,0,0,0,0,0,0,0,0,1,0,0,0
0,2,0,48,88,0,0,0,0,0,0,1,0,0,0,0,0,0,0,0
0,4,1,24,67,0,0,0,0,0,0,0,0,0,0,0,0,1,0,0
1,7,0,0,65,0,0,0,1,0,0,0,0,0,0,0,0,0,0,0
0,9,0,2,86,0,0,0,1,0,0,0,0,0,0,0,0,0,0,0
0,0,0,32,97,0,0,0,0,0,0,0,0,0,0,0,0,1,0,0
0,4,0,32,87,0,0,0,0,0,0,0,0,0,0,0,0,1,0,0
0,3,0,16,86,0,0,0,0,0,0,0,0,0,0,0,0,0,1,0
0,4,0,28,72,0,0,0,0,1,0,0,0,0,0,0,0,0,0,0
0,7,0,30,79,0,0,0,0,0,0,0,0,0,0,0,0,1,0,0
0,5,0,18,82,1,0,0,0,0,0,0,0,0,0,0,0,0,0,0
1,1,0,23,63,0,0,0,0,0,0,0,0,0,0,0,0,1,0,0
0,4,1,23,77,0,0,0,0,0,0,0,0,0,0,0,0,1,0,0
0,2,1,37,93,0,0,0,0,0,0,1,0,0,0,0,0,0,0,0
0,3,0,29,82,1,0,0,0,0,0,0,0,0,0,0,0,0,0,0
1,6,0,4,76,0,0,0,1,0,0,0,0,0,0,0,0,0,0,0
1,7,0,1,56,0,0,0,1,0,0,0,0,0,0,0,0,0,0,0
0,3,1,24,99,0,0,0,0,0,0,0,0,0,0,0,0,1,0,0
0,5,0,23,96,0,0,0,0,0,0,0,0,0,0,0,0,1,0,0
0,6,0,19,79,0,0,0,0,0,0,0,0,0,0,0,0,0,0,0
0,3,0,33,68,0,0,0,0,0,0,1,0,0,0,0,0,0,0,0
0,5,0,33,99,0,0,0,0,0,0,0,0,0,0,0,1,0,0,0
0,2,0,18,96,0,0,0,0,0,0,0,0,0,0,0,0,1,0,0
0,9,0,4,55,0,0,0,1,0,0,0,0,0,0,0,0,0,0,0
0,6,0,10,87,0,0,0,0,0,0,0,0,0,0,1,0,0,0,0
1,2,0,22,83,0,0,0,0,0,0,0,0,0,0,0,0,1,0,0
0,2,0,2,87,0,0,0,0,0,0,0,0,0,0,1,0,0,0,0
0,3,0,24,60,0,0,0,0,0,0,1,0,0,0,0,0,0,0,0
0,2,0,15,63,0,0,0,0,1,0,0,0,0,0,0,0,0,0,0
0,1,0,8,74,0,0,0,0,0,0,0,0,0,0,0,0,0,1,0
0,4,0,33,87,0,0,0,0,0,0,0,0,0,0,0,0,1,0,0
0,2,0,2,64,0,0,0,1,0,0,0,0,0,0,0,0,0,0,0
0,3,0,20,61,0,0,0,0,0,1,0,0,0,0,0,0,0,0,0
0,1,0,24,67,1,0,0,0,0,0,0,0,0,0,0,0,0,0,0
0,7,0,30,98,0,0,0,0,0,0,1,0,0,0,0,0,0,0,0
0,1,0,25,94,0,0,0,0,0,0,0,0,0,0,0,0,0,1,0
0,1,0,1,78,0,0,0,0,0,1,0,0,0,0,0,0,0,0,0
0,4,0,27,76,0,0,0,0,0,0,0,0,0,0,0,0,1,0,0
0,0,1,4,88,0,0,0,0,0,0,0,0,0,0,1,0,0,0,0
0,4,0,28,97,0,0,0,0,0,0,0,0,0,0,0,0,1,0,0
1,2,0,4,90,0,0,0,1,0,0,0,0,0,0,0,0,0,0,0
0,1,0,31,88,0,0,0,0,0,0,0,0,0,0,0,0,1,0,0
0,5,0,17,95,0,0,0,0,1,0,0,0,0,0,0,0,0,0,0
0,2,0,23,84,0,0,0,0,0,0,1,0,0,0,0,0,0,0,0
0,2,0,19,85,0,0,0,0,0,0,0,0,0,0,0,0,1,0,0
1,4,1,26,71,0,0,1,0,0,0,0,0,0,0,0,0,0,0,0
0,6,0,22,98,0,0,0,0,0,0,1,0,0,0,0,0,0,0,0
1,6,1,4,78,0,0,0,1,0,0,0,0,0,0,0,0,0,0,0
0,8,1,21,60,0,0,0,0,0,0,0,0,0,0,0,0,0,1,0
0,5,0,15,84,0,0,0,0,0,0,0,0,0,0,0,0,0,0,0
0,3,1,10,98,0,0,0,0,0,0,0,0,0,0,0,0,0,0,0
0,5,1,3,88,0,1,0,0,0,0,0,0,0,0,0,0,0,0,0
0,5,0,2,63,0,1,0,0,0,0,0,0,0,0,0,0,0,0,0
0,4,0,46,98,0,0,0,0,0,0,1,0,0,0,0,0,0,0,0
0,3,0,31,98,0,0,0,0,0,0,0,0,0,0,0,0,0,0,1
0,1,0,33,82,0,0,0,0,0,0,0,0,0,1,0,0,0,0,0
0,2,0,19,93,1,0,0,0,0,0,0,0,0,0,0,0,0,0,0
0,3,0,25,70,0,0,0,0,0,0,0,0,0,0,0,0,1,0,0
0,1,0,21,99,0,0,0,0,0,0,0,0,0,0,0,0,0,1,0
0,4,0,30,79,0,0,1,0,0,0,0,0,0,0,0,0,0,0,0
0,1,1,27,91,0,0,0,0,0,0,0,0,0,0,0,0,1,0,0
0,5,0,33,92,0,0,0,0,1,0,0,0,0,0,0,0,0,0,0
0,7,0,25,94,0,0,0,0,0,0,0,0,0,0,0,0,1,0,0
0,6,0,34,85,0,0,0,0,0,0,0,0,0,1,0,0,0,0,0
1,4,0,28,79,0,0,0,0,1,0,0,0,0,0,0,0,0,0,0
0,6,0,22,92,0,0,0,0,0,0,0,0,0,0,0,0,1,0,0
1,2,0,0,95,0,0,0,1,0,0,0,0,0,0,0,0,0,0,0
0,5,0,22,87,0,0,1,0,0,0,0,0,0,0,0,0,0,0,0
0,2,0,25,91,0,0,0,0,0,0,0,0,0,0,0,0,0,0,0
0,1,0,19,89,0,0,0,0,0,0,0,0,0,0,0,0,0,1,0
1,7,0,2,92,0,0,0,1,0,0,0,0,0,0,0,0,0,0,0
0,4,0,5,70,0,0,0,0,0,0,0,1,0,0,0,0,0,0,0
0,2,0,26,88,0,0,0,0,0,0,0,0,0,1,0,0,0,0,0
0,2,0,32,83,0,0,0,0,0,0,0,0,0,0,0,0,0,0,0
0,2,0,35,90,0,0,0,0,1,0,0,0,0,0,0,0,0,0,0
0,0,0,29,87,0,0,0,0,0,0,0,0,0,1,0,0,0,0,0
0,3,1,12,89,0,0,0,0,0,1,0,0,0,0,0,0,0,0,0
0,2,0,35,99,0,0,0,0,0,0,1,0,0,0,0,0,0,0,0
1,8,0,2,54,0,0,0,1,0,0,0,0,0,0,0,0,0,0,0
1,1,0,7,92,0,0,0,0,0,0,0,0,1,0,0,0,0,0,0
0,2,0,35,92,0,0,0,0,0,0,0,0,0,0,0,0,0,0,0
0,3,1,28,87,0,0,0,0,0,0,0,0,0,1,0,0,0,0,0
0,1,1,4,67,0,1,0,0,0,0,0,0,0,0,0,0,0,0,0
0,3,1,16,61,0,0,0,0,0,0,0,0,0,0,0,0,1,0,0
0,1,0,26,64,1,0,0,0,0,0,0,0,0,0,0,0,0,0,0
0,3,0,30,89,0,0,0,0,0,0,0,0,0,0,0,0,0,0,0
0,2,0,30,97,0,0,0,0,0,0,0,0,0,0,0,0,1,0,0
1,3,1,15,96,0,0,0,0,1,0,0,0,0,0,0,0,0,0,0
0,8,1,1,65,0,0,0,1,0,0,0,0,0,0,0,0,0,0,0
0,3,1,6,100,0,0,0,0,0,0,0,0,1,0,0,0,0,0,0
1,9,1,5,78,0,0,0,1,0,0,0,0,0,0,0,0,0,0,0
0,1,0,30,92,0,0,1,0,0,0,0,0,0,0,0,0,0,0,0
0,3,1,8,76,0,0,0,0,0,0,0,0,1,0,0,0,0,0,0
1,9,0,5,54,0,0,0,1,0,0,0,0,0,0,0,0,0,0,0
0,4,0,4,98,0,0,0,0,0,0,0,0,1,0,0,0,0,0,0
1,5,0,3,59,0,0,0,1,0,0,0,0,0,0,0,0,0,0,0
0,3,0,6,88,0,0,0,0,0,0,0,0,0,0,1,0,0,0,0
0,6,0,34,89,0,0,0,0,0,0,0,0,0,1,0,0,0,0,0
0,3,0,26,63,0,0,0,0,0,0,0,0,0,0,0,0,1,0,0
0,3,0,46,89,0,0,0,0,0,0,1,0,0,0,0,0,0,0,0
1,1,0,46,85,0,0,0,0,0,0,1,0,0,0,0,0,0,0,0
1,4,0,2,62,0,0,0,0,0,0,0,0,0,0,0,0,0,0,0
1,0,0,32,70,0,0,0,0,0,0,0,0,0,0,0,0,0,1,0
0,4,1,1,97,0,1,0,0,0,0,0,0,0,0,0,0,0,0,0
0,2,1,8,84,0,0,0,0,0,0,0,0,0,0,1,0,0,0,0
0,1,0,28,88,0,0,0,0,0,0,0,0,0,1,0,0,0,0,0
0,4,0,3,61,0,0,0,1,0,0,0,0,0,0,0,0,0,0,0
0,3,0,25,80,0,0,0,0,0,0,0,0,0,1,0,0,0,0,0
0,0,0,4,84,0,0,0,0,0,0,0,0,0,0,1,0,0,0,0
0,2,0,16,89,0,0,0,0,0,0,0,0,0,0,0,0,0,0,0
0,3,0,35,85,0,0,0,0,0,0,0,0,0,0,0,0,1,0,0
0,2,0,24,85,0,0,0,0,0,0,1,0,0,0,0,0,0,0,0
0,2,1,46,93,0,0,0,0,0,0,1,0,0,0,0,0,0,0,0
0,5,0,26,75,0,0,0,0,0,0,0,0,0,0,0,0,0,0,0
0,1,0,5,95,0,0,0,0,0,0,0,0,0,0,0,0,0,0,0
0,3,0,4,78,0,1,0,0,0,0,0,0,0,0,0,0,0,0,0
0,6,0,27,92,0,0,0,0,0,0,0,0,0,1,0,0,0,0,0
0,3,0,0,78,0,1,0,0,0,0,0,0,0,0,0,0,0,0,0
0,6,1,16,80,1,0,0,0,0,0,0,0,0,0,0,0,0,0,0
0,6,1,14,89,0,0,0,0,0,0,0,0,0,0,0,0,0,0,0
0,1,0,5,89,0,1,0,0,0,0,0,0,0,0,0,0,0,0,0
0,8,1,12,75,0,0,0,0,0,0,0,0,0,0,0,0,0,0,0
0,5,0,2,99,0,1,0,0,0,0,0,0,0,0,0,0,0,0,0
0,6,0,0,100,0,0,0,1,0,0,0,0,0,0,0,0,0,0,0
0,6,1,24,62,1,0,0,0,0,0,0,0,0,0,0,0,0,0,0
0,7,0,0,74,0,0,0,1,0,0,0,0,0,0,0,0,0,0,0
0,1,0,18,64,0,0,0,0,0,0,0,0,0,0,0,0,1,0,0
0,4,0,20,79,0,0,0,0,0,0,0,0,0,0,0,0,1,0,0
1,4,0,4,76,0,0,0,1,0,0,0,0,0,0,0,0,0,0,0
0,5,0,27,86,0,0,0,0,0,0,0,0,0,1,0,0,0,0,0
0,0,1,27,84,0,0,0,0,0,0,1,0,0,0,0,0,0,0,0
1,3,1,17,70,0,0,0,0,0,0,0,0,0,0,0,0,1,0,0
0,2,1,21,75,0,0,0,0,1,0,0,0,0,0,0,0,0,0,0
0,9,1,24,82,0,0,0,0,0,0,0,0,0,1,0,0,0,0,0
0,1,0,28,87,1,0,0,0,0,0,0,0,0,0,0,0,0,0,0
0,9,0,0,95,0,0,0,1,0,0,0,0,0,0,0,0,0,0,0
0,2,0,3,70,0,0,0,0,0,0,0,0,0,0,1,0,0,0,0
0,2,0,24,89,0,0,0,0,1,0,0,0,0,0,0,0,0,0,0
0,5,1,22,93,0,0,0,0,0,0,0,0,0,0,0,0,1,0,0
0,2,0,21,77,0,0,0,0,0,0,0,0,0,0,0,0,0,0,0
0,4,0,29,88,0,0,0,0,0,0,0,0,0,1,0,0,0,0,0
0,2,0,4,65,0,0,0,0,0,1,0,0,0,0,0,0,0,0,0
0,5,0,19,88,1,0,0,0,0,0,0,0,0,0,0,0,0,0,0
0,3,0,33,64,0,0,0,0,0,0,0,0,0,0,0,0,1,0,0
0,4,0,29,68,0,0,0,0,0,0,0,0,0,0,0,0,0,0,0
0,1,1,27,97,0,0,0,0,0,0,0,0,0,1,0,0,0,0,0
0,2,1,0,69,0,1,0,0,0,0,0,0,0,0,0,0,0,0,0
0,3,0,10,61,0,0,0,0,0,0,0,0,0,0,0,0,0,0,0
0,1,1,29,66,0,0,0,0,1,0,0,0,0,0,0,0,0,0,0
0,0,1,17,77,0,0,0,0,0,0,0,0,0,0,0,0,1,0,0
0,1,0,24,84,0,0,0,0,0,0,0,0,0,0,0,0,0,0,0
0,2,0,35,99,0,0,0,0,1,0,0,0,0,0,0,0,0,0,0
0,3,0,19,88,0,0,0,0,1,0,0,0,0,0,0,0,0,0,0
0,6,0,23,92,0,0,1,0,0,0,0,0,0,0,0,0,0,0,0
0,9,0,14,74,0,0,0,0,1,0,0,0,0,0,0,0,0,0,0
0,2,0,21,72,0,0,1,0,0,0,0,0,0,0,0,0,0,0,0
0,6,0,18,61,0,0,0,0,0,0,0,0,0,0,0,0,0,0,0
0,5,1,16,89,0,0,0,0,0,0,0,0,0,0,0,0,0,0,0
0,5,0,35,88,1,0,0,0,0,0,0,0,0,0,0,0,0,0,0
0,2,0,11,87,0,0,1,0,0,0,0,0,0,0,0,0,0,0,0
0,3,0,4,75,0,1,0,0,0,0,0,0,0,0,0,0,0,0,0
0,3,0,16,89,0,0,0,0,0,0,0,0,0,0,0,0,1,0,0
0,1,0,25,67,0,0,0,0,0,0,0,0,0,0,0,0,0,1,0
0,2,1,35,88,0,0,0,0,0,0,0,0,0,0,0,0,0,0,0
0,4,0,15,63,0,0,1,0,0,0,0,0,0,0,0,0,0,0,0
0,4,1,21,87,0,0,1,0,0,0,0,0,0,0,0,0,0,0,0
0,6,1,25,83,0,0,0,0,0,0,0,0,0,1,0,0,0,0,0
0,2,1,25,65,0,0,0,0,0,0,0,0,0,0,0,0,0,1,0
1,3,0,12,69,0,0,0,0,0,0,0,0,0,0,0,0,0,1,0
0,1,0,25,94,0,0,0,0,0,0,0,0,0,0,0,0,0,0,0
0,6,0,50,87,0,0,0,0,0,0,1,0,0,0,0,0,0,0,0
0,5,0,15,73,0,0,0,0,0,0,0,0,0,0,0,0,1,0,0
1,1,0,5,79,0,0,0,1,0,0,0,0,0,0,0,0,0,0,0
0,3,0,35,100,0,0,0,0,0,0,0,0,0,0,0,0,1,0,0
0,0,0,27,95,0,0,0,0,0,0,0,0,0,0,0,0,0,0,0
1,6,0,2,79,0,0,0,1,0,0,0,0,0,0,0,0,0,0,0
1,2,1,18,67,0,0,0,0,0,0,0,0,0,0,0,0,1,0,0
0,1,0,14,93,0,0,0,0,0,0,0,0,0,0,0,0,1,0,0
0,5,1,2,67,0,1,0,0,0,0,0,0,0,0,0,0,0,0,0
0,2,0,19,74,0,0,0,0,0,0,0,0,0,0,0,0,1,0,0
0,2,0,21,74,0,0,1,0,0,0,0,0,0,0,0,0,0,0,0
0,3,0,23,82,0,0,0,0,0,0,1,0,0,0,0,0,0,0,0
1,2,0,30,79,0,0,0,0,0,0,0,0,0,0,0,0,1,0,0
0,4,0,19,65,0,0,0,0,1,0,0,0,0,0,0,0,0,0,0
0,2,0,21,93,0,0,0,0,0,0,0,0,0,0,0,0,1,0,0
0,6,0,3,72,0,0,0,1,0,0,0,0,0,0,0,0,0,0,0
1,0,0,30,83,0,0,0,0,0,0,0,0,0,0,0,0,0,0,0
0,2,0,29,68,0,0,0,0,0,0,0,0,0,0,0,0,1,0,0
0,2,1,16,79,0,0,0,0,0,0,0,0,0,0,0,0,1,0,0
0,6,0,35,96,0,0,0,0,0,0,0,0,0,0,0,0,0,0,0
0,3,0,28,61,0,0,0,0,0,0,0,0,0,0,0,0,1,0,0
0,2,0,2,65,0,0,0,0,0,0,0,0,0,0,1,0,0,0,0
0,3,0,42,90,0,0,0,0,0,0,1,0,0,0,0,0,0,0,0
0,7,0,31,92,0,0,1,0,0,0,0,0,0,0,0,0,0,0,0
0,3,0,15,84,1,0,0,0,0,0,0,0,0,0,0,0,0,0,0
0,7,0,1,58,0,0,0,1,0,0,0,0,0,0,0,0,0,0,0
0,8,0,40,88,0,0,0,0,0,0,1,0,0,0,0,0,0,0,0
0,7,0,31,87,0,0,0,0,0,0,0,0,0,1,0,0,0,0,0
0,1,0,10,91,0,0,0,0,0,0,0,0,1,0,0,0,0,0,0
0,3,0,14,88,0,0,1,0,0,0,0,0,0,0,0,0,0,0,0
0,2,0,7,85,0,0,0,0,0,0,0,0,1,0,0,0,0,0,0
0,5,0,4,68,0,0,0,1,0,0,0,0,0,0,0,0,0,0,0
0,2,0,23,98,0,0,0,0,0,0,0,0,0,0,0,0,0,0,0
0,1,1,33,76,0,0,0,0,0,0,0,0,0,0,0,0,0,0,0
0,5,1,11,71,0,0,1,0,0,0,0,0,0,0,0,0,0,0,0
1,6,0,3,69,0,0,0,1,0,0,0,0,0,0,0,0,0,0,0
0,3,0,5,62,0,0,0,0,0,0,0,0,0,0,1,0,0,0,0
0,5,0,34,84,0,0,0,0,0,0,0,0,0,0,0,0,1,0,0
0,1,0,3,74,0,0,0,0,0,0,0,0,1,0,0,0,0,0,0
1,2,1,2,71,0,0,0,1,0,0,0,0,0,0,0,0,0,0,0
1,0,0,29,62,0,0,0,0,0,0,0,0,0,0,0,0,1,0,0
0,7,0,14,100,0,0,0,0,1,0,0,0,0,0,0,0,0,0,0
0,8,0,25,60,0,0,0,0,0,0,1,0,0,0,0,0,0,0,0
0,1,1,9,65,0,0,0,0,0,0,0,0,0,0,0,0,0,0,0
1,9,0,2,54,0,0,0,1,0,0,0,0,0,0,0,0,0,0,0
0,5,0,31,92,0,0,0,0,0,0,0,0,0,1,0,0,0,0,0
0,5,0,3,77,0,0,0,0,0,1,0,0,0,0,0,0,0,0,0
0,5,0,5,54,0,0,0,1,0,0,0,0,0,0,0,0,0,0,0
0,2,0,4,63,0,0,0,0,0,0,0,1,0,0,0,0,0,0,0
0,2,0,25,84,0,0,0,0,0,0,0,0,0,0,0,0,0,0,0
0,1,0,33,91,0,0,0,0,0,0,0,0,0,0,0,0,0,0,0
1,1,0,24,80,0,0,0,0,0,0,0,0,0,0,0,0,0,0,0
1,6,0,0,77,0,0,0,1,0,0,0,0,0,0,0,0,0,0,0
0,2,0,26,100,0,0,0,0,0,0,0,0,0,1,0,0,0,0,0
0,7,0,31,87,0,0,0,0,1,0,0,0,0,0,0,0,0,0,0
1,1,1,4,69,0,0,0,1,0,0,0,0,0,0,0,0,0,0,0
0,3,1,2,74,0,0,0,0,0,0,0,0,0,0,1,0,0,0,0
1,7,0,2,84,0,0,0,1,0,0,0,0,0,0,0,0,0,0,0
0,4,0,12,63,1,0,0,0,0,0,0,0,0,0,0,0,0,0,0
1,7,0,1,78,0,0,0,1,0,0,0,0,0,0,0,0,0,0,0
0,0,0,21,63,0,0,0,0,0,0,0,0,0,0,0,0,1,0,0
0,4,0,25,62,0,0,0,0,0,0,0,0,0,0,0,0,1,0,0
0,5,0,34,81,0,0,0,0,0,0,0,0,0,0,0,1,0,0,0
0,3,0,0,66,0,0,0,0,0,0,0,0,0,0,1,0,0,0,0
0,2,0,31,96,0,0,0,0,0,0,0,0,0,1,0,0,0,0,0
1,4,0,5,65,0,0,0,1,0,0,0,0,0,0,0,0,0,0,0
0,1,0,21,67,0,0,0,0,0,0,0,0,0,0,0,0,0,0,0
0,4,0,22,73,0,0,0,0,0,0,0,0,0,0,0,0,1,0,0
0,5,0,24,100,0,0,0,0,0,0,0,0,0,0,0,0,1,0,0
0,1,0,24,63,0,0,0,0,0,0,0,0,0,0,0,0,1,0,0
0,5,0,3,89,0,0,0,0,0,0,0,0,1,0,0,0,0,0,0
1,6,1,4,53,0,0,0,1,0,0,0,0,0,0,0,0,0,0,0
0,5,0,35,90,0,0,0,0,0,0,0,0,0,1,0,0,0,0,0
0,7,0,20,61,0,0,0,0,0,0,0,0,0,0,0,0,1,0,0
1,3,0,21,91,0,0,0,0,0,0,0,0,0,0,0,0,0,0,0
1,9,0,1,73,0,0,0,1,0,0,0,0,0,0,0,0,0,0,0
0,1,0,33,64,0,0,0,0,0,0,0,0,0,0,0,0,1,0,0
0,2,1,24,74,0,0,0,0,0,0,0,0,0,0,0,0,1,0,0
1,6,0,5,88,0,0,0,1,0,0,0,0,0,0,0,0,0,0,0
0,1,1,12,96,0,0,0,0,0,0,0,0,1,0,0,0,0,0,0
0,4,1,8,90,0,0,0,0,0,0,0,0,0,0,1,0,0,0,0
0,5,0,8,92,0,0,0,0,0,0,0,0,0,0,1,0,0,0,0
0,2,0,19,80,0,0,0,0,0,0,0,0,0,0,0,0,0,1,0
0,4,0,29,95,0,0,0,0,0,0,0,0,0,0,0,0,0,0,0
0,7,0,5,74,0,0,0,0,0,0,0,0,0,0,1,0,0,0,0
0,8,1,12,84,0,0,0,0,0,0,0,0,0,0,0,0,0,1,0
0,3,0,21,93,0,0,1,0,0,0,0,0,0,0,0,0,0,0,0
0,9,0,31,74,0,0,0,0,0,0,0,0,0,0,0,1,0,0,0
0,3,0,3,70,0,0,0,0,0,0,0,0,0,0,0,0,0,0,0
0,5,0,29,92,0,0,0,0,0,0,0,0,0,1,0,0,0,0,0
0,4,0,31,62,0,0,0,0,0,0,0,0,0,0,0,0,1,0,0
0,1,0,46,85,0,0,0,0,0,0,1,0,0,0,0,0,0,0,0
0,8,0,4,94,0,0,0,1,0,0,0,0,0,0,0,0,0,0,0
0,4,0,34,97,0,0,0,0,0,0,0,0,0,0,0,0,1,0,0
0,2,0,34,70,0,0,0,0,0,0,0,0,0,0,0,0,0,0,0
0,5,0,32,86,0,0,0,0,0,0,0,0,0,0,0,0,1,0,0
0,2,1,20,77,0,0,0,0,0,0,0,0,0,0,0,0,1,0,0
0,3,0,21,74,0,0,0,0,0,1,0,0,0,0,0,0,0,0,0
0,1,0,30,90,0,0,0,0,0,0,0,0,0,0,0,0,1,0,0
0,3,1,15,72,1,0,0,0,0,0,0,0,0,0,0,0,0,0,0
0,6,1,18,74,0,0,1,0,0,0,0,0,0,0,0,0,0,0,0
0,3,0,24,75,1,0,0,0,0,0,0,0,0,0,0,0,0,0,0
0,3,0,15,76,0,0,1,0,0,0,0,0,0,0,0,0,0,0,0
0,1,0,5,58,0,0,0,1,0,0,0,0,0,0,0,0,0,0,0
0,3,0,30,81,0,0,0,0,0,0,0,0,0,1,0,0,0,0,0
1,3,0,32,75,0,0,0,0,0,0,0,0,0,0,0,0,0,1,0
0,2,0,27,65,1,0,0,0,0,0,0,0,0,0,0,0,0,0,0
0,3,0,2,77,0,0,0,0,0,0,0,1,0,0,0,0,0,0,0
0,7,1,1,85,0,1,0,0,0,0,0,0,0,0,0,0,0,0,0
0,0,0,2,84,0,0,0,0,0,0,0,1,0,0,0,0,0,0,0
0,3,0,41,89,0,0,0,0,0,0,1,0,0,0,0,0,0,0,0
0,3,0,35,97,0,0,0,0,0,0,0,0,0,0,0,0,1,0,0
0,0,1,30,98,0,0,0,0,1,0,0,0,0,0,0,0,0,0,0
0,2,1,12,68,0,0,1,0,0,0,0,0,0,0,0,0,0,0,0
0,3,0,17,74,0,0,0,0,0,0,0,0,0,0,0,0,1,0,0
0,2,0,26,95,0,0,0,0,0,0,0,0,0,0,0,0,1,0,0
0,7,0,32,62,0,0,0,0,1,0,0,0,0,0,0,0,0,0,0
0,4,1,4,85,0,0,0,0,0,0,0,0,0,0,1,0,0,0,0
0,3,0,34,67,0,0,0,0,0,0,0,0,0,0,0,1,0,0,0
0,2,1,35,94,0,0,0,0,0,0,0,0,0,0,0,0,0,0,0
1,8,0,5,97,0,0,0,1,0,0,0,0,0,0,0,0,0,0,0
0,1,0,31,100,0,0,1,0,0,0,0,0,0,0,0,0,0,0,0
0,6,0,3,92,0,0,0,1,0,0,0,0,0,0,0,0,0,0,0
1,2,0,18,99,0,0,0,0,0,0,0,0,0,0,0,0,1,0,0
0,1,1,47,90,0,0,0,0,0,0,1,0,0,0,0,0,0,0,0
1,1,1,32,87,0,0,0,0,0,0,0,0,0,0,0,0,1,0,0
0,3,1,20,79,1,0,0,0,0,0,0,0,0,0,0,0,0,0,0
1,5,0,19,87,0,0,0,0,0,0,0,0,0,0,0,0,1,0,0
0,1,1,5,83,0,0,0,0,0,0,0,0,0,0,1,0,0,0,0
0,3,0,22,90,0,0,0,0,0,0,0,0,0,0,0,0,1,0,0
0,0,0,13,63,0,0,0,0,1,0,0,0,0,0,0,0,0,0,0
0,0,0,19,79,0,0,0,0,0,0,0,0,0,0,0,0,0,0,0
0,3,1,31,98,0,0,0,0,0,0,0,0,0,1,0,0,0,0,0
0,3,1,3,92,0,0,0,0,0,0,0,1,0,0,0,0,0,0,0
1,3,0,34,78,0,0,0,0,0,0,0,0,0,0,0,0,0,0,0
0,3,0,34,70,0,0,0,0,0,1,0,0,0,0,0,0,0,0,0
0,2,0,30,69,0,0,0,0,0,0,0,0,0,0,0,0,1,0,0
0,3,0,32,91,1,0,0,0,0,0,0,0,0,0,0,0,0,0,0
0,1,0,31,71,0,0,0,0,0,0,0,0,0,0,0,0,1,0,0
0,7,0,3,69,0,0,0,0,0,0,0,1,0,0,0,0,0,0,0
0,3,1,24,71,0,0,0,0,1,0,0,0,0,0,0,0,0,0,0
0,1,1,21,67,0,0,0,0,0,0,0,0,0,0,0,0,1,0,0
1,8,0,1,82,0,0,0,1,0,0,0,0,0,0,0,0,0,0,0
0,5,1,15,64,1,0,0,0,0,0,0,0,0,0,0,0,0,0,0
0,1,0,12,84,0,0,0,0,0,0,0,0,1,0,0,0,0,0,0
0,3,1,21,100,0,0,0,0,0,0,0,0,0,0,0,0,0,0,0
1,5,0,24,80,0,0,0,0,0,0,0,0,0,0,0,0,0,1,0
1,6,0,5,71,0,0,0,1,0,0,0,0,0,0,0,0,0,0,0
0,8,1,0,78,0,1,0,0,0,0,0,0,0,0,0,0,0,0,0
1,1,1,30,93,0,0,0,0,0,0,1,0,0,0,0,0,0,0,0
0,8,0,31,80,0,0,0,0,0,0,0,0,0,1,0,0,0,0,0
0,3,1,33,90,0,0,0,0,0,0,0,0,0,0,0,0,1,0,0
0,2,0,31,70,0,0,1,0,0,0,0,0,0,0,0,0,0,0,0
1,3,0,7,86,0,0,0,0,0,0,0,0,1,0,0,0,0,0,0
0,2,0,15,84,0,0,1,0,0,0,0,0,0,0,0,0,0,0,0
0,7,0,16,60,0,0,1,0,0,0,0,0,0,0,0,0,0,0,0
1,1,0,35,90,0,0,0,0,0,0,0,0,0,0,0,1,0,0,0
0,3,0,32,78,0,0,0,0,0,0,0,0,0,0,0,0,0,0,0
0,0,0,31,88,0,0,0,0,0,0,0,0,0,0,0,0,0,0,0
0,3,0,24,77,0,0,1,0,0,0,0,0,0,0,0,0,0,0,0
0,1,0,4,72,0,0,0,0,0,0,0,0,0,0,0,0,0,0,0
0,7,0,8,97,0,0,0,0,0,0,0,0,0,0,0,0,0,1,0
0,1,1,35,87,0,0,0,0,0,0,0,0,0,0,0,1,0,0,0
0,2,1,7,96,0,0,0,0,0,0,0,0,0,0,1,0,0,0,0
0,2,0,25,67,0,0,0,0,0,0,0,0,0,0,0,0,0,0,0
0,2,0,28,84,0,0,0,0,0,0,0,0,0,0,0,0,1,0,0
0,4,0,19,78,0,0,0,0,0,0,0,0,0,0,0,0,0,1,0
0,2,0,16,71,0,0,0,0,0,0,0,0,0,0,0,0,1,0,0
0,9,0,34,88,0,0,0,0,0,0,0,0,0,1,0,0,0,0,0
1,3,0,31,92,0,0,0,0,0,0,0,0,0,1,0,0,0,0,0
0,2,0,27,84,0,0,0,0,0,0,0,0,0,0,0,0,1,0,0
0,1,0,28,93,0,0,0,0,0,0,0,0,0,1,0,0,0,0,0
1,3,1,34,93,0,0,0,0,0,0,0,0,0,0,0,1,0,0,0
1,1,0,34,82,0,0,0,0,0,0,0,0,0,1,0,0,0,0,0
0,7,0,34,88,0,0,1,0,0,0,0,0,0,0,0,0,0,0,0
0,0,0,13,64,1,0,0,0,0,0,0,0,0,0,0,0,0,0,0
0,3,0,18,79,1,0,0,0,0,0,0,0,0,0,0,0,0,0,0
0,1,0,29,61,0,0,0,0,0,0,0,0,0,0,0,0,0,0,0
0,5,0,34,91,0,0,0,0,0,0,0,0,0,0,0,0,1,0,0
0,2,0,14,88,1,0,0,0,0,0,0,0,0,0,0,0,0,0,0
0,1,0,32,63,0,0,0,0,0,0,0,0,0,0,0,1,0,0,0
0,0,0,12,81,0,0,1,0,0,0,0,0,0,0,0,0,0,0,0
0,2,0,24,63,0,0,1,0,0,0,0,0,0,0,0,0,0,0,0
0,2,1,29,71,0,0,1,0,0,0,0,0,0,0,0,0,0,0,0
0,0,0,13,88,0,0,0,0,1,0,0,0,0,0,0,0,0,0,0
0,2,0,5,87,0,0,0,0,0,0,0,0,0,0,1,0,0,0,0
0,2,0,21,74,0,0,0,0,0,0,0,0,0,0,0,0,1,0,0
0,2,0,35,98,0,0,0,0,0,0,1,0,0,0,0,0,0,0,0
0,2,0,16,89,0,0,0,0,1,0,0,0,0,0,0,0,0,0,0
0,2,0,29,65,0,0,0,0,0,0,0,0,0,0,0,0,0,0,0
0,6,0,35,86,0,0,0,0,1,0,0,0,0,0,0,0,0,0,0
0,2,0,11,98,0,0,1,0,0,0,0,0,0,0,0,0,0,0,0
0,2,1,1,60,0,0,0,0,0,0,0,1,0,0,0,0,0,0,0
0,6,0,18,90,0,0,0,0,0,0,0,0,0,0,0,0,1,0,0
0,3,0,5,76,0,0,0,0,0,0,0,1,0,0,0,0,0,0,0
0,4,0,33,74,0,0,0,0,0,0,1,0,0,0,0,0,0,0,0
0,3,0,26,74,0,0,0,0,0,0,0,0,0,0,0,0,0,0,0
0,1,0,25,82,0,0,0,0,0,0,0,0,0,0,0,0,0,1,0
0,2,1,30,89,0,0,0,0,0,0,0,0,0,0,0,0,0,0,0
0,2,0,13,66,0,0,0,0,0,0,0,0,0,0,0,0,0,0,0
0,6,0,10,94,0,0,1,0,0,0,0,0,0,0,0,0,0,0,0
1,1,0,17,88,0,0,0,0,0,1,0,0,0,0,0,0,0,0,0
0,3,0,32,92,0,0,0,0,0,0,0,0,0,1,0,0,0,0,0
0,1,1,3,84,0,0,0,1,0,0,0,0,0,0,0,0,0,0,0
0,0,0,0,85,0,0,0,0,0,0,0,0,0,0,1,0,0,0,0
0,5,1,3,65,0,0,0,0,0,0,0,1,0,0,0,0,0,0,0
0,3,0,21,81,0,0,0,0,1,0,0,0,0,0,0,0,0,0,0
0,3,0,4,69,0,0,0,0,0,0,0,1,0,0,0,0,0,0,0
0,5,1,1,87,0,0,0,1,0,0,0,0,0,0,0,0,0,0,0
1,1,0,20,70,0,0,1,0,0,0,0,0,0,0,0,0,0,0,0
0,7,1,16,73,0,0,0,0,1,0,0,0,0,0,0,0,0,0,0
0,1,0,13,85,0,0,0,0,0,0,0,0,0,0,0,0,0,1,0
0,0,0,30,71,0,0,0,0,0,0,0,0,0,0,0,0,0,0,0
0,3,0,7,60,0,0,0,0,0,0,0,0,0,0,0,0,0,0,0
0,1,0,8,62,0,0,0,0,0,0,0,0,0,0,0,0,0,0,0
0,0,0,8,95,0,0,0,0,0,0,0,0,0,0,1,0,0,0,0
0,9,1,11,85,0,0,0,0,1,0,0,0,0,0,0,0,0,0,0
0,2,0,35,86,1,0,0,0,0,0,0,0,0,0,0,0,0,0,0
0,1,0,33,90,0,0,0,0,0,0,1,0,0,0,0,0,0,0,0
0,3,0,11,92,0,0,0,0,0,1,0,0,0,0,0,0,0,0,0
0,3,0,24,66,0,0,1,0,0,0,0,0,0,0,0,0,0,0,0
0,7,0,4,66,0,0,0,1,0,0,0,0,0,0,0,0,0,0,0
0,1,0,1,72,0,0,0,0,0,0,0,1,0,0,0,0,0,0,0
0,1,1,12,65,0,0,0,0,1,0,0,0,0,0,0,0,0,0,0
0,7,0,28,82,0,0,0,0,1,0,0,0,0,0,0,0,0,0,0
0,2,0,20,82,1,0,0,0,0,0,0,0,0,0,0,0,0,0,0
1,4,0,1,85,0,0,0,1,0,0,0,0,0,0,0,0,0,0,0
0,3,0,27,70,0,0,0,0,1,0,0,0,0,0,0,0,0,0,0
0,1,0,18,73,0,0,0,0,0,0,0,0,0,0,0,0,0,0,0
0,5,1,7,66,0,0,0,0,0,0,0,0,1,0,0,0,0,0,0
0,5,0,31,81,0,0,0,0,0,0,0,0,0,1,0,0,0,0,0
0,4,0,1,57,0,0,0,1,0,0,0,0,0,0,0,0,0,0,0
0,4,1,30,90,1,0,0,0,0,0,0,0,0,0,0,0,0,0,0
0,2,1,28,94,0,0,0,0,0,0,0,0,0,1,0,0,0,0,0
0,6,0,6,64,0,0,0,0,0,0,0,0,0,0,1,0,0,0,0
0,7,0,3,74,0,0,0,0,0,0,0,0,0,0,0,0,0,0,0
0,0,0,17,83,0,0,0,0,0,1,0,0,0,0,0,0,0,0,0
0,4,0,29,65,0,0,0,0,0,0,1,0,0,0,0,0,0,0,0
0,3,0,28,83,1,0,0,0,0,0,0,0,0,0,0,0,0,0,0
1,6,1,2,95,0,0,0,1,0,0,0,0,0,0,0,0,0,0,0
0,6,1,28,73,0,0,0,0,0,0,0,0,0,0,0,0,1,0,0
0,3,1,26,70,1,0,0,0,0,0,0,0,0,0,0,0,0,0,0
0,7,0,26,82,0,0,0,0,0,0,0,0,0,0,0,0,0,1,0
1,1,0,26,85,0,0,0,0,0,0,0,0,0,0,0,0,1,0,0
0,4,1,10,65,0,0,1,0,0,0,0,0,0,0,0,0,0,0,0
1,1,0,30,98,0,0,0,0,0,0,0,0,0,0,0,0,1,0,0
1,1,0,33,92,0,0,0,0,0,0,0,0,0,0,0,0,0,1,0
0,1,0,18,71,1,0,0,0,0,0,0,0,0,0,0,0,0,0,0
0,2,0,16,75,0,0,0,0,0,0,0,0,0,0,0,0,0,0,1
0,3,1,21,79,0,0,0,0,0,0,1,0,0,0,0,0,0,0,0
0,1,0,24,62,0,0,0,0,0,0,0,0,0,0,0,0,1,0,0
0,5,0,27,100,0,0,0,0,1,0,0,0,0,0,0,0,0,0,0
0,3,0,14,74,0,0,0,0,0,0,0,0,1,0,0,0,0,0,0
0,8,0,30,65,0,0,0,0,0,0,0,0,0,0,0,0,1,0,0
0,3,0,35,85,0,0,0,0,0,0,1,0,0,0,0,0,0,0,0
1,1,0,15,67,1,0,0,0,0,0,0,0,0,0,0,0,0,0,0
1,0,1,9,69,0,0,0,0,0,0,0,0,0,0,1,0,0,0,0
0,2,0,3,85,0,1,0,0,0,0,0,0,0,0,0,0,0,0,0
0,2,0,1,88,0,1,0,0,0,0,0,0,0,0,0,0,0,0,0
0,5,1,32,65,0,0,0,0,0,0,0,0,0,0,0,0,1,0,0
0,0,0,35,89,0,0,1,0,0,0,0,0,0,0,0,0,0,0,0
0,3,0,2,93,0,0,0,0,0,0,0,1,0,0,0,0,0,0,0
0,1,0,13,91,0,0,0,0,0,0,0,0,1,0,0,0,0,0,0
0,1,0,5,75,0,0,0,0,0,0,0,0,0,0,1,0,0,0,0
0,2,0,21,81,0,0,0,0,1,0,0,0,0,0,0,0,0,0,0
0,0,0,31,72,0,0,0,0,0,0,0,0,0,0,0,0,1,0,0
0,4,0,31,92,0,0,0,0,0,0,0,0,0,1,0,0,0,0,0
0,2,0,13,65,0,0,0,0,1,0,0,0,0,0,0,0,0,0,0
0,3,0,28,88,1,0,0,0,0,0,0,0,0,0,0,0,0,0,0
0,5,0,27,89,0,0,0,0,0,0,0,0,0,0,0,0,1,0,0
0,2,0,33,98,0,0,0,0,0,0,0,0,0,0,0,0,1,0,0
0,4,0,5,95,0,0,0,0,0,0,0,1,0,0,0,0,0,0,0
0,2,0,2,74,0,0,0,0,0,0,0,0,0,0,0,0,0,0,0
0,1,0,22,90,0,0,1,0,0,0,0,0,0,0,0,0,0,0,0
0,3,0,17,92,0,0,0,0,1,0,0,0,0,0,0,0,0,0,0
0,1,0,14,73,0,0,0,0,1,0,0,0,0,0,0,0,0,0,0
0,1,0,3,67,0,0,0,0,0,0,0,0,1,0,0,0,0,0,0
0,3,0,4,63,0,0,0,0,0,0,0,1,0,0,0,0,0,0,0
0,2,0,31,99,0,0,1,0,0,0,0,0,0,0,0,0,0,0,0
0,1,0,16,100,0,0,0,0,1,0,0,0,0,0,0,0,0,0,0
0,5,0,15,81,0,0,0,0,0,0,0,0,0,0,0,0,0,0,0
0,7,1,18,80,0,0,0,0,0,0,0,0,0,0,0,0,0,0,0
0,0,0,23,90,0,0,0,0,0,0,0,0,0,0,0,0,1,0,0
0,2,0,6,86,0,0,0,0,0,0,0,0,0,0,0,0,0,1,0
0,1,0,33,86,0,0,0,0,0,0,0,0,0,1,0,0,0,0,0
0,2,0,10,90,0,0,0,0,0,0,0,0,0,0,0,0,0,0,0
0,9,0,31,76,0,0,0,0,0,0,0,0,0,0,0,0,0,1,0
0,2,0,22,80,1,0,0,0,0,0,0,0,0,0,0,0,0,0,0
0,4,0,35,98,0,0,0,0,0,0,0,0,0,0,0,0,1,0,0
0,6,0,27,72,0,0,0,0,0,0,1,0,0,0,0,0,0,0,0
0,0,1,14,84,1,0,0,0,0,0,0,0,0,0,0,0,0,0,0
0,4,0,29,71,0,0,0,0,0,0,1,0,0,0,0,0,0,0,0
0,1,0,18,96,0,0,0,0,0,0,0,0,0,0,0,0,0,0,1
0,2,0,11,77,0,0,0,0,0,0,0,0,0,0,0,0,0,0,0
0,2,0,19,92,0,0,0,0,0,0,0,0,0,0,0,0,1,0,0
0,1,0,31,68,0,0,0,0,0,0,0,0,0,0,0,0,1,0,0
0,5,1,28,73,0,0,0,0,0,0,0,0,0,0,0,0,0,1,0
0,1,0,16,76,0,0,0,0,0,1,0,0,0,0,0,0,0,0,0
0,3,0,4,73,0,1,0,0,0,0,0,0,0,0,0,0,0,0,0
0,4,0,31,87,0,0,0,0,0,0,0,0,0,0,0,0,0,0,1
0,4,0,29,93,0,0,0,0,0,0,0,0,0,0,0,0,1,0,0
0,5,0,27,85,0,0,0,0,0,0,0,0,0,0,0,0,0,0,0
0,1,0,29,69,0,0,0,0,0,1,0,0,0,0,0,0,0,0,0
0,2,0,29,79,0,0,0,0,0,0,0,0,0,0,0,0,1,0,0
0,3,0,14,95,0,0,0,0,0,0,0,0,0,0,0,0,1,0,0
0,2,0,20,88,0,0,1,0,0,0,0,0,0,0,0,0,0,0,0
1,9,1,3,73,0,0,0,1,0,0,0,0,0,0,0,0,0,0,0
1,3,0,8,98,0,0,0,0,0,0,0,0,0,0,0,0,0,1,0
0,4,1,20,88,0,0,0,0,0,0,0,0,0,0,0,0,1,0,0
0,3,0,34,93,0,0,0,0,1,0,0,0,0,0,0,0,0,0,0
0,2,0,42,96,0,0,0,0,0,0,1,0,0,0,0,0,0,0,0
0,6,0,4,78,0,0,0,0,0,0,0,1,0,0,0,0,0,0,0
0,1,0,29,100,0,0,0,0,1,0,0,0,0,0,0,0,0,0,0
0,3,0,1,78,0,1,0,0,0,0,0,0,0,0,0,0,0,0,0
0,5,0,27,78,0,0,0,0,0,0,0,0,0,0,0,0,1,0,0
0,3,0,29,86,0,0,0,0,0,0,0,0,0,0,0,0,0,0,0
0,6,0,21,88,0,0,0,0,0,0,0,0,0,0,0,0,0,0,0
0,2,0,34,65,0,0,0,0,0,0,0,0,0,0,0,0,1,0,0
0,3,0,33,63,0,0,0,0,0,0,0,0,0,0,0,0,0,1,0
0,9,0,3,51,0,0,0,1,0,0,0,0,0,0,0,0,0,0,0
0,1,0,18,99,0,0,0,0,0,0,0,0,0,0,0,0,1,0,0
0,4,0,32,78,0,0,0,0,0,0,1,0,0,0,0,0,0,0,0
0,1,0,30,93,0,0,0,0,0,0,0,0,0,0,0,0,1,0,0
0,7,0,3,64,0,0,0,0,0,0,0,1,0,0,0,0,0,0,0
0,3,0,26,87,0,0,0,0,0,0,0,0,0,1,0,0,0,0,0
0,4,0,32,97,0,0,1,0,0,0,0,0,0,0,0,0,0,0,0
0,3,0,14,97,0,0,1,0,0,0,0,0,0,0,0,0,0,0,0
0,1,0,33,86,0,0,0,0,1,0,0,0,0,0,0,0,0,0,0
0,1,0,35,93,0,0,1,0,0,0,0,0,0,0,0,0,0,0,0
0,2,1,27,89,0,0,0,0,0,0,0,0,0,1,0,0,0,0,0
0,6,0,31,96,0,0,0,0,0,0,0,0,0,0,0,0,1,0,0
0,0,0,31,78,0,0,0,0,0,0,0,0,0,0,0,0,1,0,0
0,7,1,23,83,1,0,0,0,0,0,0,0,0,0,0,0,0,0,0
0,3,0,4,69,0,1,0,0,0,0,0,0,0,0,0,0,0,0,0
0,0,1,23,61,0,0,0,0,1,0,0,0,0,0,0,0,0,0,0
0,3,0,15,68,0,0,0,0,0,0,0,0,1,0,0,0,0,0,0
0,2,0,24,88,0,0,0,0,0,0,0,0,0,1,0,0,0,0,0
0,2,0,31,76,0,0,0,0,0,0,0,0,0,0,0,0,1,0,0
0,4,0,29,93,0,0,0,0,0,0,0,0,0,1,0,0,0,0,0
0,4,0,6,97,0,0,0,0,0,0,0,0,0,0,0,0,0,0,0
0,7,1,33,82,1,0,0,0,0,0,0,0,0,0,0,0,0,0,0
1,8,1,1,53,0,0,0,1,0,0,0,0,0,0,0,0,0,0,0
0,1,0,29,96,0,0,0,0,0,0,0,0,0,0,0,0,0,1,0
0,3,0,20,93,0,0,0,0,0,0,0,0,0,0,0,0,1,0,0
1,3,0,49,86,0,0,0,0,0,0,1,0,0,0,0,0,0,0,0
0,1,0,23,79,0,0,0,0,0,0,0,0,0,0,0,0,1,0,0
0,1,0,11,70,0,0,0,0,1,0,0,0,0,0,0,0,0,0,0
0,2,0,29,81,0,0,0,0,0,0,0,0,0,0,0,0,0,0,0
0,4,1,32,84,0,0,0,0,0,0,0,0,0,0,0,0,1,0,0
0,9,0,0,87,0,0,0,1,0,0,0,0,0,0,0,0,0,0,0
0,8,1,5,97,0,0,0,1,0,0,0,0,0,0,0,0,0,0,0
0,6,0,1,92,0,0,0,1,0,0,0,0,0,0,0,0,0,0,0
1,1,0,29,84,0,0,0,0,0,0,0,0,0,1,0,0,0,0,0
0,3,0,21,82,0,0,0,0,0,0,1,0,0,0,0,0,0,0,0
0,0,0,30,84,0,0,0,0,0,0,0,0,0,1,0,0,0,0,0
0,1,0,31,61,0,0,0,0,0,0,0,0,0,0,0,0,1,0,0
0,7,0,23,91,0,0,0,0,0,0,0,0,0,0,0,0,0,0,1
0,1,0,23,72,0,0,0,0,0,1,0,0,0,0,0,0,0,0,0
0,5,0,26,69,0,0,1,0,0,0,0,0,0,0,0,0,0,0,0
0,2,0,29,86,0,0,0,0,1,0,0,0,0,0,0,0,0,0,0
1,0,0,32,75,0,0,0,0,0,0,0,0,0,0,0,0,1,0,0
0,2,1,25,74,1,0,0,0,0,0,0,0,0,0,0,0,0,0,0
0,3,0,33,66,0,0,0,0,0,0,0,0,0,0,0,1,0,0,0
0,6,0,33,67,0,0,0,0,0,0,0,0,0,0,0,0,0,0,0
1,3,0,23,61,0,0,0,0,0,0,0,0,0,0,0,0,1,0,0
0,0,0,48,89,0,0,0,0,0,0,1,0,0,0,0,0,0,0,0
0,3,0,32,85,0,0,1,0,0,0,0,0,0,0,0,0,0,0,0
1,4,1,3,66,0,0,0,1,0,0,0,0,0,0,0,0,0,0,0
0,1,0,24,78,0,0,0,0,0,0,0,0,0,0,0,0,0,0,0
0,1,0,4,64,0,0,0,0,0,0,0,1,0,0,0,0,0,0,0
1,8,0,0,80,0,0,0,1,0,0,0,0,0,0,0,0,0,0,0
0,0,1,16,88,0,0,0,0,1,0,0,0,0,0,0,0,0,0,0
0,4,0,12,67,0,0,0,0,0,0,0,0,0,0,0,0,0,1,0
1,9,0,4,59,0,0,0,1,0,0,0,0,0,0,0,0,0,0,0
0,3,1,23,73,0,0,0,0,0,0,0,0,0,0,0,0,1,0,0
0,2,0,31,88,0,0,0,0,0,0,0,0,0,0,0,0,0,1,0
1,8,0,3,88,0,0,0,1,0,0,0,0,0,0,0,0,0,0,0
0,5,0,27,97,0,0,0,0,0,1,0,0,0,0,0,0,0,0,0
0,3,1,29,72,0,0,0,0,0,0,0,0,0,0,0,0,1,0,0
0,4,0,17,92,0,0,0,0,0,0,0,0,0,0,0,0,1,0,0
1,3,0,18,91,0,0,1,0,0,0,0,0,0,0,0,0,0,0,0
0,5,0,15,94,0,0,0,0,0,0,0,0,1,0,0,0,0,0,0
0,1,0,32,89,0,0,0,0,0,0,0,0,0,0,0,0,0,0,1
0,5,1,3,67,0,0,0,1,0,0,0,0,0,0,0,0,0,0,0
0,7,0,25,63,0,0,0,0,0,0,0,0,0,0,0,0,1,0,0
1,1,1,0,70,0,0,0,0,0,0,0,0,0,0,1,0,0,0,0
1,1,0,29,96,0,0,0,0,0,0,0,0,0,0,0,0,0,1,0
0,5,0,25,94,0,0,0,0,0,0,0,0,0,0,0,0,0,0,1
0,2,0,23,94,0,0,0,0,0,0,0,0,0,0,0,0,1,0,0
0,7,1,11,91,0,0,0,0,1,0,0,0,0,0,0,0,0,0,0
0,4,1,0,98,0,0,0,1,0,0,0,0,0,0,0,0,0,0,0
0,7,1,12,64,0,0,1,0,0,0,0,0,0,0,0,0,0,0,0
0,6,1,24,71,0,0,0,0,0,0,0,0,0,0,0,0,0,0,0
1,6,0,2,90,0,0,0,1,0,0,0,0,0,0,0,0,0,0,0
0,7,0,5,60,0,0,0,0,0,0,0,1,0,0,0,0,0,0,0
0,5,1,23,92,0,0,0,0,0,0,1,0,0,0,0,0,0,0,0
1,6,0,1,90,0,0,0,1,0,0,0,0,0,0,0,0,0,0,0
0,4,0,32,82,0,0,0,0,0,0,0,0,0,0,0,1,0,0,0
0,1,0,34,79,0,0,0,0,0,0,0,0,0,0,0,1,0,0,0
0,1,0,24,95,0,0,0,0,0,0,0,0,0,1,0,0,0,0,0
0,2,0,21,77,0,0,1,0,0,0,0,0,0,0,0,0,0,0,0
0,2,0,14,94,0,0,0,0,0,1,0,0,0,0,0,0,0,0,0
0,3,0,25,76,0,0,0,0,0,0,0,0,0,0,0,0,1,0,0
0,1,1,26,98,0,0,0,0,0,1,0,0,0,0,0,0,0,0,0
0,6,0,5,82,0,0,0,0,0,0,0,1,0,0,0,0,0,0,0
0,2,0,15,62,0,0,0,0,0,0,0,0,0,0,0,0,0,0,0
0,0,1,14,99,0,0,1,0,0,0,0,0,0,0,0,0,0,0,0
0,3,0,47,86,0,0,0,0,0,0,1,0,0,0,0,0,0,0,0
0,5,1,3,91,0,0,0,0,0,0,0,0,0,0,1,0,0,0,0
0,1,1,42,90,0,0,0,0,0,0,1,0,0,0,0,0,0,0,0
0,1,0,22,95,0,0,0,0,1,0,0,0,0,0,0,0,0,0,0
0,4,0,50,89,0,0,0,0,0,0,1,0,0,0,0,0,0,0,0
1,7,0,29,64,1,0,0,0,0,0,0,0,0,0,0,0,0,0,0
0,1,1,25,87,0,0,0,0,0,0,0,0,0,1,0,0,0,0,0
0,9,0,3,83,0,0,0,1,0,0,0,0,0,0,0,0,0,0,0
1,7,0,12,99,0,0,0,0,0,0,0,0,0,0,0,0,0,0,0
0,1,0,1,69,0,0,0,1,0,0,0,0,0,0,0,0,0,0,0
0,3,0,27,64,1,0,0,0,0,0,0,0,0,0,0,0,0,0,0
0,2,0,47,90,0,0,0,0,0,0,1,0,0,0,0,0,0,0,0
0,1,0,11,78,0,0,0,0,0,0,0,0,0,0,0,0,0,0,0
0,2,1,14,99,0,0,0,0,0,0,0,0,0,0,0,0,1,0,0
0,7,0,33,88,0,0,0,0,0,0,0,0,0,0,0,0,0,1,0
0,2,0,31,83,0,0,0,0,0,0,0,0,0,1,0,0,0,0,0
0,3,0,1,81,0,0,0,0,0,0,0,0,0,0,1,0,0,0,0
0,1,0,11,87,0,0,0,0,0,0,0,0,1,0,0,0,0,0,0
0,1,0,1,61,0,0,0,0,0,0,0,1,0,0,0,0,0,0,0
1,0,0,12,70,0,0,0,0,0,0,0,0,0,0,0,0,0,0,0
0,2,1,18,61,0,0,0,0,1,0,0,0,0,0,0,0,0,0,0
1,6,0,5,53,0,0,0,1,0,0,0,0,0,0,0,0,0,0,0
0,5,1,27,94,0,0,0,0,0,0,0,0,0,1,0,0,0,0,0
0,2,0,28,97,0,0,0,0,0,0,0,0,0,0,0,0,1,0,0
0,5,0,1,83,0,0,0,1,0,0,0,0,0,0,0,0,0,0,0
0,7,0,42,96,0,0,0,0,0,0,1,0,0,0,0,0,0,0,0
0,4,0,31,93,0,0,0,0,0,0,0,0,0,0,0,0,1,0,0
0,1,1,5,83,0,0,0,0,0,0,0,0,0,0,1,0,0,0,0
0,3,0,46,88,0,0,0,0,0,0,1,0,0,0,0,0,0,0,0
0,5,0,26,86,0,0,0,0,0,0,0,0,0,1,0,0,0,0,0
0,4,0,27,76,0,0,0,0,0,0,0,0,0,0,0,0,0,0,1
1,7,0,28,79,0,0,0,0,0,0,0,0,0,0,0,0,1,0,0
0,1,0,33,97,0,0,0,0,0,0,1,0,0,0,0,0,0,0,0
0,3,0,16,100,0,0,1,0,0,0,0,0,0,0,0,0,0,0,0
0,7,0,10,69,0,0,0,0,0,0,0,0,1,0,0,0,0,0,0
0,1,0,12,86,0,0,0,0,0,0,0,0,0,0,0,0,0,1,0
0,4,0,32,100,1,0,0,0,0,0,0,0,0,0,0,0,0,0,0
0,8,0,0,71,0,0,0,1,0,0,0,0,0,0,0,0,0,0,0
0,1,0,6,79,0,0,0,0,0,0,0,0,0,0,0,0,0,1,0
0,6,0,5,97,0,1,0,0,0,0,0,0,0,0,0,0,0,0,0
0,0,0,16,70,0,0,0,0,0,0,0,0,0,0,0,0,1,0,0
0,5,1,4,77,0,0,0,0,0,0,0,0,0,0,1,0,0,0,0
0,2,0,35,92,0,0,0,0,0,0,0,0,0,0,0,0,0,0,0
0,0,0,14,92,0,0,0,0,1,0,0,0,0,0,0,0,0,0,0
0,8,0,3,80,0,0,0,1,0,0,0,0,0,0,0,0,0,0,0
0,3,0,12,81,0,0,0,0,0,0,0,0,0,0,0,0,0,0,0
0,5,1,19,66,0,0,0,0,0,0,0,0,0,0,0,0,0,1,0
0,2,0,2,73,0,0,0,0,0,1,0,0,0,0,0,0,0,0,0
0,4,0,3,61,0,0,0,0,0,0,0,1,0,0,0,0,0,0,0
0,1,0,48,93,0,0,0,0,0,0,1,0,0,0,0,0,0,0,0
0,2,0,32,95,0,0,0,0,0,0,0,0,0,1,0,0,0,0,0
0,5,0,16,75,0,0,1,0,0,0,0,0,0,0,0,0,0,0,0
1,6,0,15,71,0,0,0,0,1,0,0,0,0,0,0,0,0,0,0
0,3,1,26,68,0,0,0,0,0,0,0,0,0,0,0,0,1,0,0
0,5,0,46,97,0,0,0,0,0,0,1,0,0,0,0,0,0,0,0
1,4,0,31,81,0,0,0,0,0,0,0,0,0,0,0,1,0,0,0
0,6,0,21,74,1,0,0,0,0,0,0,0,0,0,0,0,0,0,0
0,6,0,5,68,0,0,0,1,0,0,0,0,0,0,0,0,0,0,0
1,5,0,15,76,0,0,0,0,0,0,0,0,0,0,0,0,1,0,0
0,4,0,32,82,0,0,0,0,0,0,0,0,0,1,0,0,0,0,0
1,5,0,4,58,0,0,0,1,0,0,0,0,0,0,0,0,0,0,0
0,1,0,31,60,0,0,0,0,0,0,0,0,0,0,0,1,0,0,0
0,2,0,19,69,0,0,0,0,0,0,0,0,0,0,0,0,1,0,0
0,1,0,29,80,0,0,0,0,0,0,0,0,0,1,0,0,0,0,0
0,3,0,26,92,0,0,0,0,0,0,0,0,0,1,0,0,0,0,0
1,4,0,27,85,0,0,0,0,0,0,0,0,0,1,0,0,0,0,0
0,3,0,35,92,0,0,0,0,0,0,0,0,0,0,0,0,1,0,0
1,1,0,32,69,0,0,1,0,0,0,0,0,0,0,0,0,0,0,0
0,0,0,33,64,1,0,0,0,0,0,0,0,0,0,0,0,0,0,0
0,1,0,18,66,0,0,0,0,0,0,0,0,0,0,0,0,1,0,0
1,5,0,25,88,0,0,0,0,0,0,0,0,0,0,0,0,0,1,0
0,3,0,14,90,0,0,0,0,0,0,0,0,1,0,0,0,0,0,0
1,5,0,8,70,0,0,0,0,0,0,0,0,0,0,1,0,0,0,0
0,3,0,2,100,0,1,0,0,0,0,0,0,0,0,0,0,0,0,0
0,5,0,20,65,1,0,0,0,0,0,0,0,0,0,0,0,0,0,0
0,4,0,21,96,0,0,0,0,0,0,0,0,0,0,0,0,1,0,0
0,5,0,21,77,1,0,0,0,0,0,0,0,0,0,0,0,0,0,0
0,4,0,17,70,0,0,0,0,0,0,0,0,0,0,0,0,1,0,0
0,3,0,27,67,0,0,0,0,0,0,0,0,0,0,0,0,1,0,0
0,2,1,30,83,0,0,0,0,0,0,0,0,0,0,0,1,0,0,0
0,2,0,35,89,0,0,0,0,0,0,0,0,0,1,0,0,0,0,0
1,3,0,30,88,0,0,0,0,0,0,0,0,0,1,0,0,0,0,0
0,4,0,3,100,0,0,0,1,0,0,0,0,0,0,0,0,0,0,0
0,3,1,18,67,0,0,0,0,1,0,0,0,0,0,0,0,0,0,0
1,5,0,15,92,0,0,0,0,0,0,0,0,0,0,0,0,1,0,0
0,5,0,16,69,0,0,0,0,0,1,0,0,0,0,0,0,0,0,0
0,2,0,2,75,0,0,0,0,0,0,0,1,0,0,0,0,0,0,0
1,2,0,34,90,0,0,0,0,0,0,0,0,0,0,0,0,1,0,0
0,3,0,18,93,0,0,0,0,0,0,0,0,0,0,0,0,1,0,0
1,3,1,3,95,0,0,0,1,0,0,0,0,0,0,0,0,0,0,0
0,4,0,8,69,0,0,0,0,0,0,0,0,0,0,0,0,0,1,0
0,4,0,3,81,0,0,0,1,0,0,0,0,0,0,0,0,0,0,0
0,4,1,23,89,0,0,0,0,1,0,0,0,0,0,0,0,0,0,0
0,7,0,3,63,0,0,0,0,0,0,0,1,0,0,0,0,0,0,0
1,1,0,24,82,0,0,0,0,0,0,0,0,0,0,0,0,1,0,0
0,1,0,37,87,0,0,0,0,0,0,1,0,0,0,0,0,0,0,0
0,2,0,28,82,0,0,0,0,0,0,0,0,0,0,0,0,0,0,0
0,3,1,35,87,0,0,0,0,0,0,0,0,0,0,0,0,0,0,0
0,4,1,34,71,0,0,0,0,0,0,1,0,0,0,0,0,0,0,0
0,2,0,24,76,0,0,0,0,0,0,0,0,0,0,0,0,1,0,0
0,1,0,35,89,0,0,0,0,0,0,1,0,0,0,0,0,0,0,0
0,5,1,18,97,0,0,0,0,0,0,0,0,0,0,0,0,0,0,0
0,2,0,16,80,0,0,0,0,1,0,0,0,0,0,0,0,0,0,0
0,5,0,28,75,0,0,0,0,0,0,0,0,0,0,0,0,1,0,0
0,3,0,14,99,0,0,0,0,0,0,0,0,1,0,0,0,0,0,0
0,3,0,25,70,0,0,0,0,0,0,1,0,0,0,0,0,0,0,0
0,4,0,28,80,0,0,0,0,0,0,0,0,0,0,0,0,0,1,0
0,0,0,15,100,0,0,0,0,0,0,0,0,0,0,0,0,1,0,0
0,2,0,34,97,0,0,0,0,0,0,0,0,0,1,0,0,0,0,0
0,2,0,27,81,0,0,0,0,0,0,0,0,0,1,0,0,0,0,0
0,3,0,33,63,0,0,0,0,0,0,0,0,0,0,0,1,0,0,0
0,0,0,27,99,0,0,0,0,0,0,0,0,0,1,0,0,0,0,0
0,2,0,26,93,0,0,0,0,0,0,0,0,0,1,0,0,0,0,0
0,1,0,20,92,0,0,1,0,0,0,0,0,0,0,0,0,0,0,0
0,2,0,8,78,0,0,0,0,0,0,0,0,1,0,0,0,0,0,0
0,1,0,14,66,0,0,1,0,0,0,0,0,0,0,0,0,0,0,0
0,4,0,19,60,1,0,0,0,0,0,0,0,0,0,0,0,0,0,0
0,0,0,29,95,0,0,0,0,0,0,0,0,0,0,0,0,0,1,0
0,2,1,11,85,0,0,1,0,0,0,0,0,0,0,0,0,0,0,0
0,1,1,4,95,0,0,0,0,0,1,0,0,0,0,0,0,0,0,0
0,2,0,33,91,0,0,0,0,0,0,0,0,0,1,0,0,0,0,0
0,1,0,22,60,0,0,0,0,0,0,0,0,0,0,0,0,1,0,0
0,1,0,11,82,0,0,0,0,0,0,0,0,1,0,0,0,0,0,0
0,1,0,12,87,0,0,0,0,0,0,0,0,1,0,0,0,0,0,0
0,9,1,0,95,0,0,0,1,0,0,0,0,0,0,0,0,0,0,0
0,2,1,26,85,0,0,0,0,0,0,0,0,0,1,0,0,0,0,0
0,0,0,19,95,0,0,1,0,0,0,0,0,0,0,0,0,0,0,0
0,1,0,14,65,0,0,1,0,0,0,0,0,0,0,0,0,0,0,0
0,9,0,12,72,0,0,0,0,0,0,0,0,0,0,0,0,0,0,1
0,1,0,18,99,0,0,0,0,0,0,0,0,0,0,0,0,1,0,0
0,5,0,4,53,0,0,0,1,0,0,0,0,0,0,0,0,0,0,0
0,1,0,34,60,0,0,0,0,1,0,0,0,0,0,0,0,0,0,0
0,2,0,21,85,0,0,0,0,0,0,0,0,0,0,0,0,0,0,0
0,1,1,16,81,1,0,0,0,0,0,0,0,0,0,0,0,0,0,0
0,3,0,35,93,0,0,1,0,0,0,0,0,0,0,0,0,0,0,0
0,1,1,41,95,0,0,0,0,0,0,1,0,0,0,0,0,0,0,0
1,5,1,1,53,0,0,0,1,0,0,0,0,0,0,0,0,0,0,0
0,2,0,6,97,0,0,0,0,0,0,0,0,0,0,1,0,0,0,0
0,2,0,18,67,0,0,0,0,0,0,0,0,0,0,0,0,1,0,0
0,1,0,2,92,0,0,0,1,0,0,0,0,0,0,0,0,0,0,0
0,3,0,9,61,0,0,0,0,0,0,0,0,0,0,0,0,0,0,0
0,9,0,1,72,0,0,0,1,0,0,0,0,0,0,0,0,0,0,0
0,2,0,31,62,0,0,0,0,0,0,0,0,0,0,0,0,1,0,0
0,1,0,21,87,0,0,0,0,0,0,0,0,0,0,0,0,1,0,0
0,5,0,26,90,1,0,0,0,0,0,0,0,0,0,0,0,0,0,0
0,3,0,15,73,1,0,0,0,0,0,0,0,0,0,0,0,0,0,0
0,2,0,19,66,0,0,0,0,0,0,0,0,0,0,0,0,0,0,0
0,1,1,3,79,0,0,0,0,0,0,0,1,0,0,0,0,0,0,0
1,9,1,22,80,0,0,0,0,0,0,0,0,0,0,0,0,1,0,0
1,1,0,1,69,0,0,0,1,0,0,0,0,0,0,0,0,0,0,0
0,3,0,32,98,0,0,0,0,0,0,1,0,0,0,0,0,0,0,0
0,2,0,32,90,0,0,0,0,0,0,0,0,0,0,0,0,1,0,0
0,2,0,4,77,0,0,0,1,0,0,0,0,0,0,0,0,0,0,0
0,2,0,21,100,1,0,0,0,0,0,0,0,0,0,0,0,0,0,0
0,3,0,35,90,0,0,0,0,1,0,0,0,0,0,0,0,0,0,0
0,1,0,35,87,0,0,0,0,0,0,0,0,0,1,0,0,0,0,0
0,1,1,20,96,0,0,1,0,0,0,0,0,0,0,0,0,0,0,0
0,1,0,35,85,0,0,0,0,1,0,0,0,0,0,0,0,0,0,0
1,6,0,2,54,0,0,0,1,0,0,0,0,0,0,0,0,0,0,0
0,4,0,3,97,0,1,0,0,0,0,0,0,0,0,0,0,0,0,0
0,2,0,5,91,0,0,0,0,0,0,0,0,0,0,0,0,0,0,0
0,0,0,21,74,0,0,0,0,0,0,0,0,0,0,0,0,0,0,0
0,2,0,14,92,0,0,0,0,0,0,0,0,0,0,0,0,1,0,0
0,3,0,26,86,1,0,0,0,0,0,0,0,0,0,0,0,0,0,0
1,1,0,31,78,0,0,0,0,0,0,1,0,0,0,0,0,0,0,0
0,2,0,28,88,1,0,0,0,0,0,0,0,0,0,0,0,0,0,0
0,1,1,19,96,0,0,0,0,0,0,0,0,0,0,0,0,1,0,0
0,3,0,17,98,0,0,0,0,0,0,0,0,0,0,0,0,0,1,0
0,2,0,23,79,0,0,0,0,0,0,0,0,0,0,0,0,1,0,0
0,6,0,0,96,0,0,0,1,0,0,0,0,0,0,0,0,0,0,0
0,1,0,3,91,0,0,0,0,0,0,0,0,0,0,1,0,0,0,0
0,1,0,1,91,0,0,0,0,0,0,0,1,0,0,0,0,0,0,0
0,3,0,43,98,0,0,0,0,0,0,1,0,0,0,0,0,0,0,0
0,1,0,47,93,0,0,0,0,0,0,1,0,0,0,0,0,0,0,0
0,1,0,9,65,0,0,0,0,0,0,0,0,1,0,0,0,0,0,0
1,4,0,5,69,0,0,0,1,0,0,0,0,0,0,0,0,0,0,0
0,5,0,9,82,0,0,0,0,0,0,0,0,0,0,1,0,0,0,0
0,1,0,27,87,1,0,0,0,0,0,0,0,0,0,0,0,0,0,0
0,6,1,11,97,0,0,1,0,0,0,0,0,0,0,0,0,0,0,0
0,7,0,5,69,0,0,0,1,0,0,0,0,0,0,0,0,0,0,0
0,5,0,21,72,0,0,0,0,0,0,0,0,0,0,0,0,1,0,0
1,3,0,18,68,0,0,1,0,0,0,0,0,0,0,0,0,0,0,0
0,4,0,3,81,0,0,0,0,0,0,0,0,1,0,0,0,0,0,0
0,1,0,32,74,0,0,0,0,0,0,1,0,0,0,0,0,0,0,0
0,2,0,3,63,0,0,0,0,0,0,0,0,0,0,0,0,0,0,0
0,2,0,17,86,0,0,0,0,0,0,0,0,0,0,0,0,0,1,0
0,0,0,17,63,0,0,0,0,0,0,0,0,0,0,0,0,1,0,0
0,2,1,12,83,0,0,1,0,0,0,0,0,0,0,0,0,0,0,0
0,3,0,46,92,0,0,0,0,0,0,1,0,0,0,0,0,0,0,0
0,1,0,19,62,1,0,0,0,0,0,0,0,0,0,0,0,0,0,0
0,2,0,30,77,0,0,0,0,1,0,0,0,0,0,0,0,0,0,0
0,2,0,20,65,0,0,0,0,0,0,0,0,0,0,0,0,1,0,0
