part_time_job,absence_days,extracurricular_activities,weekly_self_study_hours,physics_score,career_Accountant,career_Artist,career_Banker,career_Business Owner,career_Construction Engineer,career_Designer,career_Doctor,career_Game Developer,career_Government Officer,career_Lawyer,career_Real Estate Developer,career_Scientist,career_Software Engineer,career_Stock Investor,career_Unknown,career_Writer
0,3,0,27,93,0,0,0,0,0,0,0,0,0,1,0,0,0,0,0,0
0,5,0,10,65,0,0,0,0,0,0,0,0,0,0,0,0,0,0,1,0
0,3,1,23,97,0,0,0,0,0,0,0,0,0,0,0,0,1,0,0,0
1,2,1,34,82,0,0,0,0,0,0,0,0,0,0,0,0,1,0,0,0
0,6,0,25,94,0,0,0,0,0,0,0,0,0,0,0,0,0,0,1,0
0,1,0,7,100,0,0,0,0,0,0,0,0,0,0,0,0,0,0,1,0
0,6,0,0,78,0,0,0,1,0,0,0,0,0,0,0,0,0,0,0,0
0,2,1,28,85,0,0,0,0,0,0,0,0,0,0,0,0,1,0,0,0
0,1,0,37,92,0,0,0,0,0,0,1,0,0,0,0,0,0,0,0,0
1,3,0,15,72,0,0,0,0,0,0,0,0,0,0,0,0,1,0,0,0
0,8,0,4,78,0,0,0,1,0,0,0,0,0,0,0,0,0,0,0,0
0,9,0,1,81,0,0,0,1,0,0,0,0,0,0,0,0,0,0,0,0
0,3,0,34,80,0,0,1,0,0,0,0,0,0,0,0,0,0,0,0,0
0,0,0,23,93,0,0,0,0,0,0,0,0,0,0,0,0,0,0,0,1
0,1,1,17,99,1,0,0,0,0,0,0,0,0,0,0,0,0,0,0,0
0,4,0,30,98,1,0,0,0,0,0,0,0,0,0,0,0,0,0,0,0
0,2,1,19,87,0,0,0,0,1,0,0,0,0,0,0,0,0,0,0,0
0,1,0,29,85,0,0,0,0,1,0,0,0,0,0,0,0,0,0,0,0
0,4,0,21,64,0,0,1,0,0,0,0,0,0,0,0,0,0,0,0,0
0,4,0,18,66,1,0,0,0,0,0,0,0,0,0,0,0,0,0,0,0
1,7,0,4,66,0,0,0,1,0,0,0,0,0,0,0,0,0,0,0,0
1,4,0,3,79,0,0,0,1,0,0,0,0,0,0,0,0,0,0,0,0
1,5,1,5,50,0,0,0,1,0,0,0,0,0,0,0,0,0,0,0,0
0,0,1,28,74,0,0,0,0,0,0,0,0,0,0,0,0,0,1,0,0
0,6,1,16,96,0,0,0,0,0,0,0,0,0,0,0,0,0,1,0,0
0,9,0,0,61,0,0,0,1,0,0,0,0,0,0,0,0,0,0,0,0
0,2,0,3,92,0,0,0,0,0,0,0,1,0,0,0,0,0,0,0,0
1,2,0,18,73,0,0,1,0,0,0,0,0,0,0,0,0,0,0,0,0
0,7,0,26,64,0,0,0,0,0,0,0,0,0,0,0,0,1,0,0,0
0,4,0,23,90,0,0,0,0,0,0,0,0,0,0,0,0,1,0,0,0
0,7,0,2,53,0,0,0,1,0,0,0,0,0,0,0,0,0,0,0,0
0,2,0,18,99,0,0,0,0,1,0,0,0,0,0,0,0,0,0,0,0
0,3,0,27,66,0,0,0,0,0,0,0,0,0,0,0,0,1,0,0,0
0,2,0,8,73,0,0,0,0,0,0,0,0,0,0,1,0,0,0,0,0
0,4,0,14,85,0,0,0,0,0,0,0,0,0,0,0,0,1,0,0,0
1,8,0,3,66,0,0,0,1,0,0,0,0,0,0,0,0,0,0,0,0
0,3,0,16,89,0,0,0,0,0,0,0,0,0,0,0,0,1,0,0,0
0,7,0,32,99,0,0,0,0,0,0,0,0,0,0,0,1,0,0,0,0
0,3,0,28,70,0,0,0,0,0,0,0,0,0,0,0,0,0,0,1,0
0,1,0,24,69,0,0,0,0,0,0,0,0,0,0,0,0,1,0,0,0
0,3,0,16,68,0,0,0,0,0,0,0,0,0,0,0,0,0,1,0,0
0,3,0,29,60,0,0,0,0,0,0,0,0,0,0,0,0,1,0,0,0
0,0,0,14,95,1,0,0,0,0,0,0,0,0,0,0,0,0,0,0,0
0,4,0,10,95,0,0,0,0,0,0,0,0,1,0,0,0,0,0,0,0
0,5,0,31,73,0,0,0,0,0,0,0,0,0,0,0,0,1,0,0,0
0,4,0,34,79,0,0,0,0,0,0,0,0,0,0,0,0,0,1,0,0
0,3,0,4,93,0,0,0,0,0,0,0,0,0,0,1,0,0,0,0,0
1,0,0,28,85,0,0,0,0,0,0,0,0,0,1,0,0,0,0,0,0
0,5,0,29,64,0,0,0,0,0,0,0,0,0,0,0,0,0,0,0,1
1,6,0,1,63,0,1,0,0,0,0,0,0,0,0,0,0,0,0,0,0
0,3,1,31,83,0,0,0,0,0,0,0,0,0,0,0,1,0,0,0,0
0,5,1,13,82,1,0,0,0,0,0,0,0,0,0,0,0,0,0,0,0
0,4,0,24,89,0,0,0,0,0,0,0,0,0,0,0,0,0,1,0,0
1,2,1,4,94,0,0,0,1,0,0,0,0,0,0,0,0,0,0,0,0
0,6,1,0,91,0,0,0,1,0,0,0,0,0,0,0,0,0,0,0,0
0,2,0,24,69,0,0,0,0,0,0,0,0,0,0,0,0,0,0,1,0
0,1,1,19,94,0,0,0,0,0,0,0,0,0,0,0,0,1,0,0,0
0,4,0,26,91,0,0,0,0,0,0,1,0,0,0,0,0,0,0,0,0
0,4,0,41,94,0,0,0,0,0,0,1,0,0,0,0,0,0,0,0,0
0,1,0,3,86,0,0,0,0,0,0,0,1,0,0,0,0,0,0,0,0
0,4,1,14,80,1,0,0,0,0,0,0,0,0,0,0,0,0,0,0,0
0,6,1,27,64,0,0,0,0,0,0,0,0,0,0,0,0,0,0,1,0
1,6,0,0,53,0,0,0,1,0,0,0,0,0,0,0,0,0,0,0,0
0,1,0,3,87,0,0,0,0,0,1,0,0,0,0,0,0,0,0,0,0
0,2,0,12,60,0,0,1,0,0,0,0,0,0,0,0,0,0,0,0,0
0,2,0,23,82,0,0,0,0,0,0,1,0,0,0,0,0,0,0,0,0
0,0,0,16,87,0,0,0,0,0,0,0,0,0,0,0,0,1,0,0,0
1,2,1,3,77,0,1,0,0,0,0,0,0,0,0,0,0,0,0,0,0
0,3,1,18,76,0,0,0,0,0,0,0,0,0,0,0,0,1,0,0,0
0,3,0,6,68,0,0,0,0,0,0,0,0,0,0,1,0,0,0,0,0
0,8,0,2,51,0,0,0,1,0,0,0,0,0,0,0,0,0,0,0,0
0,0,0,34,65,0,0,0,0,0,0,0,0,0,1,0,0,0,0,0,0
0,0,0,8,82,0,0,0,0,0,0,0,0,0,0,1,0,0,0,0,0
0,0,1,13,88,0,0,0,0,0,0,0,0,0,0,0,0,0,0,1,0
1,8,0,1,62,0,0,0,1,0,0,0,0,0,0,0,0,0,0,0,0
1,7,1,3,97,0,0,0,1,0,0,0,0,0,0,0,0,0,0,0,0
1,4,1,33,96,0,0,0,0,0,0,0,0,0,0,0,0,0,0,1,0
0,1,0,12,77,0,0,0,0,0,0,0,0,0,0,0,0,0,0,1,0
1,3,0,24,92,0,0,0,0,1,0,0,0,0,0,0,0,0,0,0,0
0,4,0,33,99,0,0,0,0,1,0,0,0,0,0,0,0,0,0,0,0
0,1,1,44,100,0,0,0,0,0,0,1,0,0,0,0,0,0,0,0,0
0,1,0,9,66,0,0,0,0,0,0,0,0,0,0,0,0,0,0,1,0
0,4,1,34,67,0,0,0,0,0,0,0,0,0,0,0,0,1,0,0,0
0,1,0,33,75,0,0,0,0,0,0,0,0,0,1,0,0,0,0,0,0
0,2,0,20,89,0,0,0,0,0,0,0,0,0,0,0,0,0,0,1,0
0,3,0,15,95,1,0,0,0,0,0,0,0,0,0,0,0,0,0,0,0
0,4,0,12,89,0,0,0,0,1,0,0,0,0,0,0,0,0,0,0,0
0,2,1,5,86,0,0,0,0,0,0,0,0,0,0,0,0,0,0,1,0
0,1,0,31,75,0,0,0,0,0,0,0,0,0,1,0,0,0,0,0,0
0,8,1,5,75,0,0,0,1,0,0,0,0,0,0,0,0,0,0,0,0
0,5,0,26,91,0,0,0,0,0,0,0,0,0,0,0,0,0,0,1,0
0,1,1,26,79,0,0,0,0,0,0,0,0,0,0,0,0,1,0,0,0
0,5,0,9,82,0,0,0,0,0,0,0,0,0,0,0,0,0,1,0,0
0,4,0,21,62,0,0,0,0,0,0,0,0,0,0,0,0,1,0,0,0
0,1,1,34,100,1,0,0,0,0,0,0,0,0,0,0,0,0,0,0,0
0,6,1,27,91,0,0,0,0,0,0,0,0,0,0,0,0,1,0,0,0
0,3,0,17,81,0,0,0,0,0,0,0,0,0,0,0,0,1,0,0,0
0,5,0,0,68,0,0,0,0,0,0,0,0,0,0,0,0,0,0,1,0
0,3,1,12,77,1,0,0,0,0,0,0,0,0,0,0,0,0,0,0,0
0,0,0,41,90,0,0,0,0,0,0,1,0,0,0,0,0,0,0,0,0
0,4,0,32,86,0,0,0,0,1,0,0,0,0,0,0,0,0,0,0,0
1,1,0,4,60,0,0,0,1,0,0,0,0,0,0,0,0,0,0,0,0
0,2,0,2,82,0,1,0,0,0,0,0,0,0,0,0,0,0,0,0,0
0,6,1,34,72,0,0,1,0,0,0,0,0,0,0,0,0,0,0,0,0
0,3,0,2,94,0,0,0,0,0,0,0,0,0,0,1,0,0,0,0,0
0,7,0,33,75,0,0,0,0,0,0,0,0,0,0,0,0,1,0,0,0
0,5,0,17,96,0,0,0,0,0,1,0,0,0,0,0,0,0,0,0,0
0,7,0,4,74,0,0,0,1,0,0,0,0,0,0,0,0,0,0,0,0
0,3,0,6,61,0,0,0,0,0,0,0,0,0,0,1,0,0,0,0,0
0,7,0,9,65,0,0,0,0,0,0,0,0,0,0,0,0,0,0,1,0
1,2,0,35,98,0,0,0,0,0,0,0,0,0,0,0,0,1,0,0,0
0,5,0,16,92,0,0,0,0,0,1,0,0,0,0,0,0,0,0,0,0
1,7,0,0,81,0,0,0,1,0,0,0,0,0,0,0,0,0,0,0,0
0,2,0,27,95,0,0,0,0,0,0,0,0,0,1,0,0,0,0,0,0
0,0,0,24,86,0,0,0,0,1,0,0,0,0,0,0,0,0,0,0,0
0,2,0,30,77,0,0,0,0,0,0,0,0,0,0,0,0,0,0,1,0
0,6,0,20,99,0,0,0,0,0,0,0,0,0,0,0,0,1,0,0,0
0,0,0,27,91,0,0,0,0,0,0,0,0,0,0,0,0,1,0,0,0
0,6,0,2,85,0,0,0,1,0,0,0,0,0,0,0,0,0,0,0,0
1,1,0,27,61,0,0,1,0,0,0,0,0,0,0,0,0,0,0,0,0
0,4,1,24,97,1,0,0,0,0,0,0,0,0,0,0,0,0,0,0,0
0,4,0,23,92,1,0,0,0,0,0,0,0,0,0,0,0,0,0,0,0
0,1,0,15,94,0,0,0,0,0,0,0,0,1,0,0,0,0,0,0,0
0,3,0,25,68,0,0,0,0,0,0,0,0,0,0,0,0,0,1,0,0
0,3,0,35,94,0,0,0,0,0,0,0,0,0,1,0,0,0,0,0,0
0,1,0,3,80,0,0,0,0,0,0,0,1,0,0,0,0,0,0,0,0
0,3,0,35,92,0,0,0,0,0,0,0,0,0,0,0,0,0,0,1,0
0,2,0,12,82,0,0,0,0,1,0,0,0,0,0,0,0,0,0,0,0
0,4,0,2,65,0,1,0,0,0,0,0,0,0,0,0,0,0,0,0,0
1,2,0,16,63,0,0,0,0,0,0,0,0,0,0,0,0,0,0,1,0
0,5,0,4,80,0,0,0,1,0,0,0,0,0,0,0,0,0,0,0,0
0,3,0,19,81,0,0,0,0,0,0,0,0,0,0,0,0,0,0,1,0
0,1,0,3,98,0,0,0,1,0,0,0,0,0,0,0,0,0,0,0,0
0,0,0,25,73,0,0,0,0,0,0,0,0,0,0,0,0,0,0,1,0
0,1,0,24,82,0,0,0,0,0,0,0,0,0,1,0,0,0,0,0,0
0,1,0,15,90,0,0,0,0,0,0,0,0,0,0,0,0,1,0,0,0
0,1,1,33,96,0,0,0,0,0,0,0,0,0,1,0,0,0,0,0,0
0,3,0,10,87,0,0,1,0,0,0,0,0,0,0,0,0,0,0,0,0
0,5,0,34,96,0,0,0,0,0,0,0,0,0,0,0,1,0,0,0,0
0,3,0,30,83,0,0,0,0,0,0,0,0,0,1,0,0,0,0,0,0
0,5,1,29,94,0,0,0,0,0,0,1,0,0,0,0,0,0,0,0,0
0,4,0,31,76,0,0,0,0,0,0,0,0,0,0,0,0,0,0,1,0
0,2,0,2,97,0,0,0,0,0,0,0,1,0,0,0,0,0,0,0,0
0,3,0,20,81,0,0,0,0,0,0,0,0,0,0,0,0,1,0,0,0
0,1,1,11,70,0,0,0,0,0,0,0,0,0,0,0,0,0,1,0,0
0,1,0,34,89,0,0,0,0,0,0,0,0,0,0,0,1,0,0,0,0
0,2,0,35,87,0,0,0,0,0,0,0,0,0,0,0,0,0,0,1,0
0,4,0,20,74,0,0,0,0,0,0,0,0,0,0,0,0,1,0,0,0
0,7,0,1,51,0,0,0,1,0,0,0,0,0,0,0,0,0,0,0,0
1,6,0,17,71,0,0,0,0,0,0,0,0,0,0,0,0,1,0,0,0
0,6,0,34,99,0,0,0,0,0,0,1,0,0,0,0,0,0,0,0,0
0,3,0,8,95,0,0,0,0,0,0,0,0,0,0,0,0,0,0,1,0
0,3,0,4,85,0,0,0,0,0,0,0,0,0,0,0,0,0,0,1,0
0,1,0,13,96,0,0,0,0,0,0,0,0,0,0,0,0,0,0,0,1
0,2,0,27,60,0,0,0,0,0,0,0,0,0,1,0,0,0,0,0,0
0,5,0,32,62,0,0,0,0,0,0,0,0,0,0,0,0,0,0,1,0
0,1,0,31,86,0,0,0,0,1,0,0,0,0,0,0,0,0,0,0,0
1,9,0,0,50,0,0,0,1,0,0,0,0,0,0,0,0,0,0,0,0
0,7,0,6,78,0,0,0,0,0,0,0,0,1,0,0,0,0,0,0,0
0,2,0,7,88,0,0,0,0,0,0,0,0,1,0,0,0,0,0,0,0
0,1,0,32,95,0,0,0,0,0,0,0,0,0,1,0,0,0,0,0,0
0,5,1,30,78,0,0,0,0,0,0,0,0,0,0,0,0,1,0,0,0
0,9,0,4,95,0,0,0,1,0,0,0,0,0,0,0,0,0,0,0,0
0,2,0,2,96,0,0,0,0,0,0,0,1,0,0,0,0,0,0,0,0
0,8,1,32,61,0,0,0,0,0,0,0,0,0,1,0,0,0,0,0,0
0,2,0,24,96,0,0,0,0,1,0,0,0,0,0,0,0,0,0,0,0
0,1,0,16,68,0,0,0,0,0,1,0,0,0,0,0,0,0,0,0,0
0,1,0,15,95,0,0,0,0,0,0,0,0,0,0,0,0,0,0,0,1
0,3,0,26,94,0,0,0,0,0,0,0,0,0,0,0,0,1,0,0,0
0,1,1,14,98,0,0,0,0,0,0,0,0,0,0,0,0,0,0,1,0
0,4,0,1,90,0,0,0,0,0,0,0,1,0,0,0,0,0,0,0,0
0,5,0,10,96,0,0,0,0,1,0,0,0,0,0,0,0,0,0,0,0
0,2,0,26,66,0,0,0,0,0,0,0,0,0,0,0,0,0,0,1,0
0,7,1,21,96,0,0,0,0,1,0,0,0,0,0,0,0,0,0,0,0
0,0,0,30,81,0,0,0,0,0,0,0,0,0,0,0,0,1,0,0,0
0,2,0,11,70,0,0,0,0,0,1,0,0,0,0,0,0,0,0,0,0
0,3,0,4,79,0,0,0,0,0,0,0,0,0,0,0,0,0,1,0,0
0,3,0,32,87,0,0,0,0,0,0,0,0,0,0,0,0,1,0,0,0
0,3,0,32,94,0,0,0,0,0,0,0,0,0,0,0,0,0,0,1,0
0,1,0,25,96,0,0,0,0,0,0,0,0,0,1,0,0,0,0,0,0
0,7,1,4,92,0,0,0,0,0,0,0,0,0,0,0,0,0,0,1,0
0,2,0,7,77,0,0,0,0,0,0,0,0,0,0,0,0,0,0,1,0
0,5,0,3,75,0,0,0,0,0,0,0,0,0,0,0,0,0,0,1,0
1,8,0,1,69,0,0,0,1,0,0,0,0,0,0,0,0,0,0,0,0
0,4,1,23,97,0,0,0,0,0,0,0,0,0,0,0,0,0,0,0,1
0,1,0,30,100,0,0,0,0,0,0,0,0,0,0,0,1,0,0,0,0
0,2,0,48,89,0,0,0,0,0,0,1,0,0,0,0,0,0,0,0,0
0,4,1,24,60,0,0,0,0,0,0,0,0,0,0,0,0,1,0,0,0
1,7,0,0,67,0,0,0,1,0,0,0,0,0,0,0,0,0,0,0,0
0,9,0,2,97,0,0,0,1,0,0,0,0,0,0,0,0,0,0,0,0
0,0,0,32,88,0,0,0,0,0,0,0,0,0,0,0,0,1,0,0,0
0,4,0,32,91,0,0,0,0,0,0,0,0,0,0,0,0,1,0,0,0
0,3,0,16,90,0,0,0,0,0,0,0,0,0,0,0,0,0,1,0,0
0,4,0,28,87,0,0,0,0,1,0,0,0,0,0,0,0,0,0,0,0
0,7,0,30,92,0,0,0,0,0,0,0,0,0,0,0,0,1,0,0,0
0,5,0,18,76,1,0,0,0,0,0,0,0,0,0,0,0,0,0,0,0
1,1,0,23,69,0,0,0,0,0,0,0,0,0,0,0,0,1,0,0,0
0,4,1,23,75,0,0,0,0,0,0,0,0,0,0,0,0,1,0,0,0
0,2,1,37,99,0,0,0,0,0,0,1,0,0,0,0,0,0,0,0,0
0,3,0,29,74,1,0,0,0,0,0,0,0,0,0,0,0,0,0,0,0
1,6,0,4,56,0,0,0,1,0,0,0,0,0,0,0,0,0,0,0,0
1,7,0,1,53,0,0,0,1,0,0,0,0,0,0,0,0,0,0,0,0
0,3,1,24,95,0,0,0,0,0,0,0,0,0,0,0,0,1,0,0,0
0,5,0,23,80,0,0,0,0,0,0,0,0,0,0,0,0,1,0,0,0
0,6,0,19,90,0,0,0,0,0,0,0,0,0,0,0,0,0,0,1,0
0,3,0,33,100,0,0,0,0,0,0,1,0,0,0,0,0,0,0,0,0
0,5,0,33,83,0,0,0,0,0,0,0,0,0,0,0,1,0,0,0,0
0,2,0,18,74,0,0,0,0,0,0,0,0,0,0,0,0,1,0,0,0
0,9,0,4,86,0,0,0,1,0,0,0,0,0,0,0,0,0,0,0,0
0,6,0,10,71,0,0,0,0,0,0,0,0,0,0,1,0,0,0,0,0
1,2,0,22,89,0,0,0,0,0,0,0,0,0,0,0,0,1,0,0,0
0,2,0,2,67,0,0,0,0,0,0,0,0,0,0,1,0,0,0,0,0
0,3,0,24,100,0,0,0,0,0,0,1,0,0,0,0,0,0,0,0,0
0,2,0,15,91,0,0,0,0,1,0,0,0,0,0,0,0,0,0,0,0
0,1,0,8,74,0,0,0,0,0,0,0,0,0,0,0,0,0,1,0,0
0,4,0,33,98,0,0,0,0,0,0,0,0,0,0,0,0,1,0,0,0
0,2,0,2,52,0,0,0,1,0,0,0,0,0,0,0,0,0,0,0,0
0,3,0,20,77,0,0,0,0,0,1,0,0,0,0,0,0,0,0,0,0
0,1,0,24,68,1,0,0,0,0,0,0,0,0,0,0,0,0,0,0,0
0,7,0,30,87,0,0,0,0,0,0,1,0,0,0,0,0,0,0,0,0
0,1,0,25,90,0,0,0,0,0,0,0,0,0,0,0,0,0,1,0,0
0,1,0,1,84,0,0,0,0,0,1,0,0,0,0,0,0,0,0,0,0
0,4,0,27,80,0,0,0,0,0,0,0,0,0,0,0,0,1,0,0,0
0,0,1,4,82,0,0,0,0,0,0,0,0,0,0,1,0,0,0,0,0
0,4,0,28,86,0,0,0,0,0,0,0,0,0,0,0,0,1,0,0,0
1,2,0,4,88,0,0,0,1,0,0,0,0,0,0,0,0,0,0,0,0
0,1,0,31,90,0,0,0,0,0,0,0,0,0,0,0,0,1,0,0,0
0,5,0,17,86,0,0,0,0,1,0,0,0,0,0,0,0,0,0,0,0
0,2,0,23,80,0,0,0,0,0,0,1,0,0,0,0,0,0,0,0,0
0,2,0,19,96,0,0,0,0,0,0,0,0,0,0,0,0,1,0,0,0
1,4,1,26,94,0,0,1,0,0,0,0,0,0,0,0,0,0,0,0,0
0,6,0,22,90,0,0,0,0,0,0,1,0,0,0,0,0,0,0,0,0
1,6,1,4,64,0,0,0,1,0,0,0,0,0,0,0,0,0,0,0,0
0,8,1,21,93,0,0,0,0,0,0,0,0,0,0,0,0,0,1,0,0
0,5,0,15,60,0,0,0,0,0,0,0,0,0,0,0,0,0,0,1,0
0,3,1,10,71,0,0,0,0,0,0,0,0,0,0,0,0,0,0,1,0
0,5,1,3,67,0,1,0,0,0,0,0,0,0,0,0,0,0,0,0,0
0,5,0,2,83,0,1,0,0,0,0,0,0,0,0,0,0,0,0,0,0
0,4,0,46,99,0,0,0,0,0,0,1,0,0,0,0,0,0,0,0,0
0,3,0,31,65,0,0,0,0,0,0,0,0,0,0,0,0,0,0,0,1
0,1,0,33,62,0,0,0,0,0,0,0,0,0,1,0,0,0,0,0,0
0,2,0,19,72,1,0,0,0,0,0,0,0,0,0,0,0,0,0,0,0
0,3,0,25,84,0,0,0,0,0,0,0,0,0,0,0,0,1,0,0,0
0,1,0,21,72,0,0,0,0,0,0,0,0,0,0,0,0,0,1,0,0
0,4,0,30,78,0,0,1,0,0,0,0,0,0,0,0,0,0,0,0,0
0,1,1,27,62,0,0,0,0,0,0,0,0,0,0,0,0,1,0,0,0
0,5,0,33,95,0,0,0,0,1,0,0,0,0,0,0,0,0,0,0,0
0,7,0,25,89,0,0,0,0,0,0,0,0,0,0,0,0,1,0,0,0
0,6,0,34,72,0,0,0,0,0,0,0,0,0,1,0,0,0,0,0,0
1,4,0,28,92,0,0,0,0,1,0,0,0,0,0,0,0,0,0,0,0
0,6,0,22,87,0,0,0,0,0,0,0,0,0,0,0,0,1,0,0,0
1,2,0,0,78,0,0,0,1,0,0,0,0,0,0,0,0,0,0,0,0
0,5,0,22,90,0,0,1,0,0,0,0,0,0,0,0,0,0,0,0,0
0,2,0,25,68,0,0,0,0,0,0,0,0,0,0,0,0,0,0,1,0
0,1,0,19,66,0,0,0,0,0,0,0,0,0,0,0,0,0,1,0,0
1,7,0,2,70,0,0,0,1,0,0,0,0,0,0,0,0,0,0,0,0
0,4,0,5,98,0,0,0,0,0,0,0,1,0,0,0,0,0,0,0,0
0,2,0,26,76,0,0,0,0,0,0,0,0,0,1,0,0,0,0,0,0
0,2,0,32,74,0,0,0,0,0,0,0,0,0,0,0,0,0,0,1,0
0,2,0,35,91,0,0,0,0,1,0,0,0,0,0,0,0,0,0,0,0
0,0,0,29,75,0,0,0,0,0,0,0,0,0,1,0,0,0,0,0,0
0,3,1,12,65,0,0,0,0,0,1,0,0,0,0,0,0,0,0,0,0
0,2,0,35,97,0,0,0,0,0,0,1,0,0,0,0,0,0,0,0,0
1,8,0,2,50,0,0,0,1,0,0,0,0,0,0,0,0,0,0,0,0
1,1,0,7,84,0,0,0,0,0,0,0,0,1,0,0,0,0,0,0,0
0,2,0,35,98,0,0,0,0,0,0,0,0,0,0,0,0,0,0,1,0
0,3,1,28,99,0,0,0,0,0,0,0,0,0,1,0,0,0,0,0,0
0,1,1,4,79,0,1,0,0,0,0,0,0,0,0,0,0,0,0,0,0
0,3,1,16,68,0,0,0,0,0,0,0,0,0,0,0,0,1,0,0,0
0,1,0,26,94,1,0,0,0,0,0,0,0,0,0,0,0,0,0,0,0
0,3,0,30,73,0,0,0,0,0,0,0,0,0,0,0,0,0,0,1,0
0,2,0,30,88,0,0,0,0,0,0,0,0,0,0,0,0,1,0,0,0
1,3,1,15,82,0,0,0,0,1,0,0,0,0,0,0,0,0,0,0,0
0,8,1,1,77,0,0,0,1,0,0,0,0,0,0,0,0,0,0,0,0
0,3,1,6,92,0,0,0,0,0,0,0,0,1,0,0,0,0,0,0,0
1,9,1,5,68,0,0,0,1,0,0,0,0,0,0,0,0,0,0,0,0
0,1,0,30,72,0,0,1,0,0,0,0,0,0,0,0,0,0,0,0,0
0,3,1,8,70,0,0,0,0,0,0,0,0,1,0,0,0,0,0,0,0
1,9,0,5,51,0,0,0,1,0,0,0,0,0,0,0,0,0,0,0,0
0,4,0,4,76,0,0,0,0,0,0,0,0,1,0,0,0,0,0,0,0
1,5,0,3,89,0,0,0,1,0,0,0,0,0,0,0,0,0,0,0,0
0,3,0,6,74,0,0,0,0,0,0,0,0,0,0,1,0,0,0,0,0
0,6,0,34,85,0,0,0,0,0,0,0,0,0,1,0,0,0,0,0,0
0,3,0,26,78,0,0,0,0,0,0,0,0,0,0,0,0,1,0,0,0
0,3,0,46,91,0,0,0,0,0,0,1,0,0,0,0,0,0,0,0,0
1,1,0,46,90,0,0,0,0,0,0,1,0,0,0,0,0,0,0,0,0
1,4,0,2,84,0,0,0,0,0,0,0,0,0,0,0,0,0,0,1,0
1,0,0,32,73,0,0,0,0,0,0,0,0,0,0,0,0,0,1,0,0
0,4,1,1,100,0,1,0,0,0,0,0,0,0,0,0,0,0,0,0,0
0,2,1,8,95,0,0,0,0,0,0,0,0,0,0,1,0,0,0,0,0
0,1,0,28,98,0,0,0,0,0,0,0,0,0,1,0,0,0,0,0,0
0,4,0,3,73,0,0,0,1,0,0,0,0,0,0,0,0,0,0,0,0
0,3,0,25,88,0,0,0,0,0,0,0,0,0,1,0,0,0,0,0,0
0,0,0,4,76,0,0,0,0,0,0,0,0,0,0,1,0,0,0,0,0
0,2,0,16,98,0,0,0,0,0,0,0,0,0,0,0,0,0,0,1,0
0,3,0,35,89,0,0,0,0,0,0,0,0,0,0,0,0,1,0,0,0
0,2,0,24,90,0,0,0,0,0,0,1,0,0,0,0,0,0,0,0,0
0,2,1,46,89,0,0,0,0,0,0,1,0,0,0,0,0,0,0,0,0
0,5,0,26,67,0,0,0,0,0,0,0,0,0,0,0,0,0,0,1,0
0,1,0,5,81,0,0,0,0,0,0,0,0,0,0,0,0,0,0,1,0
0,3,0,4,68,0,1,0,0,0,0,0,0,0,0,0,0,0,0,0,0
0,6,0,27,62,0,0,0,0,0,0,0,0,0,1,0,0,0,0,0,0
0,3,0,0,86,0,1,0,0,0,0,0,0,0,0,0,0,0,0,0,0
0,6,1,16,60,1,0,0,0,0,0,0,0,0,0,0,0,0,0,0,0
0,6,1,14,79,0,0,0,0,0,0,0,0,0,0,0,0,0,0,1,0
0,1,0,5,72,0,1,0,0,0,0,0,0,0,0,0,0,0,0,0,0
0,8,1,12,74,0,0,0,0,0,0,0,0,0,0,0,0,0,0,1,0
0,5,0,2,64,0,1,0,0,0,0,0,0,0,0,0,0,0,0,0,0
0,6,0,0,84,0,0,0,1,0,0,0,0,0,0,0,0,0,0,0,0
0,6,1,24,86,1,0,0,0,0,0,0,0,0,0,0,0,0,0,0,0
0,7,0,0,92,0,0,0,1,0,0,0,0,0,0,0,0,0,0,0,0
0,1,0,18,72,0,0,0,0,0,0,0,0,0,0,0,0,1,0,0,0
0,4,0,20,75,0,0,0,0,0,0,0,0,0,0,0,0,1,0,0,0
1,4,0,4,92,0,0,0,1,0,0,0,0,0,0,0,0,0,0,0,0
0,5,0,27,90,0,0,0,0,0,0,0,0,0,1,0,0,0,0,0,0
0,0,1,27,93,0,0,0,0,0,0,1,0,0,0,0,0,0,0,0,0
1,3,1,17,62,0,0,0,0,0,0,0,0,0,0,0,0,1,0,0,0
0,2,1,21,84,0,0,0,0,1,0,0,0,0,0,0,0,0,0,0,0
0,9,1,24,84,0,0,0,0,0,0,0,0,0,1,0,0,0,0,0,0
0,1,0,28,86,1,0,0,0,0,0,0,0,0,0,0,0,0,0,0,0
0,9,0,0,64,0,0,0,1,0,0,0,0,0,0,0,0,0,0,0,0
0,2,0,3,98,0,0,0,0,0,0,0,0,0,0,1,0,0,0,0,0
0,2,0,24,90,0,0,0,0,1,0,0,0,0,0,0,0,0,0,0,0
0,5,1,22,95,0,0,0,0,0,0,0,0,0,0,0,0,1,0,0,0
0,2,0,21,74,0,0,0,0,0,0,0,0,0,0,0,0,0,0,1,0
0,4,0,29,85,0,0,0,0,0,0,0,0,0,1,0,0,0,0,0,0
0,2,0,4,96,0,0,0,0,0,1,0,0,0,0,0,0,0,0,0,0
0,5,0,19,83,1,0,0,0,0,0,0,0,0,0,0,0,0,0,0,0
0,3,0,33,100,0,0,0,0,0,0,0,0,0,0,0,0,1,0,0,0
0,4,0,29,65,0,0,0,0,0,0,0,0,0,0,0,0,0,0,1,0
0,1,1,27,72,0,0,0,0,0,0,0,0,0,1,0,0,0,0,0,0
0,2,1,0,76,0,1,0,0,0,0,0,0,0,0,0,0,0,0,0,0
0,3,0,10,68,0,0,0,0,0,0,0,0,0,0,0,0,0,0,1,0
0,1,1,29,99,0,0,0,0,1,0,0,0,0,0,0,0,0,0,0,0
0,0,1,17,91,0,0,0,0,0,0,0,0,0,0,0,0,1,0,0,0
0,1,0,24,61,0,0,0,0,0,0,0,0,0,0,0,0,0,0,1,0
0,2,0,35,86,0,0,0,0,1,0,0,0,0,0,0,0,0,0,0,0
0,3,0,19,94,0,0,0,0,1,0,0,0,0,0,0,0,0,0,0,0
0,6,0,23,61,0,0,1,0,0,0,0,0,0,0,0,0,0,0,0,0
0,9,0,14,98,0,0,0,0,1,0,0,0,0,0,0,0,0,0,0,0
0,2,0,21,87,0,0,1,0,0,0,0,0,0,0,0,0,0,0,0,0
0,6,0,18,95,0,0,0,0,0,0,0,0,0,0,0,0,0,0,1,0
0,5,1,16,60,0,0,0,0,0,0,0,0,0,0,0,0,0,0,1,0
0,5,0,35,87,1,0,0,0,0,0,0,0,0,0,0,0,0,0,0,0
0,2,0,11,99,0,0,1,0,0,0,0,0,0,0,0,0,0,0,0,0
0,3,0,4,77,0,1,0,0,0,0,0,0,0,0,0,0,0,0,0,0
0,3,0,16,75,0,0,0,0,0,0,0,0,0,0,0,0,1,0,0,0
0,1,0,25,86,0,0,0,0,0,0,0,0,0,0,0,0,0,1,0,0
0,2,1,35,98,0,0,0,0,0,0,0,0,0,0,0,0,0,0,1,0
0,4,0,15,73,0,0,1,0,0,0,0,0,0,0,0,0,0,0,0,0
0,4,1,21,63,0,0,1,0,0,0,0,0,0,0,0,0,0,0,0,0
0,6,1,25,63,0,0,0,0,0,0,0,0,0,1,0,0,0,0,0,0
0,2,1,25,96,0,0,0,0,0,0,0,0,0,0,0,0,0,1,0,0
1,3,0,12,68,0,0,0,0,0,0,0,0,0,0,0,0,0,1,0,0
0,1,0,25,65,0,0,0,0,0,0,0,0,0,0,0,0,0,0,1,0
0,6,0,50,99,0,0,0,0,0,0,1,0,0,0,0,0,0,0,0,0
0,5,0,15,91,0,0,0,0,0,0,0,0,0,0,0,0,1,0,0,0
1,1,0,5,96,0,0,0,1,0,0,0,0,0,0,0,0,0,0,0,0
0,3,0,35,90,0,0,0,0,0,0,0,0,0,0,0,0,1,0,0,0
0,0,0,27,66,0,0,0,0,0,0,0,0,0,0,0,0,0,0,1,0
1,6,0,2,86,0,0,0,1,0,0,0,0,0,0,0,0,0,0,0,0
1,2,1,18,65,0,0,0,0,0,0,0,0,0,0,0,0,1,0,0,0
0,1,0,14,75,0,0,0,0,0,0,0,0,0,0,0,0,1,0,0,0
0,5,1,2,98,0,1,0,0,0,0,0,0,0,0,0,0,0,0,0,0
0,2,0,19,88,0,0,0,0,0,0,0,0,0,0,0,0,1,0,0,0
0,2,0,21,74,0,0,1,0,0,0,0,0,0,0,0,0,0,0,0,0
0,3,0,23,100,0,0,0,0,0,0,1,0,0,0,0,0,0,0,0,0
1,2,0,30,93,0,0,0,0,0,0,0,0,0,0,0,0,1,0,0,0
0,4,0,19,83,0,0,0,0,1,0,0,0,0,0,0,0,0,0,0,0
0,2,0,21,66,0,0,0,0,0,0,0,0,0,0,0,0,1,0,0,0
0,6,0,3,64,0,0,0,1,0,0,0,0,0,0,0,0,0,0,0,0
1,0,0,30,72,0,0,0,0,0,0,0,0,0,0,0,0,0,0,1,0
0,2,0,29,75,0,0,0,0,0,0,0,0,0,0,0,0,1,0,0,0
0,2,1,16,80,0,0,0,0,0,0,0,0,0,0,0,0,1,0,0,0
0,6,0,35,100,0,0,0,0,0,0,0,0,0,0,0,0,0,0,1,0
0,3,0,28,61,0,0,0,0,0,0,0,0,0,0,0,0,1,0,0,0
0,2,0,2,72,0,0,0,0,0,0,0,0,0,0,1,0,0,0,0,0
0,3,0,42,91,0,0,0,0,0,0,1,0,0,0,0,0,0,0,0,0
0,7,0,31,68,0,0,1,0,0,0,0,0,0,0,0,0,0,0,0,0
0,3,0,15,86,1,0,0,0,0,0,0,0,0,0,0,0,0,0,0,0
0,7,0,1,73,0,0,0,1,0,0,0,0,0,0,0,0,0,0,0,0
0,8,0,40,99,0,0,0,0,0,0,1,0,0,0,0,0,0,0,0,0
0,7,0,31,96,0,0,0,0,0,0,0,0,0,1,0,0,0,0,0,0
0,1,0,10,78,0,0,0,0,0,0,0,0,1,0,0,0,0,0,0,0
0,3,0,14,85,0,0,1,0,0,0,0,0,0,0,0,0,0,0,0,0
0,2,0,7,100,0,0,0,0,0,0,0,0,1,0,0,0,0,0,0,0
0,5,0,4,72,0,0,0,1,0,0,0,0,0,0,0,0,0,0,0,0
0,2,0,23,70,0,0,0,0,0,0,0,0,0,0,0,0,0,0,1,0
0,1,1,33,99,0,0,0,0,0,0,0,0,0,0,0,0,0,0,1,0
0,5,1,11,76,0,0,1,0,0,0,0,0,0,0,0,0,0,0,0,0
1,6,0,3,53,0,0,0,1,0,0,0,0,0,0,0,0,0,0,0,0
0,3,0,5,97,0,0,0,0,0,0,0,0,0,0,1,0,0,0,0,0
0,5,0,34,90,0,0,0,0,0,0,0,0,0,0,0,0,1,0,0,0
0,1,0,3,94,0,0,0,0,0,0,0,0,1,0,0,0,0,0,0,0
1,2,1,2,60,0,0,0,1,0,0,0,0,0,0,0,0,0,0,0,0
1,0,0,29,68,0,0,0,0,0,0,0,0,0,0,0,0,1,0,0,0
0,7,0,14,99,0,0,0,0,1,0,0,0,0,0,0,0,0,0,0,0
0,8,0,25,87,0,0,0,0,0,0,1,0,0,0,0,0,0,0,0,0
0,1,1,9,82,0,0,0,0,0,0,0,0,0,0,0,0,0,0,1,0
1,9,0,2,93,0,0,0,1,0,0,0,0,0,0,0,0,0,0,0,0
0,5,0,31,60,0,0,0,0,0,0,0,0,0,1,0,0,0,0,0,0
0,5,0,3,99,0,0,0,0,0,1,0,0,0,0,0,0,0,0,0,0
0,5,0,5,70,0,0,0,1,0,0,0,0,0,0,0,0,0,0,0,0
0,2,0,4,85,0,0,0,0,0,0,0,1,0,0,0,0,0,0,0,0
0,2,0,25,93,0,0,0,0,0,0,0,0,0,0,0,0,0,0,1,0
0,1,0,33,71,0,0,0,0,0,0,0,0,0,0,0,0,0,0,1,0
1,1,0,24,67,0,0,0,0,0,0,0,0,0,0,0,0,0,0,1,0
1,6,0,0,92,0,0,0,1,0,0,0,0,0,0,0,0,0,0,0,0
0,2,0,26,87,0,0,0,0,0,0,0,0,0,1,0,0,0,0,0,0
0,7,0,31,94,0,0,0,0,1,0,0,0,0,0,0,0,0,0,0,0
1,1,1,4,91,0,0,0,1,0,0,0,0,0,0,0,0,0,0,0,0
0,3,1,2,88,0,0,0,0,0,0,0,0,0,0,1,0,0,0,0,0
1,7,0,2,76,0,0,0,1,0,0,0,0,0,0,0,0,0,0,0,0
0,4,0,12,85,1,0,0,0,0,0,0,0,0,0,0,0,0,0,0,0
1,7,0,1,75,0,0,0,1,0,0,0,0,0,0,0,0,0,0,0,0
0,0,0,21,77,0,0,0,0,0,0,0,0,0,0,0,0,1,0,0,0
0,4,0,25,78,0,0,0,0,0,0,0,0,0,0,0,0,1,0,0,0
0,5,0,34,84,0,0,0,0,0,0,0,0,0,0,0,1,0,0,0,0
0,3,0,0,91,0,0,0,0,0,0,0,0,0,0,1,0,0,0,0,0
0,2,0,31,67,0,0,0,0,0,0,0,0,0,1,0,0,0,0,0,0
1,4,0,5,74,0,0,0,1,0,0,0,0,0,0,0,0,0,0,0,0
0,1,0,21,100,0,0,0,0,0,0,0,0,0,0,0,0,0,0,1,0
0,4,0,22,90,0,0,0,0,0,0,0,0,0,0,0,0,1,0,0,0
0,5,0,24,93,0,0,0,0,0,0,0,0,0,0,0,0,1,0,0,0
0,1,0,24,87,0,0,0,0,0,0,0,0,0,0,0,0,1,0,0,0
0,5,0,3,95,0,0,0,0,0,0,0,0,1,0,0,0,0,0,0,0
1,6,1,4,68,0,0,0,1,0,0,0,0,0,0,0,0,0,0,0,0
0,5,0,35,89,0,0,0,0,0,0,0,0,0,1,0,0,0,0,0,0
0,7,0,20,65,0,0,0,0,0,0,0,0,0,0,0,0,1,0,0,0
1,3,0,21,63,0,0,0,0,0,0,0,0,0,0,0,0,0,0,1,0
1,9,0,1,76,0,0,0,1,0,0,0,0,0,0,0,0,0,0,0,0
0,1,0,33,91,0,0,0,0,0,0,0,0,0,0,0,0,1,0,0,0
0,2,1,24,68,0,0,0,0,0,0,0,0,0,0,0,0,1,0,0,0
1,6,0,5,66,0,0,0,1,0,0,0,0,0,0,0,0,0,0,0,0
0,1,1,12,66,0,0,0,0,0,0,0,0,1,0,0,0,0,0,0,0
0,4,1,8,71,0,0,0,0,0,0,0,0,0,0,1,0,0,0,0,0
0,5,0,8,89,0,0,0,0,0,0,0,0,0,0,1,0,0,0,0,0
0,2,0,19,84,0,0,0,0,0,0,0,0,0,0,0,0,0,1,0,0
0,4,0,29,82,0,0,0,0,0,0,0,0,0,0,0,0,0,0,1,0
0,7,0,5,98,0,0,0,0,0,0,0,0,0,0,1,0,0,0,0,0
0,8,1,12,73,0,0,0,0,0,0,0,0,0,0,0,0,0,1,0,0
0,3,0,21,69,0,0,1,0,0,0,0,0,0,0,0,0,0,0,0,0
0,9,0,31,95,0,0,0,0,0,0,0,0,0,0,0,1,0,0,0,0
0,3,0,3,60,0,0,0,0,0,0,0,0,0,0,0,0,0,0,1,0
0,5,0,29,65,0,0,0,0,0,0,0,0,0,1,0,0,0,0,0,0
0,4,0,31,87,0,0,0,0,0,0,0,0,0,0,0,0,1,0,0,0
0,1,0,46,98,0,0,0,0,0,0,1,0,0,0,0,0,0,0,0,0
0,8,0,4,90,0,0,0,1,0,0,0,0,0,0,0,0,0,0,0,0
0,4,0,34,74,0,0,0,0,0,0,0,0,0,0,0,0,1,0,0,0
0,2,0,34,74,0,0,0,0,0,0,0,0,0,0,0,0,0,0,1,0
0,5,0,32,82,0,0,0,0,0,0,0,0,0,0,0,0,1,0,0,0
0,2,1,20,86,0,0,0,0,0,0,0,0,0,0,0,0,1,0,0,0
0,3,0,21,92,0,0,0,0,0,1,0,0,0,0,0,0,0,0,0,0
0,1,0,30,88,0,0,0,0,0,0,0,0,0,0,0,0,1,0,0,0
0,3,1,15,87,1,0,0,0,0,0,0,0,0,0,0,0,0,0,0,0
0,6,1,18,79,0,0,1,0,0,0,0,0,0,0,0,0,0,0,0,0
0,3,0,24,76,1,0,0,0,0,0,0,0,0,0,0,0,0,0,0,0
0,3,0,15,84,0,0,1,0,0,0,0,0,0,0,0,0,0,0,0,0
0,1,0,5,96,0,0,0,1,0,0,0,0,0,0,0,0,0,0,0,0
0,3,0,30,75,0,0,0,0,0,0,0,0,0,1,0,0,0,0,0,0
1,3,0,32,87,0,0,0,0,0,0,0,0,0,0,0,0,0,1,0,0
0,2,0,27,92,1,0,0,0,0,0,0,0,0,0,0,0,0,0,0,0
0,3,0,2,95,0,0,0,0,0,0,0,1,0,0,0,0,0,0,0,0
0,7,1,1,75,0,1,0,0,0,0,0,0,0,0,0,0,0,0,0,0
0,0,0,2,94,0,0,0,0,0,0,0,1,0,0,0,0,0,0,0,0
0,3,0,41,100,0,0,0,0,0,0,1,0,0,0,0,0,0,0,0,0
0,3,0,35,87,0,0,0,0,0,0,0,0,0,0,0,0,1,0,0,0
0,0,1,30,99,0,0,0,0,1,0,0,0,0,0,0,0,0,0,0,0
0,2,1,12,97,0,0,1,0,0,0,0,0,0,0,0,0,0,0,0,0
0,3,0,17,60,0,0,0,0,0,0,0,0,0,0,0,0,1,0,0,0
0,2,0,26,80,0,0,0,0,0,0,0,0,0,0,0,0,1,0,0,0
0,7,0,32,84,0,0,0,0,1,0,0,0,0,0,0,0,0,0,0,0
0,4,1,4,96,0,0,0,0,0,0,0,0,0,0,1,0,0,0,0,0
0,3,0,34,98,0,0,0,0,0,0,0,0,0,0,0,1,0,0,0,0
0,2,1,35,97,0,0,0,0,0,0,0,0,0,0,0,0,0,0,1,0
1,8,0,5,54,0,0,0,1,0,0,0,0,0,0,0,0,0,0,0,0
0,1,0,31,76,0,0,1,0,0,0,0,0,0,0,0,0,0,0,0,0
0,6,0,3,72,0,0,0,1,0,0,0,0,0,0,0,0,0,0,0,0
1,2,0,18,86,0,0,0,0,0,0,0,0,0,0,0,0,1,0,0,0
0,1,1,47,95,0,0,0,0,0,0,1,0,0,0,0,0,0,0,0,0
1,1,1,32,95,0,0,0,0,0,0,0,0,0,0,0,0,1,0,0,0
0,3,1,20,72,1,0,0,0,0,0,0,0,0,0,0,0,0,0,0,0
1,5,0,19,70,0,0,0,0,0,0,0,0,0,0,0,0,1,0,0,0
0,1,1,5,67,0,0,0,0,0,0,0,0,0,0,1,0,0,0,0,0
0,3,0,22,73,0,0,0,0,0,0,0,0,0,0,0,0,1,0,0,0
0,0,0,13,81,0,0,0,0,1,0,0,0,0,0,0,0,0,0,0,0
0,0,0,19,91,0,0,0,0,0,0,0,0,0,0,0,0,0,0,1,0
0,3,1,31,71,0,0,0,0,0,0,0,0,0,1,0,0,0,0,0,0
0,3,1,3,85,0,0,0,0,0,0,0,1,0,0,0,0,0,0,0,0
1,3,0,34,82,0,0,0,0,0,0,0,0,0,0,0,0,0,0,1,0
0,3,0,34,80,0,0,0,0,0,1,0,0,0,0,0,0,0,0,0,0
0,2,0,30,91,0,0,0,0,0,0,0,0,0,0,0,0,1,0,0,0
0,3,0,32,73,1,0,0,0,0,0,0,0,0,0,0,0,0,0,0,0
0,1,0,31,88,0,0,0,0,0,0,0,0,0,0,0,0,1,0,0,0
0,7,0,3,99,0,0,0,0,0,0,0,1,0,0,0,0,0,0,0,0
0,3,1,24,84,0,0,0,0,1,0,0,0,0,0,0,0,0,0,0,0
0,1,1,21,77,0,0,0,0,0,0,0,0,0,0,0,0,1,0,0,0
1,8,0,1,91,0,0,0,1,0,0,0,0,0,0,0,0,0,0,0,0
0,5,1,15,76,1,0,0,0,0,0,0,0,0,0,0,0,0,0,0,0
0,1,0,12,85,0,0,0,0,0,0,0,0,1,0,0,0,0,0,0,0
0,3,1,21,89,0,0,0,0,0,0,0,0,0,0,0,0,0,0,1,0
1,5,0,24,74,0,0,0,0,0,0,0,0,0,0,0,0,0,1,0,0
1,6,0,5,88,0,0,0,1,0,0,0,0,0,0,0,0,0,0,0,0
0,8,1,0,98,0,1,0,0,0,0,0,0,0,0,0,0,0,0,0,0
1,1,1,30,82,0,0,0,0,0,0,1,0,0,0,0,0,0,0,0,0
0,8,0,31,60,0,0,0,0,0,0,0,0,0,1,0,0,0,0,0,0
0,3,1,33,100,0,0,0,0,0,0,0,0,0,0,0,0,1,0,0,0
0,2,0,31,82,0,0,1,0,0,0,0,0,0,0,0,0,0,0,0,0
1,3,0,7,73,0,0,0,0,0,0,0,0,1,0,0,0,0,0,0,0
0,2,0,15,86,0,0,1,0,0,0,0,0,0,0,0,0,0,0,0,0
0,7,0,16,76,0,0,1,0,0,0,0,0,0,0,0,0,0,0,0,0
1,1,0,35,98,0,0,0,0,0,0,0,0,0,0,0,1,0,0,0,0
0,3,0,32,69,0,0,0,0,0,0,0,0,0,0,0,0,0,0,1,0
0,0,0,31,75,0,0,0,0,0,0,0,0,0,0,0,0,0,0,1,0
0,3,0,24,82,0,0,1,0,0,0,0,0,0,0,0,0,0,0,0,0
0,1,0,4,92,0,0,0,0,0,0,0,0,0,0,0,0,0,0,1,0
0,7,0,8,65,0,0,0,0,0,0,0,0,0,0,0,0,0,1,0,0
0,1,1,35,89,0,0,0,0,0,0,0,0,0,0,0,1,0,0,0,0
0,2,1,7,83,0,0,0,0,0,0,0,0,0,0,1,0,0,0,0,0
0,2,0,25,90,0,0,0,0,0,0,0,0,0,0,0,0,0,0,1,0
0,2,0,28,75,0,0,0,0,0,0,0,0,0,0,0,0,1,0,0,0
0,4,0,19,74,0,0,0,0,0,0,0,0,0,0,0,0,0,1,0,0
0,2,0,16,82,0,0,0,0,0,0,0,0,0,0,0,0,1,0,0,0
0,9,0,34,79,0,0,0,0,0,0,0,0,0,1,0,0,0,0,0,0
1,3,0,31,66,0,0,0,0,0,0,0,0,0,1,0,0,0,0,0,0
0,2,0,27,98,0,0,0,0,0,0,0,0,0,0,0,0,1,0,0,0
0,1,0,28,68,0,0,0,0,0,0,0,0,0,1,0,0,0,0,0,0
1,3,1,34,83,0,0,0,0,0,0,0,0,0,0,0,1,0,0,0,0
1,1,0,34,83,0,0,0,0,0,0,0,0,0,1,0,0,0,0,0,0
0,7,0,34,71,0,0,1,0,0,0,0,0,0,0,0,0,0,0,0,0
0,0,0,13,100,1,0,0,0,0,0,0,0,0,0,0,0,0,0,0,0
0,3,0,18,86,1,0,0,0,0,0,0,0,0,0,0,0,0,0,0,0
0,1,0,29,96,0,0,0,0,0,0,0,0,0,0,0,0,0,0,1,0
0,5,0,34,61,0,0,0,0,0,0,0,0,0,0,0,0,1,0,0,0
0,2,0,14,71,1,0,0,0,0,0,0,0,0,0,0,0,0,0,0,0
0,1,0,32,93,0,0,0,0,0,0,0,0,0,0,0,1,0,0,0,0
0,0,0,12,96,0,0,1,0,0,0,0,0,0,0,0,0,0,0,0,0
0,2,0,24,98,0,0,1,0,0,0,0,0,0,0,0,0,0,0,0,0
0,2,1,29,77,0,0,1,0,0,0,0,0,0,0,0,0,0,0,0,0
0,0,0,13,98,0,0,0,0,1,0,0,0,0,0,0,0,0,0,0,0
0,2,0,5,92,0,0,0,0,0,0,0,0,0,0,1,0,0,0,0,0
0,2,0,21,99,0,0,0,0,0,0,0,0,0,0,0,0,1,0,0,0
0,2,0,35,97,0,0,0,0,0,0,1,0,0,0,0,0,0,0,0,0
0,2,0,16,91,0,0,0,0,1,0,0,0,0,0,0,0,0,0,0,0
0,2,0,29,86,0,0,0,0,0,0,0,0,0,0,0,0,0,0,1,0
0,6,0,35,99,0,0,0,0,1,0,0,0,0,0,0,0,0,0,0,0
0,2,0,11,81,0,0,1,0,0,0,0,0,0,0,0,0,0,0,0,0
0,2,1,1,87,0,0,0,0,0,0,0,1,0,0,0,0,0,0,0,0
0,6,0,18,96,0,0,0,0,0,0,0,0,0,0,0,0,1,0,0,0
0,3,0,5,92,0,0,0,0,0,0,0,1,0,0,0,0,0,0,0,0
0,4,0,33,95,0,0,0,0,0,0,1,0,0,0,0,0,0,0,0,0
0,3,0,26,74,0,0,0,0,0,0,0,0,0,0,0,0,0,0,1,0
0,1,0,25,88,0,0,0,0,0,0,0,0,0,0,0,0,0,1,0,0
0,2,1,30,95,0,0,0,0,0,0,0,0,0,0,0,0,0,0,1,0
0,2,0,13,77,0,0,0,0,0,0,0,0,0,0,0,0,0,0,1,0
0,6,0,10,60,0,0,1,0,0,0,0,0,0,0,0,0,0,0,0,0
1,1,0,17,99,0,0,0,0,0,1,0,0,0,0,0,0,0,0,0,0
0,3,0,32,64,0,0,0,0,0,0,0,0,0,1,0,0,0,0,0,0
0,1,1,3,86,0,0,0,1,0,0,0,0,0,0,0,0,0,0,0,0
0,0,0,0,81,0,0,0,0,0,0,0,0,0,0,1,0,0,0,0,0
0,5,1,3,100,0,0,0,0,0,0,0,1,0,0,0,0,0,0,0,0
0,3,0,21,88,0,0,0,0,1,0,0,0,0,0,0,0,0,0,0,0
0,3,0,4,93,0,0,0,0,0,0,0,1,0,0,0,0,0,0,0,0
0,5,1,1,93,0,0,0,1,0,0,0,0,0,0,0,0,0,0,0,0
1,1,0,20,86,0,0,1,0,0,0,0,0,0,0,0,0,0,0,0,0
0,7,1,16,82,0,0,0,0,1,0,0,0,0,0,0,0,0,0,0,0
0,1,0,13,64,0,0,0,0,0,0,0,0,0,0,0,0,0,1,0,0
0,0,0,30,91,0,0,0,0,0,0,0,0,0,0,0,0,0,0,1,0
0,3,0,7,99,0,0,0,0,0,0,0,0,0,0,0,0,0,0,1,0
0,1,0,8,79,0,0,0,0,0,0,0,0,0,0,0,0,0,0,1,0
0,0,0,8,62,0,0,0,0,0,0,0,0,0,0,1,0,0,0,0,0
0,9,1,11,94,0,0,0,0,1,0,0,0,0,0,0,0,0,0,0,0
0,2,0,35,89,1,0,0,0,0,0,0,0,0,0,0,0,0,0,0,0
0,1,0,33,89,0,0,0,0,0,0,1,0,0,0,0,0,0,0,0,0
0,3,0,11,70,0,0,0,0,0,1,0,0,0,0,0,0,0,0,0,0
0,3,0,24,67,0,0,1,0,0,0,0,0,0,0,0,0,0,0,0,0
0,7,0,4,92,0,0,0,1,0,0,0,0,0,0,0,0,0,0,0,0
0,1,0,1,85,0,0,0,0,0,0,0,1,0,0,0,0,0,0,0,0
0,1,1,12,90,0,0,0,0,1,0,0,0,0,0,0,0,0,0,0,0
0,7,0,28,99,0,0,0,0,1,0,0,0,0,0,0,0,0,0,0,0
0,2,0,20,91,1,0,0,0,0,0,0,0,0,0,0,0,0,0,0,0
1,4,0,1,70,0,0,0,1,0,0,0,0,0,0,0,0,0,0,0,0
0,3,0,27,82,0,0,0,0,1,0,0,0,0,0,0,0,0,0,0,0
0,1,0,18,95,0,0,0,0,0,0,0,0,0,0,0,0,0,0,1,0
0,5,1,7,65,0,0,0,0,0,0,0,0,1,0,0,0,0,0,0,0
0,5,0,31,80,0,0,0,0,0,0,0,0,0,1,0,0,0,0,0,0
0,4,0,1,77,0,0,0,1,0,0,0,0,0,0,0,0,0,0,0,0
0,4,1,30,92,1,0,0,0,0,0,0,0,0,0,0,0,0,0,0,0
0,2,1,28,76,0,0,0,0,0,0,0,0,0,1,0,0,0,0,0,0
0,6,0,6,78,0,0,0,0,0,0,0,0,0,0,1,0,0,0,0,0
0,7,0,3,98,0,0,0,0,0,0,0,0,0,0,0,0,0,0,1,0
0,0,0,17,67,0,0,0,0,0,1,0,0,0,0,0,0,0,0,0,0
0,4,0,29,97,0,0,0,0,0,0,1,0,0,0,0,0,0,0,0,0
0,3,0,28,78,1,0,0,0,0,0,0,0,0,0,0,0,0,0,0,0
1,6,1,2,75,0,0,0,1,0,0,0,0,0,0,0,0,0,0,0,0
0,6,1,28,92,0,0,0,0,0,0,0,0,0,0,0,0,1,0,0,0
0,3,1,26,65,1,0,0,0,0,0,0,0,0,0,0,0,0,0,0,0
0,7,0,26,87,0,0,0,0,0,0,0,0,0,0,0,0,0,1,0,0
1,1,0,26,97,0,0,0,0,0,0,0,0,0,0,0,0,1,0,0,0
0,4,1,10,81,0,0,1,0,0,0,0,0,0,0,0,0,0,0,0,0
1,1,0,30,61,0,0,0,0,0,0,0,0,0,0,0,0,1,0,0,0
1,1,0,33,73,0,0,0,0,0,0,0,0,0,0,0,0,0,1,0,0
0,1,0,18,89,1,0,0,0,0,0,0,0,0,0,0,0,0,0,0,0
0,2,0,16,79,0,0,0,0,0,0,0,0,0,0,0,0,0,0,0,1
0,3,1,21,92,0,0,0,0,0,0,1,0,0,0,0,0,0,0,0,0
0,1,0,24,65,0,0,0,0,0,0,0,0,0,0,0,0,1,0,0,0
0,5,0,27,100,0,0,0,0,1,0,0,0,0,0,0,0,0,0,0,0
0,3,0,14,88,0,0,0,0,0,0,0,0,1,0,0,0,0,0,0,0
0,8,0,30,71,0,0,0,0,0,0,0,0,0,0,0,0,1,0,0,0
0,3,0,35,96,0,0,0,0,0,0,1,0,0,0,0,0,0,0,0,0
1,1,0,15,90,1,0,0,0,0,0,0,0,0,0,0,0,0,0,0,0
1,0,1,9,80,0,0,0,0,0,0,0,0,0,0,1,0,0,0,0,0
0,2,0,3,85,0,1,0,0,0,0,0,0,0,0,0,0,0,0,0,0
0,2,0,1,97,0,1,0,0,0,0,0,0,0,0,0,0,0,0,0,0
0,5,1,32,75,0,0,0,0,0,0,0,0,0,0,0,0,1,0,0,0
0,0,0,35,88,0,0,1,0,0,0,0,0,0,0,0,0,0,0,0,0
0,3,0,2,91,0,0,0,0,0,0,0,1,0,0,0,0,0,0,0,0
0,1,0,13,92,0,0,0,0,0,0,0,0,1,0,0,0,0,0,0,0
0,1,0,5,62,0,0,0,0,0,0,0,0,0,0,1,0,0,0,0,0
0,2,0,21,96,0,0,0,0,1,0,0,0,0,0,0,0,0,0,0,0
0,0,0,31,62,0,0,0,0,0,0,0,0,0,0,0,0,1,0,0,0
0,4,0,31,97,0,0,0,0,0,0,0,0,0,1,0,0,0,0,0,0
0,2,0,13,96,0,0,0,0,1,0,0,0,0,0,0,0,0,0,0,0
0,3,0,28,88,1,0,0,0,0,0,0,0,0,0,0,0,0,0,0,0
0,5,0,27,98,0,0,0,0,0,0,0,0,0,0,0,0,1,0,0,0
0,2,0,33,83,0,0,0,0,0,0,0,0,0,0,0,0,1,0,0,0
0,4,0,5,84,0,0,0,0,0,0,0,1,0,0,0,0,0,0,0,0
0,2,0,2,98,0,0,0,0,0,0,0,0,0,0,0,0,0,0,1,0
0,1,0,22,80,0,0,1,0,0,0,0,0,0,0,0,0,0,0,0,0
0,3,0,17,88,0,0,0,0,1,0,0,0,0,0,0,0,0,0,0,0
0,1,0,14,98,0,0,0,0,1,0,0,0,0,0,0,0,0,0,0,0
0,1,0,3,96,0,0,0,0,0,0,0,0,1,0,0,0,0,0,0,0
0,3,0,4,100,0,0,0,0,0,0,0,1,0,0,0,0,0,0,0,0
0,2,0,31,89,0,0,1,0,0,0,0,0,0,0,0,0,0,0,0,0
0,1,0,16,98,0,0,0,0,1,0,0,0,0,0,0,0,0,0,0,0
0,5,0,15,83,0,0,0,0,0,0,0,0,0,0,0,0,0,0,1,0
0,7,1,18,93,0,0,0,0,0,0,0,0,0,0,0,0,0,0,1,0
0,0,0,23,92,0,0,0,0,0,0,0,0,0,0,0,0,1,0,0,0
0,2,0,6,96,0,0,0,0,0,0,0,0,0,0,0,0,0,1,0,0
0,1,0,33,64,0,0,0,0,0,0,0,0,0,1,0,0,0,0,0,0
0,2,0,10,61,0,0,0,0,0,0,0,0,0,0,0,0,0,0,1,0
0,9,0,31,74,0,0,0,0,0,0,0,0,0,0,0,0,0,1,0,0
0,2,0,22,65,1,0,0,0,0,0,0,0,0,0,0,0,0,0,0,0
0,4,0,35,93,0,0,0,0,0,0,0,0,0,0,0,0,1,0,0,0
0,6,0,27,80,0,0,0,0,0,0,1,0,0,0,0,0,0,0,0,0
0,0,1,14,69,1,0,0,0,0,0,0,0,0,0,0,0,0,0,0,0
0,4,0,29,86,0,0,0,0,0,0,1,0,0,0,0,0,0,0,0,0
0,1,0,18,72,0,0,0,0,0,0,0,0,0,0,0,0,0,0,0,1
0,2,0,11,91,0,0,0,0,0,0,0,0,0,0,0,0,0,0,1,0
0,2,0,19,73,0,0,0,0,0,0,0,0,0,0,0,0,1,0,0,0
0,1,0,31,81,0,0,0,0,0,0,0,0,0,0,0,0,1,0,0,0
0,5,1,28,78,0,0,0,0,0,0,0,0,0,0,0,0,0,1,0,0
0,1,0,16,92,0,0,0,0,0,1,0,0,0,0,0,0,0,0,0,0
0,3,0,4,81,0,1,0,0,0,0,0,0,0,0,0,0,0,0,0,0
0,4,0,31,99,0,0,0,0,0,0,0,0,0,0,0,0,0,0,0,1
0,4,0,29,62,0,0,0,0,0,0,0,0,0,0,0,0,1,0,0,0
0,5,0,27,92,0,0,0,0,0,0,0,0,0,0,0,0,0,0,1,0
0,1,0,29,78,0,0,0,0,0,1,0,0,0,0,0,0,0,0,0,0
0,2,0,29,77,0,0,0,0,0,0,0,0,0,0,0,0,1,0,0,0
0,3,0,14,68,0,0,0,0,0,0,0,0,0,0,0,0,1,0,0,0
0,2,0,20,78,0,0,1,0,0,0,0,0,0,0,0,0,0,0,0,0
1,9,1,3,88,0,0,0,1,0,0,0,0,0,0,0,0,0,0,0,0
1,3,0,8,71,0,0,0,0,0,0,0,0,0,0,0,0,0,1,0,0
0,4,1,20,86,0,0,0,0,0,0,0,0,0,0,0,0,1,0,0,0
0,3,0,34,98,0,0,0,0,1,0,0,0,0,0,0,0,0,0,0,0
0,2,0,42,98,0,0,0,0,0,0,1,0,0,0,0,0,0,0,0,0
0,6,0,4,89,0,0,0,0,0,0,0,1,0,0,0,0,0,0,0,0
0,1,0,29,86,0,0,0,0,1,0,0,0,0,0,0,0,0,0,0,0
0,3,0,1,97,0,1,0,0,0,0,0,0,0,0,0,0,0,0,0,0
0,5,0,27,92,0,0,0,0,0,0,0,0,0,0,0,0,1,0,0,0
0,3,0,29,78,0,0,0,0,0,0,0,0,0,0,0,0,0,0,1,0
0,6,0,21,75,0,0,0,0,0,0,0,0,0,0,0,0,0,0,1,0
0,2,0,34,81,0,0,0,0,0,0,0,0,0,0,0,0,1,0,0,0
0,3,0,33,69,0,0,0,0,0,0,0,0,0,0,0,0,0,1,0,0
0,9,0,3,58,0,0,0,1,0,0,0,0,0,0,0,0,0,0,0,0
0,1,0,18,69,0,0,0,0,0,0,0,0,0,0,0,0,1,0,0,0
0,4,0,32,81,0,0,0,0,0,0,1,0,0,0,0,0,0,0,0,0
0,1,0,30,71,0,0,0,0,0,0,0,0,0,0,0,0,1,0,0,0
0,7,0,3,85,0,0,0,0,0,0,0,1,0,0,0,0,0,0,0,0
0,3,0,26,85,0,0,0,0,0,0,0,0,0,1,0,0,0,0,0,0
0,4,0,32,93,0,0,1,0,0,0,0,0,0,0,0,0,0,0,0,0
0,3,0,14,99,0,0,1,0,0,0,0,0,0,0,0,0,0,0,0,0
0,1,0,33,100,0,0,0,0,1,0,0,0,0,0,0,0,0,0,0,0
0,1,0,35,85,0,0,1,0,0,0,0,0,0,0,0,0,0,0,0,0
0,2,1,27,95,0,0,0,0,0,0,0,0,0,1,0,0,0,0,0,0
0,6,0,31,79,0,0,0,0,0,0,0,0,0,0,0,0,1,0,0,0
0,0,0,31,96,0,0,0,0,0,0,0,0,0,0,0,0,1,0,0,0
0,7,1,23,79,1,0,0,0,0,0,0,0,0,0,0,0,0,0,0,0
0,3,0,4,97,0,1,0,0,0,0,0,0,0,0,0,0,0,0,0,0
0,0,1,23,81,0,0,0,0,1,0,0,0,0,0,0,0,0,0,0,0
0,3,0,15,62,0,0,0,0,0,0,0,0,1,0,0,0,0,0,0,0
0,2,0,24,68,0,0,0,0,0,0,0,0,0,1,0,0,0,0,0,0
0,2,0,31,82,0,0,0,0,0,0,0,0,0,0,0,0,1,0,0,0
0,4,0,29,90,0,0,0,0,0,0,0,0,0,1,0,0,0,0,0,0
0,4,0,6,82,0,0,0,0,0,0,0,0,0,0,0,0,0,0,1,0
0,7,1,33,69,1,0,0,0,0,0,0,0,0,0,0,0,0,0,0,0
1,8,1,1,85,0,0,0,1,0,0,0,0,0,0,0,0,0,0,0,0
0,1,0,29,79,0,0,0,0,0,0,0,0,0,0,0,0,0,1,0,0
0,3,0,20,67,0,0,0,0,0,0,0,0,0,0,0,0,1,0,0,0
1,3,0,49,87,0,0,0,0,0,0,1,0,0,0,0,0,0,0,0,0
0,1,0,23,69,0,0,0,0,0,0,0,0,0,0,0,0,1,0,0,0
0,1,0,11,92,0,0,0,0,1,0,0,0,0,0,0,0,0,0,0,0
0,2,0,29,69,0,0,0,0,0,0,0,0,0,0,0,0,0,0,1,0
0,4,1,32,84,0,0,0,0,0,0,0,0,0,0,0,0,1,0,0,0
0,9,0,0,81,0,0,0,1,0,0,0,0,0,0,0,0,0,0,0,0
0,8,1,5,92,0,0,0,1,0,0,0,0,0,0,0,0,0,0,0,0
0,6,0,1,64,0,0,0,1,0,0,0,0,0,0,0,0,0,0,0,0
1,1,0,29,90,0,0,0,0,0,0,0,0,0,1,0,0,0,0,0,0
0,3,0,21,84,0,0,0,0,0,0,1,0,0,0,0,0,0,0,0,0
0,0,0,30,82,0,0,0,0,0,0,0,0,0,1,0,0,0,0,0,0
0,1,0,31,91,0,0,0,0,0,0,0,0,0,0,0,0,1,0,0,0
0,7,0,23,81,0,0,0,0,0,0,0,0,0,0,0,0,0,0,0,1
0,1,0,23,78,0,0,0,0,0,1,0,0,0,0,0,0,0,0,0,0
0,5,0,26,75,0,0,1,0,0,0,0,0,0,0,0,0,0,0,0,0
0,2,0,29,95,0,0,0,0,1,0,0,0,0,0,0,0,0,0,0,0
1,0,0,32,77,0,0,0,0,0,0,0,0,0,0,0,0,1,0,0,0
0,2,1,25,96,1,0,0,0,0,0,0,0,0,0,0,0,0,0,0,0
0,3,0,33,96,0,0,0,0,0,0,0,0,0,0,0,1,0,0,0,0
0,6,0,33,65,0,0,0,0,0,0,0,0,0,0,0,0,0,0,1,0
1,3,0,23,72,0,0,0,0,0,0,0,0,0,0,0,0,1,0,0,0
0,0,0,48,96,0,0,0,0,0,0,1,0,0,0,0,0,0,0,0,0
0,3,0,32,62,0,0,1,0,0,0,0,0,0,0,0,0,0,0,0,0
1,4,1,3,52,0,0,0,1,0,0,0,0,0,0,0,0,0,0,0,0
0,1,0,24,96,0,0,0,0,0,0,0,0,0,0,0,0,0,0,1,0
0,1,0,4,91,0,0,0,0,0,0,0,1,0,0,0,0,0,0,0,0
1,8,0,0,100,0,0,0,1,0,0,0,0,0,0,0,0,0,0,0,0
0,0,1,16,88,0,0,0,0,1,0,0,0,0,0,0,0,0,0,0,0
0,4,0,12,100,0,0,0,0,0,0,0,0,0,0,0,0,0,1,0,0
1,9,0,4,60,0,0,0,1,0,0,0,0,0,0,0,0,0,0,0,0
0,3,1,23,86,0,0,0,0,0,0,0,0,0,0,0,0,1,0,0,0
0,2,0,31,97,0,0,0,0,0,0,0,0,0,0,0,0,0,1,0,0
1,8,0,3,58,0,0,0,1,0,0,0,0,0,0,0,0,0,0,0,0
0,5,0,27,77,0,0,0,0,0,1,0,0,0,0,0,0,0,0,0,0
0,3,1,29,65,0,0,0,0,0,0,0,0,0,0,0,0,1,0,0,0
0,4,0,17,95,0,0,0,0,0,0,0,0,0,0,0,0,1,0,0,0
1,3,0,18,74,0,0,1,0,0,0,0,0,0,0,0,0,0,0,0,0
0,5,0,15,87,0,0,0,0,0,0,0,0,1,0,0,0,0,0,0,0
0,1,0,32,70,0,0,0,0,0,0,0,0,0,0,0,0,0,0,0,1
0,5,1,3,87,0,0,0,1,0,0,0,0,0,0,0,0,0,0,0,0
0,7,0,25,88,0,0,0,0,0,0,0,0,0,0,0,0,1,0,0,0
1,1,1,0,100,0,0,0,0,0,0,0,0,0,0,1,0,0,0,0,0
1,1,0,29,63,0,0,0,0,0,0,0,0,0,0,0,0,0,1,0,0
0,5,0,25,74,0,0,0,0,0,0,0,0,0,0,0,0,0,0,0,1
0,2,0,23,74,0,0,0,0,0,0,0,0,0,0,0,0,1,0,0,0
0,7,1,11,91,0,0,0,0,1,0,0,0,0,0,0,0,0,0,0,0
0,4,1,0,53,0,0,0,1,0,0,0,0,0,0,0,0,0,0,0,0
0,7,1,12,90,0,0,1,0,0,0,0,0,0,0,0,0,0,0,0,0
0,6,1,24,84,0,0,0,0,0,0,0,0,0,0,0,0,0,0,1,0
1,6,0,2,75,0,0,0,1,0,0,0,0,0,0,0,0,0,0,0,0
0,7,0,5,87,0,0,0,0,0,0,0,1,0,0,0,0,0,0,0,0
0,5,1,23,84,0,0,0,0,0,0,1,0,0,0,0,0,0,0,0,0
1,6,0,1,70,0,0,0,1,0,0,0,0,0,0,0,0,0,0,0,0
0,4,0,32,91,0,0,0,0,0,0,0,0,0,0,0,1,0,0,0,0
0,1,0,34,100,0,0,0,0,0,0,0,0,0,0,0,1,0,0,0,0
0,1,0,24,87,0,0,0,0,0,0,0,0,0,1,0,0,0,0,0,0
0,2,0,21,90,0,0,1,0,0,0,0,0,0,0,0,0,0,0,0,0
0,2,0,14,60,0,0,0,0,0,1,0,0,0,0,0,0,0,0,0,0
0,3,0,25,69,0,0,0,0,0,0,0,0,0,0,0,0,1,0,0,0
0,1,1,26,78,0,0,0,0,0,1,0,0,0,0,0,0,0,0,0,0
0,6,0,5,99,0,0,0,0,0,0,0,1,0,0,0,0,0,0,0,0
0,2,0,15,84,0,0,0,0,0,0,0,0,0,0,0,0,0,0,1,0
0,0,1,14,85,0,0,1,0,0,0,0,0,0,0,0,0,0,0,0,0
0,3,0,47,98,0,0,0,0,0,0,1,0,0,0,0,0,0,0,0,0
0,5,1,3,78,0,0,0,0,0,0,0,0,0,0,1,0,0,0,0,0
0,1,1,42,93,0,0,0,0,0,0,1,0,0,0,0,0,0,0,0,0
0,1,0,22,80,0,0,0,0,1,0,0,0,0,0,0,0,0,0,0,0
0,4,0,50,87,0,0,0,0,0,0,1,0,0,0,0,0,0,0,0,0
1,7,0,29,86,1,0,0,0,0,0,0,0,0,0,0,0,0,0,0,0
0,1,1,25,98,0,0,0,0,0,0,0,0,0,1,0,0,0,0,0,0
0,9,0,3,61,0,0,0,1,0,0,0,0,0,0,0,0,0,0,0,0
1,7,0,12,66,0,0,0,0,0,0,0,0,0,0,0,0,0,0,1,0
0,1,0,1,85,0,0,0,1,0,0,0,0,0,0,0,0,0,0,0,0
0,3,0,27,76,1,0,0,0,0,0,0,0,0,0,0,0,0,0,0,0
0,2,0,47,93,0,0,0,0,0,0,1,0,0,0,0,0,0,0,0,0
0,1,0,11,80,0,0,0,0,0,0,0,0,0,0,0,0,0,0,1,0
0,2,1,14,90,0,0,0,0,0,0,0,0,0,0,0,0,1,0,0,0
0,7,0,33,96,0,0,0,0,0,0,0,0,0,0,0,0,0,1,0,0
0,2,0,31,97,0,0,0,0,0,0,0,0,0,1,0,0,0,0,0,0
0,3,0,1,72,0,0,0,0,0,0,0,0,0,0,1,0,0,0,0,0
0,1,0,11,64,0,0,0,0,0,0,0,0,1,0,0,0,0,0,0,0
0,1,0,1,100,0,0,0,0,0,0,0,1,0,0,0,0,0,0,0,0
1,0,0,12,90,0,0,0,0,0,0,0,0,0,0,0,0,0,0,1,0
0,2,1,18,89,0,0,0,0,1,0,0,0,0,0,0,0,0,0,0,0
1,6,0,5,64,0,0,0,1,0,0,0,0,0,0,0,0,0,0,0,0
0,5,1,27,61,0,0,0,0,0,0,0,0,0,1,0,0,0,0,0,0
0,2,0,28,70,0,0,0,0,0,0,0,0,0,0,0,0,1,0,0,0
0,5,0,1,79,0,0,0,1,0,0,0,0,0,0,0,0,0,0,0,0
0,7,0,42,96,0,0,0,0,0,0,1,0,0,0,0,0,0,0,0,0
0,4,0,31,60,0,0,0,0,0,0,0,0,0,0,0,0,1,0,0,0
0,1,1,5,93,0,0,0,0,0,0,0,0,0,0,1,0,0,0,0,0
0,3,0,46,88,0,0,0,0,0,0,1,0,0,0,0,0,0,0,0,0
0,5,0,26,62,0,0,0,0,0,0,0,0,0,1,0,0,0,0,0,0
0,4,0,27,71,0,0,0,0,0,0,0,0,0,0,0,0,0,0,0,1
1,7,0,28,97,0,0,0,0,0,0,0,0,0,0,0,0,1,0,0,0
0,1,0,33,95,0,0,0,0,0,0,1,0,0,0,0,0,0,0,0,0
0,3,0,16,72,0,0,1,0,0,0,0,0,0,0,0,0,0,0,0,0
0,7,0,10,87,0,0,0,0,0,0,0,0,1,0,0,0,0,0,0,0
0,1,0,12,61,0,0,0,0,0,0,0,0,0,0,0,0,0,1,0,0
0,4,0,32,60,1,0,0,0,0,0,0,0,0,0,0,0,0,0,0,0
0,8,0,0,68,0,0,0,1,0,0,0,0,0,0,0,0,0,0,0,0
0,1,0,6,60,0,0,0,0,0,0,0,0,0,0,0,0,0,1,0,0
0,6,0,5,88,0,1,0,0,0,0,0,0,0,0,0,0,0,0,0,0
0,0,0,16,86,0,0,0,0,0,0,0,0,0,0,0,0,1,0,0,0
0,5,1,4,64,0,0,0,0,0,0,0,0,0,0,1,0,0,0,0,0
0,2,0,35,91,0,0,0,0,0,0,0,0,0,0,0,0,0,0,1,0
0,0,0,14,92,0,0,0,0,1,0,0,0,0,0,0,0,0,0,0,0
0,8,0,3,73,0,0,0,1,0,0,0,0,0,0,0,0,0,0,0,0
0,3,0,12,78,0,0,0,0,0,0,0,0,0,0,0,0,0,0,1,0
0,5,1,19,61,0,0,0,0,0,0,0,0,0,0,0,0,0,1,0,0
0,2,0,2,64,0,0,0,0,0,1,0,0,0,0,0,0,0,0,0,0
0,4,0,3,96,0,0,0,0,0,0,0,1,0,0,0,0,0,0,0,0
0,1,0,48,88,0,0,0,0,0,0,1,0,0,0,0,0,0,0,0,0
0,2,0,32,92,0,0,0,0,0,0,0,0,0,1,0,0,0,0,0,0
0,5,0,16,69,0,0,1,0,0,0,0,0,0,0,0,0,0,0,0,0
1,6,0,15,93,0,0,0,0,1,0,0,0,0,0,0,0,0,0,0,0
0,3,1,26,73,0,0,0,0,0,0,0,0,0,0,0,0,1,0,0,0
0,5,0,46,94,0,0,0,0,0,0,1,0,0,0,0,0,0,0,0,0
1,4,0,31,80,0,0,0,0,0,0,0,0,0,0,0,1,0,0,0,0
0,6,0,21,78,1,0,0,0,0,0,0,0,0,0,0,0,0,0,0,0
0,6,0,5,74,0,0,0,1,0,0,0,0,0,0,0,0,0,0,0,0
1,5,0,15,61,0,0,0,0,0,0,0,0,0,0,0,0,1,0,0,0
0,4,0,32,74,0,0,0,0,0,0,0,0,0,1,0,0,0,0,0,0
1,5,0,4,90,0,0,0,1,0,0,0,0,0,0,0,0,0,0,0,0
0,1,0,31,92,0,0,0,0,0,0,0,0,0,0,0,1,0,0,0,0
0,2,0,19,90,0,0,0,0,0,0,0,0,0,0,0,0,1,0,0,0
0,1,0,29,72,0,0,0,0,0,0,0,0,0,1,0,0,0,0,0,0
0,3,0,26,92,0,0,0,0,0,0,0,0,0,1,0,0,0,0,0,0
1,4,0,27,92,0,0,0,0,0,0,0,0,0,1,0,0,0,0,0,0
0,3,0,35,88,0,0,0,0,0,0,0,0,0,0,0,0,1,0,0,0
1,1,0,32,92,0,0,1,0,0,0,0,0,0,0,0,0,0,0,0,0
0,0,0,33,82,1,0,0,0,0,0,0,0,0,0,0,0,0,0,0,0
0,1,0,18,84,0,0,0,0,0,0,0,0,0,0,0,0,1,0,0,0
1,5,0,25,85,0,0,0,0,0,0,0,0,0,0,0,0,0,1,0,0
0,3,0,14,87,0,0,0,0,0,0,0,0,1,0,0,0,0,0,0,0
1,5,0,8,88,0,0,0,0,0,0,0,0,0,0,1,0,0,0,0,0
0,3,0,2,92,0,1,0,0,0,0,0,0,0,0,0,0,0,0,0,0
0,5,0,20,78,1,0,0,0,0,0,0,0,0,0,0,0,0,0,0,0
0,4,0,21,92,0,0,0,0,0,0,0,0,0,0,0,0,1,0,0,0
0,5,0,21,97,1,0,0,0,0,0,0,0,0,0,0,0,0,0,0,0
0,4,0,17,94,0,0,0,0,0,0,0,0,0,0,0,0,1,0,0,0
0,3,0,27,96,0,0,0,0,0,0,0,0,0,0,0,0,1,0,0,0
0,2,1,30,94,0,0,0,0,0,0,0,0,0,0,0,1,0,0,0,0
0,2,0,35,96,0,0,0,0,0,0,0,0,0,1,0,0,0,0,0,0
1,3,0,30,94,0,0,0,0,0,0,0,0,0,1,0,0,0,0,0,0
0,4,0,3,58,0,0,0,1,0,0,0,0,0,0,0,0,0,0,0,0
0,3,1,18,80,0,0,0,0,1,0,0,0,0,0,0,0,0,0,0,0
1,5,0,15,74,0,0,0,0,0,0,0,0,0,0,0,0,1,0,0,0
0,5,0,16,97,0,0,0,0,0,1,0,0,0,0,0,0,0,0,0,0
0,2,0,2,93,0,0,0,0,0,0,0,1,0,0,0,0,0,0,0,0
1,2,0,34,65,0,0,0,0,0,0,0,0,0,0,0,0,1,0,0,0
0,3,0,18,99,0,0,0,0,0,0,0,0,0,0,0,0,1,0,0,0
1,3,1,3,96,0,0,0,1,0,0,0,0,0,0,0,0,0,0,0,0
0,4,0,8,70,0,0,0,0,0,0,0,0,0,0,0,0,0,1,0,0
0,4,0,3,62,0,0,0,1,0,0,0,0,0,0,0,0,0,0,0,0
0,4,1,23,86,0,0,0,0,1,0,0,0,0,0,0,0,0,0,0,0
0,7,0,3,86,0,0,0,0,0,0,0,1,0,0,0,0,0,0,0,0
1,1,0,24,76,0,0,0,0,0,0,0,0,0,0,0,0,1,0,0,0
0,1,0,37,96,0,0,0,0,0,0,1,0,0,0,0,0,0,0,0,0
0,2,0,28,72,0,0,0,0,0,0,0,0,0,0,0,0,0,0,1,0
0,3,1,35,97,0,0,0,0,0,0,0,0,0,0,0,0,0,0,1,0
0,4,1,34,99,0,0,0,0,0,0,1,0,0,0,0,0,0,0,0,0
0,2,0,24,100,0,0,0,0,0,0,0,0,0,0,0,0,1,0,0,0
0,1,0,35,92,0,0,0,0,0,0,1,0,0,0,0,0,0,0,0,0
0,5,1,18,69,0,0,0,0,0,0,0,0,0,0,0,0,0,0,1,0
0,2,0,16,85,0,0,0,0,1,0,0,0,0,0,0,0,0,0,0,0
0,5,0,28,72,0,0,0,0,0,0,0,0,0,0,0,0,1,0,0,0
0,3,0,14,72,0,0,0,0,0,0,0,0,1,0,0,0,0,0,0,0
0,3,0,25,89,0,0,0,0,0,0,1,0,0,0,0,0,0,0,0,0
0,4,0,28,89,0,0,0,0,0,0,0,0,0,0,0,0,0,1,0,0
0,0,0,15,83,0,0,0,0,0,0,0,0,0,0,0,0,1,0,0,0
0,2,0,34,77,0,0,0,0,0,0,0,0,0,1,0,0,0,0,0,0
0,2,0,27,71,0,0,0,0,0,0,0,0,0,1,0,0,0,0,0,0
0,3,0,33,96,0,0,0,0,0,0,0,0,0,0,0,1,0,0,0,0
0,0,0,27,94,0,0,0,0,0,0,0,0,0,1,0,0,0,0,0,0
0,2,0,26,92,0,0,0,0,0,0,0,0,0,1,0,0,0,0,0,0
0,1,0,20,75,0,0,1,0,0,0,0,0,0,0,0,0,0,0,0,0
0,2,0,8,82,0,0,0,0,0,0,0,0,1,0,0,0,0,0,0,0
0,1,0,14,92,0,0,1,0,0,0,0,0,0,0,0,0,0,0,0,0
0,4,0,19,95,1,0,0,0,0,0,0,0,0,0,0,0,0,0,0,0
0,0,0,29,61,0,0,0,0,0,0,0,0,0,0,0,0,0,1,0,0
0,2,1,11,91,0,0,1,0,0,0,0,0,0,0,0,0,0,0,0,0
0,1,1,4,89,0,0,0,0,0,1,0,0,0,0,0,0,0,0,0,0
0,2,0,33,76,0,0,0,0,0,0,0,0,0,1,0,0,0,0,0,0
0,1,0,22,85,0,0,0,0,0,0,0,0,0,0,0,0,1,0,0,0
0,1,0,11,60,0,0,0,0,0,0,0,0,1,0,0,0,0,0,0,0
0,1,0,12,87,0,0,0,0,0,0,0,0,1,0,0,0,0,0,0,0
0,9,1,0,87,0,0,0,1,0,0,0,0,0,0,0,0,0,0,0,0
0,2,1,26,80,0,0,0,0,0,0,0,0,0,1,0,0,0,0,0,0
0,0,0,19,91,0,0,1,0,0,0,0,0,0,0,0,0,0,0,0,0
0,1,0,14,75,0,0,1,0,0,0,0,0,0,0,0,0,0,0,0,0
0,9,0,12,87,0,0,0,0,0,0,0,0,0,0,0,0,0,0,0,1
0,1,0,18,100,0,0,0,0,0,0,0,0,0,0,0,0,1,0,0,0
0,5,0,4,95,0,0,0,1,0,0,0,0,0,0,0,0,0,0,0,0
0,1,0,34,80,0,0,0,0,1,0,0,0,0,0,0,0,0,0,0,0
0,2,0,21,78,0,0,0,0,0,0,0,0,0,0,0,0,0,0,1,0
0,1,1,16,69,1,0,0,0,0,0,0,0,0,0,0,0,0,0,0,0
0,3,0,35,88,0,0,1,0,0,0,0,0,0,0,0,0,0,0,0,0
0,1,1,41,97,0,0,0,0,0,0,1,0,0,0,0,0,0,0,0,0
1,5,1,1,77,0,0,0,1,0,0,0,0,0,0,0,0,0,0,0,0
0,2,0,6,81,0,0,0,0,0,0,0,0,0,0,1,0,0,0,0,0
0,2,0,18,93,0,0,0,0,0,0,0,0,0,0,0,0,1,0,0,0
0,1,0,2,82,0,0,0,1,0,0,0,0,0,0,0,0,0,0,0,0
0,3,0,9,97,0,0,0,0,0,0,0,0,0,0,0,0,0,0,1,0
0,9,0,1,66,0,0,0,1,0,0,0,0,0,0,0,0,0,0,0,0
0,2,0,31,66,0,0,0,0,0,0,0,0,0,0,0,0,1,0,0,0
0,1,0,21,81,0,0,0,0,0,0,0,0,0,0,0,0,1,0,0,0
0,5,0,26,82,1,0,0,0,0,0,0,0,0,0,0,0,0,0,0,0
0,3,0,15,64,1,0,0,0,0,0,0,0,0,0,0,0,0,0,0,0
0,2,0,19,90,0,0,0,0,0,0,0,0,0,0,0,0,0,0,1,0
0,1,1,3,94,0,0,0,0,0,0,0,1,0,0,0,0,0,0,0,0
1,9,1,22,72,0,0,0,0,0,0,0,0,0,0,0,0,1,0,0,0
1,1,0,1,57,0,0,0,1,0,0,0,0,0,0,0,0,0,0,0,0
0,3,0,32,100,0,0,0,0,0,0,1,0,0,0,0,0,0,0,0,0
0,2,0,32,82,0,0,0,0,0,0,0,0,0,0,0,0,1,0,0,0
0,2,0,4,90,0,0,0,1,0,0,0,0,0,0,0,0,0,0,0,0
0,2,0,21,98,1,0,0,0,0,0,0,0,0,0,0,0,0,0,0,0
0,3,0,35,96,0,0,0,0,1,0,0,0,0,0,0,0,0,0,0,0
0,1,0,35,85,0,0,0,0,0,0,0,0,0,1,0,0,0,0,0,0
0,1,1,20,71,0,0,1,0,0,0,0,0,0,0,0,0,0,0,0,0
0,1,0,35,100,0,0,0,0,1,0,0,0,0,0,0,0,0,0,0,0
1,6,0,2,77,0,0,0,1,0,0,0,0,0,0,0,0,0,0,0,0
0,4,0,3,80,0,1,0,0,0,0,0,0,0,0,0,0,0,0,0,0
0,2,0,5,85,0,0,0,0,0,0,0,0,0,0,0,0,0,0,1,0
0,0,0,21,79,0,0,0,0,0,0,0,0,0,0,0,0,0,0,1,0
0,2,0,14,95,0,0,0,0,0,0,0,0,0,0,0,0,1,0,0,0
0,3,0,26,61,1,0,0,0,0,0,0,0,0,0,0,0,0,0,0,0
1,1,0,31,99,0,0,0,0,0,0,1,0,0,0,0,0,0,0,0,0
0,2,0,28,81,1,0,0,0,0,0,0,0,0,0,0,0,0,0,0,0
0,1,1,19,80,0,0,0,0,0,0,0,0,0,0,0,0,1,0,0,0
0,3,0,17,99,0,0,0,0,0,0,0,0,0,0,0,0,0,1,0,0
0,2,0,23,70,0,0,0,0,0,0,0,0,0,0,0,0,1,0,0,0
0,6,0,0,78,0,0,0,1,0,0,0,0,0,0,0,0,0,0,0,0
0,1,0,3,61,0,0,0,0,0,0,0,0,0,0,1,0,0,0,0,0
0,1,0,1,97,0,0,0,0,0,0,0,1,0,0,0,0,0,0,0,0
0,3,0,43,94,0,0,0,0,0,0,1,0,0,0,0,0,0,0,0,0
0,1,0,47,91,0,0,0,0,0,0,1,0,0,0,0,0,0,0,0,0
0,1,0,9,95,0,0,0,0,0,0,0,0,1,0,0,0,0,0,0,0
1,4,0,5,92,0,0,0,1,0,0,0,0,0,0,0,0,0,0,0,0
0,5,0,9,76,0,0,0,0,0,0,0,0,0,0,1,0,0,0,0,0
0,1,0,27,67,1,0,0,0,0,0,0,0,0,0,0,0,0,0,0,0
0,6,1,11,88,0,0,1,0,0,0,0,0,0,0,0,0,0,0,0,0
0,7,0,5,91,0,0,0,1,0,0,0,0,0,0,0,0,0,0,0,0
0,5,0,21,64,0,0,0,0,0,0,0,0,0,0,0,0,1,0,0,0
1,3,0,18,64,0,0,1,0,0,0,0,0,0,0,0,0,0,0,0,0
0,4,0,3,89,0,0,0,0,0,0,0,0,1,0,0,0,0,0,0,0
0,1,0,32,94,0,0,0,0,0,0,1,0,0,0,0,0,0,0,0,0
0,2,0,3,95,0,0,0,0,0,0,0,0,0,0,0,0,0,0,1,0
0,2,0,17,97,0,0,0,0,0,0,0,0,0,0,0,0,0,1,0,0
0,0,0,17,64,0,0,0,0,0,0,0,0,0,0,0,0,1,0,0,0
0,2,1,12,76,0,0,1,0,0,0,0,0,0,0,0,0,0,0,0,0
0,3,0,46,91,0,0,0,0,0,0,1,0,0,0,0,0,0,0,0,0
0,1,0,19,90,1,0,0,0,0,0,0,0,0,0,0,0,0,0,0,0
0,2,0,30,84,0,0,0,0,1,0,0,0,0,0,0,0,0,0,0,0
0,2,0,20,73,0,0,0,0,0,0,0,0,0,0,0,0,1,0,0,0
