part_time_job,absence_days,extracurricular_activities,weekly_self_study_hours,math_score,career_Accountant,career_Artist,career_Banker,career_Business Owner,career_Construction Engineer,career_Designer,career_Doctor,career_Game Developer,career_Government Officer,career_Lawyer,career_Real Estate Developer,career_Scientist,career_Software Engineer,career_Stock Investor,career_Writer
0,3,0,27,73,0,0,0,0,0,0,0,0,0,1,0,0,0,0,0
0,5,0,10,84,0,0,0,0,0,0,0,0,0,0,0,0,0,0,0
0,3,1,23,99,0,0,0,0,0,0,0,0,0,0,0,0,1,0,0
1,2,1,34,95,0,0,0,0,0,0,0,0,0,0,0,0,1,0,0
0,6,0,25,94,0,0,0,0,0,0,0,0,0,0,0,0,0,0,0
0,1,0,7,80,0,0,0,0,0,0,0,0,0,0,0,0,0,0,0
0,6,0,0,94,0,0,0,1,0,0,0,0,0,0,0,0,0,0,0
0,2,1,28,86,0,0,0,0,0,0,0,0,0,0,0,0,1,0,0
0,1,0,37,92,0,0,0,0,0,0,1,0,0,0,0,0,0,0,0
1,3,0,15,100,0,0,0,0,0,0,0,0,0,0,0,0,1,0,0
0,8,0,4,57,0,0,0,1,0,0,0,0,0,0,0,0,0,0,0
0,3,0,34,100,0,0,1,0,0,0,0,0,0,0,0,0,0,0,0
0,0,0,23,64,0,0,0,0,0,0,0,0,0,0,0,0,0,0,1
0,1,1,17,79,1,0,0,0,0,0,0,0,0,0,0,0,0,0,0
0,4,0,30,77,1,0,0,0,0,0,0,0,0,0,0,0,0,0,0
0,2,1,19,99,0,0,0,0,1,0,0,0,0,0,0,0,0,0,0
0,1,0,29,92,0,0,0,0,1,0,0,0,0,0,0,0,0,0,0
0,4,0,21,77,0,0,1,0,0,0,0,0,0,0,0,0,0,0,0
0,4,0,18,92,1,0,0,0,0,0,0,0,0,0,0,0,0,0,0
1,7,0,4,65,0,0,0,1,0,0,0,0,0,0,0,0,0,0,0
1,5,1,5,88,0,0,0,1,0,0,0,0,0,0,0,0,0,0,0
0,0,1,28,81,0,0,0,0,0,0,0,0,0,0,0,0,0,1,0
0,6,1,16,76,0,0,0,0,0,0,0,0,0,0,0,0,0,1,0
0,9,0,0,64,0,0,0,1,0,0,0,0,0,0,0,0,0,0,0
0,2,0,3,85,0,0,0,0,0,0,0,1,0,0,0,0,0,0,0
1,2,0,18,94,0,0,1,0,0,0,0,0,0,0,0,0,0,0,0
0,7,0,26,94,0,0,0,0,0,0,0,0,0,0,0,0,1,0,0
0,4,0,23,89,0,0,0,0,0,0,0,0,0,0,0,0,1,0,0
0,7,0,2,98,0,0,0,1,0,0,0,0,0,0,0,0,0,0,0
0,2,0,18,91,0,0,0,0,1,0,0,0,0,0,0,0,0,0,0
0,3,0,27,92,0,0,0,0,0,0,0,0,0,0,0,0,1,0,0
0,2,0,8,64,0,0,0,0,0,0,0,0,0,0,1,0,0,0,0
0,4,0,14,90,0,0,0,0,0,0,0,0,0,0,0,0,1,0,0
0,3,0,16,87,0,0,0,0,0,0,0,0,0,0,0,0,1,0,0
0,7,0,32,85,0,0,0,0,0,0,0,0,0,0,0,1,0,0,0
0,3,0,28,73,0,0,0,0,0,0,0,0,0,0,0,0,0,0,0
0,1,0,24,85,0,0,0,0,0,0,0,0,0,0,0,0,1,0,0
0,3,0,16,93,0,0,0,0,0,0,0,0,0,0,0,0,0,1,0
0,3,0,29,89,0,0,0,0,0,0,0,0,0,0,0,0,1,0,0
0,0,0,14,95,1,0,0,0,0,0,0,0,0,0,0,0,0,0,0
0,4,0,10,68,0,0,0,0,0,0,0,0,1,0,0,0,0,0,0
0,5,0,31,98,0,0,0,0,0,0,0,0,0,0,0,0,1,0,0
0,4,0,34,79,0,0,0,0,0,0,0,0,0,0,0,0,0,1,0
0,3,0,4,87,0,0,0,0,0,0,0,0,0,0,1,0,0,0,0
1,0,0,28,100,0,0,0,0,0,0,0,0,0,1,0,0,0,0,0
0,5,0,29,76,0,0,0,0,0,0,0,0,0,0,0,0,0,0,1
1,6,0,1,90,0,1,0,0,0,0,0,0,0,0,0,0,0,0,0
0,3,1,31,86,0,0,0,0,0,0,0,0,0,0,0,1,0,0,0
0,5,1,13,78,1,0,0,0,0,0,0,0,0,0,0,0,0,0,0
0,4,0,24,76,0,0,0,0,0,0,0,0,0,0,0,0,0,1,0
0,2,0,24,96,0,0,0,0,0,0,0,0,0,0,0,0,0,0,0
0,1,1,19,93,0,0,0,0,0,0,0,0,0,0,0,0,1,0,0
0,4,0,26,98,0,0,0,0,0,0,1,0,0,0,0,0,0,0,0
0,4,0,41,94,0,0,0,0,0,0,1,0,0,0,0,0,0,0,0
0,1,0,3,89,0,0,0,0,0,0,0,1,0,0,0,0,0,0,0
0,4,1,14,96,1,0,0,0,0,0,0,0,0,0,0,0,0,0,0
0,6,1,27,99,0,0,0,0,0,0,0,0,0,0,0,0,0,0,0
1,6,0,0,88,0,0,0,1,0,0,0,0,0,0,0,0,0,0,0
0,1,0,3,87,0,0,0,0,0,1,0,0,0,0,0,0,0,0,0
0,2,0,12,85,0,0,1,0,0,0,0,0,0,0,0,0,0,0,0
0,2,0,23,97,0,0,0,0,0,0,1,0,0,0,0,0,0,0,0
0,0,0,16,88,0,0,0,0,0,0,0,0,0,0,0,0,1,0,0
1,2,1,3,71,0,1,0,0,0,0,0,0,0,0,0,0,0,0,0
0,3,1,18,93,0,0,0,0,0,0,0,0,0,0,0,0,1,0,0
0,3,0,6,83,0,0,0,0,0,0,0,0,0,0,1,0,0,0,0
0,8,0,2,68,0,0,0,1,0,0,0,0,0,0,0,0,0,0,0
0,0,0,34,92,0,0,0,0,0,0,0,0,0,1,0,0,0,0,0
0,0,0,8,78,0,0,0,0,0,0,0,0,0,0,1,0,0,0,0
0,0,1,13,96,0,0,0,0,0,0,0,0,0,0,0,0,0,0,0
1,8,0,1,97,0,0,0,1,0,0,0,0,0,0,0,0,0,0,0
1,4,1,33,88,0,0,0,0,0,0,0,0,0,0,0,0,0,0,0
0,1,0,12,92,0,0,0,0,0,0,0,0,0,0,0,0,0,0,0
1,3,0,24,96,0,0,0,0,1,0,0,0,0,0,0,0,0,0,0
0,4,0,33,86,0,0,0,0,1,0,0,0,0,0,0,0,0,0,0
0,1,1,44,86,0,0,0,0,0,0,1,0,0,0,0,0,0,0,0
0,1,0,9,97,0,0,0,0,0,0,0,0,0,0,0,0,0,0,0
0,4,1,34,100,0,0,0,0,0,0,0,0,0,0,0,0,1,0,0
0,1,0,33,100,0,0,0,0,0,0,0,0,0,1,0,0,0,0,0
0,2,0,20,68,0,0,0,0,0,0,0,0,0,0,0,0,0,0,0
0,3,0,15,97,1,0,0,0,0,0,0,0,0,0,0,0,0,0,0
0,4,0,12,85,0,0,0,0,1,0,0,0,0,0,0,0,0,0,0
0,2,1,5,68,0,0,0,0,0,0,0,0,0,0,0,0,0,0,0
0,1,0,31,73,0,0,0,0,0,0,0,0,0,1,0,0,0,0,0
0,5,0,26,70,0,0,0,0,0,0,0,0,0,0,0,0,0,0,0
0,1,1,26,96,0,0,0,0,0,0,0,0,0,0,0,0,1,0,0
0,5,0,9,91,0,0,0,0,0,0,0,0,0,0,0,0,0,1,0
0,4,0,21,95,0,0,0,0,0,0,0,0,0,0,0,0,1,0,0
0,1,1,34,82,1,0,0,0,0,0,0,0,0,0,0,0,0,0,0
0,6,1,27,99,0,0,0,0,0,0,0,0,0,0,0,0,1,0,0
0,3,0,17,97,0,0,0,0,0,0,0,0,0,0,0,0,1,0,0
0,5,0,0,99,0,0,0,0,0,0,0,0,0,0,0,0,0,0,0
0,3,1,12,99,1,0,0,0,0,0,0,0,0,0,0,0,0,0,0
0,0,0,41,96,0,0,0,0,0,0,1,0,0,0,0,0,0,0,0
0,4,0,32,91,0,0,0,0,1,0,0,0,0,0,0,0,0,0,0
0,2,0,2,100,0,1,0,0,0,0,0,0,0,0,0,0,0,0,0
0,6,1,34,99,0,0,1,0,0,0,0,0,0,0,0,0,0,0,0
0,3,0,2,99,0,0,0,0,0,0,0,0,0,0,1,0,0,0,0
0,7,0,33,99,0,0,0,0,0,0,0,0,0,0,0,0,1,0,0
0,5,0,17,65,0,0,0,0,0,1,0,0,0,0,0,0,0,0,0
0,7,0,4,85,0,0,0,1,0,0,0,0,0,0,0,0,0,0,0
0,3,0,6,92,0,0,0,0,0,0,0,0,0,0,1,0,0,0,0
0,7,0,9,62,0,0,0,0,0,0,0,0,0,0,0,0,0,0,0
1,2,0,35,87,0,0,0,0,0,0,0,0,0,0,0,0,1,0,0
0,5,0,16,98,0,0,0,0,0,1,0,0,0,0,0,0,0,0,0
1,7,0,0,98,0,0,0,1,0,0,0,0,0,0,0,0,0,0,0
0,2,0,27,87,0,0,0,0,0,0,0,0,0,1,0,0,0,0,0
0,0,0,24,96,0,0,0,0,1,0,0,0,0,0,0,0,0,0,0
0,2,0,30,82,0,0,0,0,0,0,0,0,0,0,0,0,0,0,0
0,6,0,20,100,0,0,0,0,0,0,0,0,0,0,0,0,1,0,0
0,0,0,27,91,0,0,0,0,0,0,0,0,0,0,0,0,1,0,0
0,6,0,2,87,0,0,0,1,0,0,0,0,0,0,0,0,0,0,0
1,1,0,27,86,0,0,1,0,0,0,0,0,0,0,0,0,0,0,0
0,4,1,24,94,1,0,0,0,0,0,0,0,0,0,0,0,0,0,0
0,4,0,23,99,1,0,0,0,0,0,0,0,0,0,0,0,0,0,0
0,1,0,15,84,0,0,0,0,0,0,0,0,1,0,0,0,0,0,0
0,3,0,25,92,0,0,0,0,0,0,0,0,0,0,0,0,0,1,0
0,3,0,35,90,0,0,0,0,0,0,0,0,0,1,0,0,0,0,0
0,1,0,3,97,0,0,0,0,0,0,0,1,0,0,0,0,0,0,0
0,3,0,35,85,0,0,0,0,0,0,0,0,0,0,0,0,0,0,0
0,2,0,12,89,0,0,0,0,1,0,0,0,0,0,0,0,0,0,0
0,4,0,2,76,0,1,0,0,0,0,0,0,0,0,0,0,0,0,0
1,2,0,16,79,0,0,0,0,0,0,0,0,0,0,0,0,0,0,0
0,5,0,4,89,0,0,0,1,0,0,0,0,0,0,0,0,0,0,0
0,3,0,19,97,0,0,0,0,0,0,0,0,0,0,0,0,0,0,0
0,0,0,25,85,0,0,0,0,0,0,0,0,0,0,0,0,0,0,0
0,1,0,24,90,0,0,0,0,0,0,0,0,0,1,0,0,0,0,0
0,1,0,15,100,0,0,0,0,0,0,0,0,0,0,0,0,1,0,0
0,1,1,33,76,0,0,0,0,0,0,0,0,0,1,0,0,0,0,0
0,3,0,10,95,0,0,1,0,0,0,0,0,0,0,0,0,0,0,0
0,5,0,34,82,0,0,0,0,0,0,0,0,0,0,0,1,0,0,0
0,3,0,30,85,0,0,0,0,0,0,0,0,0,1,0,0,0,0,0
0,5,1,29,93,0,0,0,0,0,0,1,0,0,0,0,0,0,0,0
0,4,0,31,81,0,0,0,0,0,0,0,0,0,0,0,0,0,0,0
0,2,0,2,97,0,0,0,0,0,0,0,1,0,0,0,0,0,0,0
0,3,0,20,88,0,0,0,0,0,0,0,0,0,0,0,0,1,0,0
0,1,1,11,76,0,0,0,0,0,0,0,0,0,0,0,0,0,1,0
0,1,0,34,87,0,0,0,0,0,0,0,0,0,0,0,1,0,0,0
0,2,0,35,85,0,0,0,0,0,0,0,0,0,0,0,0,0,0,0
0,4,0,20,92,0,0,0,0,0,0,0,0,0,0,0,0,1,0,0
0,7,0,1,87,0,0,0,1,0,0,0,0,0,0,0,0,0,0,0
1,6,0,17,90,0,0,0,0,0,0,0,0,0,0,0,0,1,0,0
0,6,0,34,94,0,0,0,0,0,0,1,0,0,0,0,0,0,0,0
0,3,0,8,96,0,0,0,0,0,0,0,0,0,0,0,0,0,0,0
0,3,0,4,75,0,0,0,0,0,0,0,0,0,0,0,0,0,0,0
0,1,0,13,96,0,0,0,0,0,0,0,0,0,0,0,0,0,0,1
0,2,0,27,70,0,0,0,0,0,0,0,0,0,1,0,0,0,0,0
0,5,0,32,79,0,0,0,0,0,0,0,0,0,0,0,0,0,0,0
0,1,0,31,87,0,0,0,0,1,0,0,0,0,0,0,0,0,0,0
1,9,0,0,66,0,0,0,1,0,0,0,0,0,0,0,0,0,0,0
0,7,0,6,65,0,0,0,0,0,0,0,0,1,0,0,0,0,0,0
0,2,0,7,83,0,0,0,0,0,0,0,0,1,0,0,0,0,0,0
0,1,0,32,100,0,0,0,0,0,0,0,0,0,1,0,0,0,0,0
0,5,1,30,85,0,0,0,0,0,0,0,0,0,0,0,0,1,0,0
0,2,0,2,95,0,0,0,0,0,0,0,1,0,0,0,0,0,0,0
0,8,1,32,96,0,0,0,0,0,0,0,0,0,1,0,0,0,0,0
0,2,0,24,94,0,0,0,0,1,0,0,0,0,0,0,0,0,0,0
0,1,0,16,65,0,0,0,0,0,1,0,0,0,0,0,0,0,0,0
0,1,0,15,64,0,0,0,0,0,0,0,0,0,0,0,0,0,0,1
0,3,0,26,100,0,0,0,0,0,0,0,0,0,0,0,0,1,0,0
0,1,1,14,95,0,0,0,0,0,0,0,0,0,0,0,0,0,0,0
0,4,0,1,85,0,0,0,0,0,0,0,1,0,0,0,0,0,0,0
0,5,0,10,86,0,0,0,0,1,0,0,0,0,0,0,0,0,0,0
0,2,0,26,65,0,0,0,0,0,0,0,0,0,0,0,0,0,0,0
0,7,1,21,91,0,0,0,0,1,0,0,0,0,0,0,0,0,0,0
0,0,0,30,100,0,0,0,0,0,0,0,0,0,0,0,0,1,0,0
0,2,0,11,70,0,0,0,0,0,1,0,0,0,0,0,0,0,0,0
0,3,0,4,83,0,0,0,0,0,0,0,0,0,0,0,0,0,1,0
0,3,0,32,85,0,0,0,0,0,0,0,0,0,0,0,0,1,0,0
0,3,0,32,99,0,0,0,0,0,0,0,0,0,0,0,0,0,0,0
0,1,0,25,95,0,0,0,0,0,0,0,0,0,1,0,0,0,0,0
0,7,1,4,94,0,0,0,0,0,0,0,0,0,0,0,0,0,0,0
0,2,0,7,66,0,0,0,0,0,0,0,0,0,0,0,0,0,0,0
0,5,0,3,81,0,0,0,0,0,0,0,0,0,0,0,0,0,0,0
1,8,0,1,71,0,0,0,1,0,0,0,0,0,0,0,0,0,0,0
0,4,1,23,77,0,0,0,0,0,0,0,0,0,0,0,0,0,0,1
0,1,0,30,83,0,0,0,0,0,0,0,0,0,0,0,1,0,0,0
0,2,0,48,86,0,0,0,0,0,0,1,0,0,0,0,0,0,0,0
0,4,1,24,85,0,0,0,0,0,0,0,0,0,0,0,0,1,0,0
1,7,0,0,100,0,0,0,1,0,0,0,0,0,0,0,0,0,0,0
0,9,0,2,79,0,0,0,1,0,0,0,0,0,0,0,0,0,0,0
0,0,0,32,85,0,0,0,0,0,0,0,0,0,0,0,0,1,0,0
0,4,0,32,85,0,0,0,0,0,0,0,0,0,0,0,0,1,0,0
0,3,0,16,99,0,0,0,0,0,0,0,0,0,0,0,0,0,1,0
0,4,0,28,85,0,0,0,0,1,0,0,0,0,0,0,0,0,0,0
0,7,0,30,100,0,0,0,0,0,0,0,0,0,0,0,0,1,0,0
0,5,0,18,76,1,0,0,0,0,0,0,0,0,0,0,0,0,0,0
1,1,0,23,96,0,0,0,0,0,0,0,0,0,0,0,0,1,0,0
0,4,1,23,100,0,0,0,0,0,0,0,0,0,0,0,0,1,0,0
0,2,1,37,87,0,0,0,0,0,0,1,0,0,0,0,0,0,0,0
0,3,0,29,95,1,0,0,0,0,0,0,0,0,0,0,0,0,0,0
1,7,0,1,57,0,0,0,1,0,0,0,0,0,0,0,0,0,0,0
0,3,1,24,86,0,0,0,0,0,0,0,0,0,0,0,0,1,0,0
0,5,0,23,93,0,0,0,0,0,0,0,0,0,0,0,0,1,0,0
0,6,0,19,90,0,0,0,0,0,0,0,0,0,0,0,0,0,0,0
0,3,0,33,99,0,0,0,0,0,0,1,0,0,0,0,0,0,0,0
0,5,0,33,94,0,0,0,0,0,0,0,0,0,0,0,1,0,0,0
0,2,0,18,100,0,0,0,0,0,0,0,0,0,0,0,0,1,0,0
0,6,0,10,63,0,0,0,0,0,0,0,0,0,0,1,0,0,0,0
1,2,0,22,89,0,0,0,0,0,0,0,0,0,0,0,0,1,0,0
0,2,0,2,98,0,0,0,0,0,0,0,0,0,0,1,0,0,0,0
0,3,0,24,80,0,0,0,0,0,0,1,0,0,0,0,0,0,0,0
0,2,0,15,92,0,0,0,0,1,0,0,0,0,0,0,0,0,0,0
0,1,0,8,84,0,0,0,0,0,0,0,0,0,0,0,0,0,1,0
0,4,0,33,99,0,0,0,0,0,0,0,0,0,0,0,0,1,0,0
0,2,0,2,65,0,0,0,1,0,0,0,0,0,0,0,0,0,0,0
0,3,0,20,94,0,0,0,0,0,1,0,0,0,0,0,0,0,0,0
0,1,0,24,89,1,0,0,0,0,0,0,0,0,0,0,0,0,0,0
0,7,0,30,88,0,0,0,0,0,0,1,0,0,0,0,0,0,0,0
0,1,0,25,76,0,0,0,0,0,0,0,0,0,0,0,0,0,1,0
0,1,0,1,88,0,0,0,0,0,1,0,0,0,0,0,0,0,0,0
0,4,0,27,88,0,0,0,0,0,0,0,0,0,0,0,0,1,0,0
0,4,0,28,91,0,0,0,0,0,0,0,0,0,0,0,0,1,0,0
1,2,0,4,86,0,0,0,1,0,0,0,0,0,0,0,0,0,0,0
0,1,0,31,88,0,0,0,0,0,0,0,0,0,0,0,0,1,0,0
0,5,0,17,83,0,0,0,0,1,0,0,0,0,0,0,0,0,0,0
0,2,0,23,84,0,0,0,0,0,0,1,0,0,0,0,0,0,0,0
0,2,0,19,91,0,0,0,0,0,0,0,0,0,0,0,0,1,0,0
1,4,1,26,83,0,0,1,0,0,0,0,0,0,0,0,0,0,0,0
0,6,0,22,92,0,0,0,0,0,0,1,0,0,0,0,0,0,0,0
1,6,1,4,78,0,0,0,1,0,0,0,0,0,0,0,0,0,0,0
0,8,1,21,89,0,0,0,0,0,0,0,0,0,0,0,0,0,1,0
0,5,0,15,63,0,0,0,0,0,0,0,0,0,0,0,0,0,0,0
0,3,1,10,100,0,0,0,0,0,0,0,0,0,0,0,0,0,0,0
0,5,1,3,97,0,1,0,0,0,0,0,0,0,0,0,0,0,0,0
0,5,0,2,85,0,1,0,0,0,0,0,0,0,0,0,0,0,0,0
0,4,0,46,92,0,0,0,0,0,0,1,0,0,0,0,0,0,0,0
0,3,0,31,88,0,0,0,0,0,0,0,0,0,0,0,0,0,0,1
0,1,0,33,95,0,0,0,0,0,0,0,0,0,1,0,0,0,0,0
0,2,0,19,79,1,0,0,0,0,0,0,0,0,0,0,0,0,0,0
0,3,0,25,93,0,0,0,0,0,0,0,0,0,0,0,0,1,0,0
0,1,0,21,98,0,0,0,0,0,0,0,0,0,0,0,0,0,1,0
0,4,0,30,91,0,0,1,0,0,0,0,0,0,0,0,0,0,0,0
0,1,1,27,90,0,0,0,0,0,0,0,0,0,0,0,0,1,0,0
0,5,0,33,82,0,0,0,0,1,0,0,0,0,0,0,0,0,0,0
0,7,0,25,91,0,0,0,0,0,0,0,0,0,0,0,0,1,0,0
0,6,0,34,82,0,0,0,0,0,0,0,0,0,1,0,0,0,0,0
1,4,0,28,83,0,0,0,0,1,0,0,0,0,0,0,0,0,0,0
0,6,0,22,97,0,0,0,0,0,0,0,0,0,0,0,0,1,0,0
1,2,0,0,87,0,0,0,1,0,0,0,0,0,0,0,0,0,0,0
0,5,0,22,97,0,0,1,0,0,0,0,0,0,0,0,0,0,0,0
0,2,0,25,72,0,0,0,0,0,0,0,0,0,0,0,0,0,0,0
0,1,0,19,91,0,0,0,0,0,0,0,0,0,0,0,0,0,1,0
1,7,0,2,64,0,0,0,1,0,0,0,0,0,0,0,0,0,0,0
0,4,0,5,87,0,0,0,0,0,0,0,1,0,0,0,0,0,0,0
0,2,0,26,98,0,0,0,0,0,0,0,0,0,1,0,0,0,0,0
0,2,0,32,87,0,0,0,0,0,0,0,0,0,0,0,0,0,0,0
0,2,0,35,96,0,0,0,0,1,0,0,0,0,0,0,0,0,0,0
0,0,0,29,98,0,0,0,0,0,0,0,0,0,1,0,0,0,0,0
0,3,1,12,66,0,0,0,0,0,1,0,0,0,0,0,0,0,0,0
0,2,0,35,94,0,0,0,0,0,0,1,0,0,0,0,0,0,0,0
1,8,0,2,92,0,0,0,1,0,0,0,0,0,0,0,0,0,0,0
1,1,0,7,69,0,0,0,0,0,0,0,0,1,0,0,0,0,0,0
0,2,0,35,96,0,0,0,0,0,0,0,0,0,0,0,0,0,0,0
0,3,1,28,76,0,0,0,0,0,0,0,0,0,1,0,0,0,0,0
0,1,1,4,84,0,1,0,0,0,0,0,0,0,0,0,0,0,0,0
0,3,1,16,95,0,0,0,0,0,0,0,0,0,0,0,0,1,0,0
0,1,0,26,90,1,0,0,0,0,0,0,0,0,0,0,0,0,0,0
0,3,0,30,96,0,0,0,0,0,0,0,0,0,0,0,0,0,0,0
0,2,0,30,95,0,0,0,0,0,0,0,0,0,0,0,0,1,0,0
1,3,1,15,85,0,0,0,0,1,0,0,0,0,0,0,0,0,0,0
0,8,1,1,67,0,0,0,1,0,0,0,0,0,0,0,0,0,0,0
0,3,1,6,84,0,0,0,0,0,0,0,0,1,0,0,0,0,0,0
1,9,1,5,67,0,0,0,1,0,0,0,0,0,0,0,0,0,0,0
0,1,0,30,75,0,0,1,0,0,0,0,0,0,0,0,0,0,0,0
0,3,1,8,67,0,0,0,0,0,0,0,0,1,0,0,0,0,0,0
1,9,0,5,67,0,0,0,1,0,0,0,0,0,0,0,0,0,0,0
0,4,0,4,78,0,0,0,0,0,0,0,0,1,0,0,0,0,0,0
0,3,0,6,59,0,0,0,0,0,0,0,0,0,0,1,0,0,0,0
0,6,0,34,89,0,0,0,0,0,0,0,0,0,1,0,0,0,0,0
0,3,0,26,86,0,0,0,0,0,0,0,0,0,0,0,0,1,0,0
0,3,0,46,96,0,0,0,0,0,0,1,0,0,0,0,0,0,0,0
1,1,0,46,96,0,0,0,0,0,0,1,0,0,0,0,0,0,0,0
1,4,0,2,80,0,0,0,0,0,0,0,0,0,0,0,0,0,0,0
1,0,0,32,86,0,0,0,0,0,0,0,0,0,0,0,0,0,1,0
0,4,1,1,79,0,1,0,0,0,0,0,0,0,0,0,0,0,0,0
0,2,1,8,58,0,0,0,0,0,0,0,0,0,0,1,0,0,0,0
0,1,0,28,91,0,0,0,0,0,0,0,0,0,1,0,0,0,0,0
0,4,0,3,64,0,0,0,1,0,0,0,0,0,0,0,0,0,0,0
0,3,0,25,77,0,0,0,0,0,0,0,0,0,1,0,0,0,0,0
0,0,0,4,81,0,0,0,0,0,0,0,0,0,0,1,0,0,0,0
0,2,0,16,90,0,0,0,0,0,0,0,0,0,0,0,0,0,0,0
0,3,0,35,93,0,0,0,0,0,0,0,0,0,0,0,0,1,0,0
0,2,0,24,95,0,0,0,0,0,0,1,0,0,0,0,0,0,0,0
0,2,1,46,86,0,0,0,0,0,0,1,0,0,0,0,0,0,0,0
0,5,0,26,90,0,0,0,0,0,0,0,0,0,0,0,0,0,0,0
0,1,0,5,79,0,0,0,0,0,0,0,0,0,0,0,0,0,0,0
0,3,0,4,83,0,1,0,0,0,0,0,0,0,0,0,0,0,0,0
0,6,0,27,85,0,0,0,0,0,0,0,0,0,1,0,0,0,0,0
0,3,0,0,66,0,1,0,0,0,0,0,0,0,0,0,0,0,0,0
0,6,1,16,93,1,0,0,0,0,0,0,0,0,0,0,0,0,0,0
0,6,1,14,65,0,0,0,0,0,0,0,0,0,0,0,0,0,0,0
0,1,0,5,62,0,1,0,0,0,0,0,0,0,0,0,0,0,0,0
0,8,1,12,76,0,0,0,0,0,0,0,0,0,0,0,0,0,0,0
0,5,0,2,98,0,1,0,0,0,0,0,0,0,0,0,0,0,0,0
0,6,0,0,59,0,0,0,1,0,0,0,0,0,0,0,0,0,0,0
0,6,1,24,76,1,0,0,0,0,0,0,0,0,0,0,0,0,0,0
0,7,0,0,82,0,0,0,1,0,0,0,0,0,0,0,0,0,0,0
0,1,0,18,89,0,0,0,0,0,0,0,0,0,0,0,0,1,0,0
0,4,0,20,89,0,0,0,0,0,0,0,0,0,0,0,0,1,0,0
1,4,0,4,65,0,0,0,1,0,0,0,0,0,0,0,0,0,0,0
0,5,0,27,84,0,0,0,0,0,0,0,0,0,1,0,0,0,0,0
0,0,1,27,100,0,0,0,0,0,0,1,0,0,0,0,0,0,0,0
1,3,1,17,93,0,0,0,0,0,0,0,0,0,0,0,0,1,0,0
0,2,1,21,83,0,0,0,0,1,0,0,0,0,0,0,0,0,0,0
0,9,1,24,95,0,0,0,0,0,0,0,0,0,1,0,0,0,0,0
0,1,0,28,87,1,0,0,0,0,0,0,0,0,0,0,0,0,0,0
0,2,0,3,64,0,0,0,0,0,0,0,0,0,0,1,0,0,0,0
0,2,0,24,100,0,0,0,0,1,0,0,0,0,0,0,0,0,0,0
0,5,1,22,89,0,0,0,0,0,0,0,0,0,0,0,0,1,0,0
0,2,0,21,100,0,0,0,0,0,0,0,0,0,0,0,0,0,0,0
0,4,0,29,81,0,0,0,0,0,0,0,0,0,1,0,0,0,0,0
0,2,0,4,80,0,0,0,0,0,1,0,0,0,0,0,0,0,0,0
0,5,0,19,79,1,0,0,0,0,0,0,0,0,0,0,0,0,0,0
0,3,0,33,96,0,0,0,0,0,0,0,0,0,0,0,0,1,0,0
0,4,0,29,86,0,0,0,0,0,0,0,0,0,0,0,0,0,0,0
0,1,1,27,86,0,0,0,0,0,0,0,0,0,1,0,0,0,0,0
0,2,1,0,88,0,1,0,0,0,0,0,0,0,0,0,0,0,0,0
0,3,0,10,76,0,0,0,0,0,0,0,0,0,0,0,0,0,0,0
0,1,1,29,84,0,0,0,0,1,0,0,0,0,0,0,0,0,0,0
0,0,1,17,96,0,0,0,0,0,0,0,0,0,0,0,0,1,0,0
0,1,0,24,88,0,0,0,0,0,0,0,0,0,0,0,0,0,0,0
0,2,0,35,89,0,0,0,0,1,0,0,0,0,0,0,0,0,0,0
0,3,0,19,80,0,0,0,0,1,0,0,0,0,0,0,0,0,0,0
0,6,0,23,94,0,0,1,0,0,0,0,0,0,0,0,0,0,0,0
0,9,0,14,99,0,0,0,0,1,0,0,0,0,0,0,0,0,0,0
0,2,0,21,81,0,0,1,0,0,0,0,0,0,0,0,0,0,0,0
0,6,0,18,91,0,0,0,0,0,0,0,0,0,0,0,0,0,0,0
0,5,1,16,87,0,0,0,0,0,0,0,0,0,0,0,0,0,0,0
0,5,0,35,92,1,0,0,0,0,0,0,0,0,0,0,0,0,0,0
0,2,0,11,96,0,0,1,0,0,0,0,0,0,0,0,0,0,0,0
0,3,0,4,83,0,1,0,0,0,0,0,0,0,0,0,0,0,0,0
0,3,0,16,98,0,0,0,0,0,0,0,0,0,0,0,0,1,0,0
0,1,0,25,97,0,0,0,0,0,0,0,0,0,0,0,0,0,1,0
0,2,1,35,100,0,0,0,0,0,0,0,0,0,0,0,0,0,0,0
0,4,0,15,89,0,0,1,0,0,0,0,0,0,0,0,0,0,0,0
0,4,1,21,76,0,0,1,0,0,0,0,0,0,0,0,0,0,0,0
0,6,1,25,70,0,0,0,0,0,0,0,0,0,1,0,0,0,0,0
0,2,1,25,97,0,0,0,0,0,0,0,0,0,0,0,0,0,1,0
1,3,0,12,84,0,0,0,0,0,0,0,0,0,0,0,0,0,1,0
0,1,0,25,84,0,0,0,0,0,0,0,0,0,0,0,0,0,0,0
0,6,0,50,94,0,0,0,0,0,0,1,0,0,0,0,0,0,0,0
0,5,0,15,96,0,0,0,0,0,0,0,0,0,0,0,0,1,0,0
1,1,0,5,97,0,0,0,1,0,0,0,0,0,0,0,0,0,0,0
0,3,0,35,85,0,0,0,0,0,0,0,0,0,0,0,0,1,0,0
0,0,0,27,68,0,0,0,0,0,0,0,0,0,0,0,0,0,0,0
1,6,0,2,86,0,0,0,1,0,0,0,0,0,0,0,0,0,0,0
1,2,1,18,93,0,0,0,0,0,0,0,0,0,0,0,0,1,0,0
0,1,0,14,85,0,0,0,0,0,0,0,0,0,0,0,0,1,0,0
0,5,1,2,100,0,1,0,0,0,0,0,0,0,0,0,0,0,0,0
0,2,0,19,93,0,0,0,0,0,0,0,0,0,0,0,0,1,0,0
0,2,0,21,94,0,0,1,0,0,0,0,0,0,0,0,0,0,0,0
0,3,0,23,82,0,0,0,0,0,0,1,0,0,0,0,0,0,0,0
1,2,0,30,96,0,0,0,0,0,0,0,0,0,0,0,0,1,0,0
0,4,0,19,84,0,0,0,0,1,0,0,0,0,0,0,0,0,0,0
0,2,0,21,90,0,0,0,0,0,0,0,0,0,0,0,0,1,0,0
1,0,0,30,90,0,0,0,0,0,0,0,0,0,0,0,0,0,0,0
0,2,0,29,87,0,0,0,0,0,0,0,0,0,0,0,0,1,0,0
0,2,1,16,96,0,0,0,0,0,0,0,0,0,0,0,0,1,0,0
0,6,0,35,91,0,0,0,0,0,0,0,0,0,0,0,0,0,0,0
0,3,0,28,91,0,0,0,0,0,0,0,0,0,0,0,0,1,0,0
0,2,0,2,59,0,0,0,0,0,0,0,0,0,0,1,0,0,0,0
0,3,0,42,89,0,0,0,0,0,0,1,0,0,0,0,0,0,0,0
0,7,0,31,81,0,0,1,0,0,0,0,0,0,0,0,0,0,0,0
0,3,0,15,77,1,0,0,0,0,0,0,0,0,0,0,0,0,0,0
0,7,0,1,72,0,0,0,1,0,0,0,0,0,0,0,0,0,0,0
0,8,0,40,94,0,0,0,0,0,0,1,0,0,0,0,0,0,0,0
0,7,0,31,95,0,0,0,0,0,0,0,0,0,1,0,0,0,0,0
0,1,0,10,96,0,0,0,0,0,0,0,0,1,0,0,0,0,0,0
0,3,0,14,85,0,0,1,0,0,0,0,0,0,0,0,0,0,0,0
0,2,0,7,88,0,0,0,0,0,0,0,0,1,0,0,0,0,0,0
0,5,0,4,94,0,0,0,1,0,0,0,0,0,0,0,0,0,0,0
0,2,0,23,99,0,0,0,0,0,0,0,0,0,0,0,0,0,0,0
0,1,1,33,97,0,0,0,0,0,0,0,0,0,0,0,0,0,0,0
0,5,1,11,81,0,0,1,0,0,0,0,0,0,0,0,0,0,0,0
0,5,0,34,98,0,0,0,0,0,0,0,0,0,0,0,0,1,0,0
0,1,0,3,73,0,0,0,0,0,0,0,0,1,0,0,0,0,0,0
1,0,0,29,95,0,0,0,0,0,0,0,0,0,0,0,0,1,0,0
0,7,0,14,84,0,0,0,0,1,0,0,0,0,0,0,0,0,0,0
0,8,0,25,88,0,0,0,0,0,0,1,0,0,0,0,0,0,0,0
0,1,1,9,66,0,0,0,0,0,0,0,0,0,0,0,0,0,0,0
0,5,0,31,71,0,0,0,0,0,0,0,0,0,1,0,0,0,0,0
0,5,0,3,76,0,0,0,0,0,1,0,0,0,0,0,0,0,0,0
0,5,0,5,100,0,0,0,1,0,0,0,0,0,0,0,0,0,0,0
0,2,0,4,96,0,0,0,0,0,0,0,1,0,0,0,0,0,0,0
0,2,0,25,82,0,0,0,0,0,0,0,0,0,0,0,0,0,0,0
0,1,0,33,81,0,0,0,0,0,0,0,0,0,0,0,0,0,0,0
1,1,0,24,97,0,0,0,0,0,0,0,0,0,0,0,0,0,0,0
1,6,0,0,81,0,0,0,1,0,0,0,0,0,0,0,0,0,0,0
0,2,0,26,97,0,0,0,0,0,0,0,0,0,1,0,0,0,0,0
0,7,0,31,80,0,0,0,0,1,0,0,0,0,0,0,0,0,0,0
1,1,1,4,82,0,0,0,1,0,0,0,0,0,0,0,0,0,0,0
0,3,1,2,90,0,0,0,0,0,0,0,0,0,0,1,0,0,0,0
1,7,0,2,87,0,0,0,1,0,0,0,0,0,0,0,0,0,0,0
0,4,0,12,86,1,0,0,0,0,0,0,0,0,0,0,0,0,0,0
0,0,0,21,96,0,0,0,0,0,0,0,0,0,0,0,0,1,0,0
0,4,0,25,100,0,0,0,0,0,0,0,0,0,0,0,0,1,0,0
0,5,0,34,92,0,0,0,0,0,0,0,0,0,0,0,1,0,0,0
0,3,0,0,75,0,0,0,0,0,0,0,0,0,0,1,0,0,0,0
0,2,0,31,100,0,0,0,0,0,0,0,0,0,1,0,0,0,0,0
0,1,0,21,100,0,0,0,0,0,0,0,0,0,0,0,0,0,0,0
0,4,0,22,96,0,0,0,0,0,0,0,0,0,0,0,0,1,0,0
0,5,0,24,85,0,0,0,0,0,0,0,0,0,0,0,0,1,0,0
0,1,0,24,92,0,0,0,0,0,0,0,0,0,0,0,0,1,0,0
0,5,0,3,90,0,0,0,0,0,0,0,0,1,0,0,0,0,0,0
1,6,1,4,73,0,0,0,1,0,0,0,0,0,0,0,0,0,0,0
0,5,0,35,85,0,0,0,0,0,0,0,0,0,1,0,0,0,0,0
0,7,0,20,93,0,0,0,0,0,0,0,0,0,0,0,0,1,0,0
1,3,0,21,95,0,0,0,0,0,0,0,0,0,0,0,0,0,0,0
1,9,0,1,61,0,0,0,1,0,0,0,0,0,0,0,0,0,0,0
0,1,0,33,90,0,0,0,0,0,0,0,0,0,0,0,0,1,0,0
0,2,1,24,85,0,0,0,0,0,0,0,0,0,0,0,0,1,0,0
1,6,0,5,95,0,0,0,1,0,0,0,0,0,0,0,0,0,0,0
0,1,1,12,95,0,0,0,0,0,0,0,0,1,0,0,0,0,0,0
0,4,1,8,81,0,0,0,0,0,0,0,0,0,0,1,0,0,0,0
0,5,0,8,95,0,0,0,0,0,0,0,0,0,0,1,0,0,0,0
0,2,0,19,87,0,0,0,0,0,0,0,0,0,0,0,0,0,1,0
0,4,0,29,74,0,0,0,0,0,0,0,0,0,0,0,0,0,0,0
0,7,0,5,57,0,0,0,0,0,0,0,0,0,0,1,0,0,0,0
0,8,1,12,100,0,0,0,0,0,0,0,0,0,0,0,0,0,1,0
0,3,0,21,77,0,0,1,0,0,0,0,0,0,0,0,0,0,0,0
0,9,0,31,92,0,0,0,0,0,0,0,0,0,0,0,1,0,0,0
0,3,0,3,71,0,0,0,0,0,0,0,0,0,0,0,0,0,0,0
0,5,0,29,77,0,0,0,0,0,0,0,0,0,1,0,0,0,0,0
0,4,0,31,90,0,0,0,0,0,0,0,0,0,0,0,0,1,0,0
0,1,0,46,91,0,0,0,0,0,0,1,0,0,0,0,0,0,0,0
0,4,0,34,100,0,0,0,0,0,0,0,0,0,0,0,0,1,0,0
0,2,0,34,93,0,0,0,0,0,0,0,0,0,0,0,0,0,0,0
0,5,0,32,98,0,0,0,0,0,0,0,0,0,0,0,0,1,0,0
0,2,1,20,90,0,0,0,0,0,0,0,0,0,0,0,0,1,0,0
0,3,0,21,87,0,0,0,0,0,1,0,0,0,0,0,0,0,0,0
0,1,0,30,91,0,0,0,0,0,0,0,0,0,0,0,0,1,0,0
0,3,1,15,98,1,0,0,0,0,0,0,0,0,0,0,0,0,0,0
0,6,1,18,85,0,0,1,0,0,0,0,0,0,0,0,0,0,0,0
0,3,0,24,76,1,0,0,0,0,0,0,0,0,0,0,0,0,0,0
0,3,0,15,89,0,0,1,0,0,0,0,0,0,0,0,0,0,0,0
0,3,0,30,80,0,0,0,0,0,0,0,0,0,1,0,0,0,0,0
1,3,0,32,95,0,0,0,0,0,0,0,0,0,0,0,0,0,1,0
0,2,0,27,79,1,0,0,0,0,0,0,0,0,0,0,0,0,0,0
0,3,0,2,82,0,0,0,0,0,0,0,1,0,0,0,0,0,0,0
0,7,1,1,98,0,1,0,0,0,0,0,0,0,0,0,0,0,0,0
0,0,0,2,80,0,0,0,0,0,0,0,1,0,0,0,0,0,0,0
0,3,0,41,89,0,0,0,0,0,0,1,0,0,0,0,0,0,0,0
0,3,0,35,91,0,0,0,0,0,0,0,0,0,0,0,0,1,0,0
0,0,1,30,96,0,0,0,0,1,0,0,0,0,0,0,0,0,0,0
0,2,1,12,81,0,0,1,0,0,0,0,0,0,0,0,0,0,0,0
0,3,0,17,88,0,0,0,0,0,0,0,0,0,0,0,0,1,0,0
0,2,0,26,93,0,0,0,0,0,0,0,0,0,0,0,0,1,0,0
0,7,0,32,87,0,0,0,0,1,0,0,0,0,0,0,0,0,0,0
0,4,1,4,97,0,0,0,0,0,0,0,0,0,0,1,0,0,0,0
0,3,0,34,86,0,0,0,0,0,0,0,0,0,0,0,1,0,0,0
0,2,1,35,91,0,0,0,0,0,0,0,0,0,0,0,0,0,0,0
1,8,0,5,90,0,0,0,1,0,0,0,0,0,0,0,0,0,0,0
0,1,0,31,90,0,0,1,0,0,0,0,0,0,0,0,0,0,0,0
0,6,0,3,81,0,0,0,1,0,0,0,0,0,0,0,0,0,0,0
1,2,0,18,85,0,0,0,0,0,0,0,0,0,0,0,0,1,0,0
0,1,1,47,94,0,0,0,0,0,0,1,0,0,0,0,0,0,0,0
1,1,1,32,97,0,0,0,0,0,0,0,0,0,0,0,0,1,0,0
0,3,1,20,100,1,0,0,0,0,0,0,0,0,0,0,0,0,0,0
1,5,0,19,97,0,0,0,0,0,0,0,0,0,0,0,0,1,0,0
0,1,1,5,65,0,0,0,0,0,0,0,0,0,0,1,0,0,0,0
0,3,0,22,93,0,0,0,0,0,0,0,0,0,0,0,0,1,0,0
0,0,0,13,87,0,0,0,0,1,0,0,0,0,0,0,0,0,0,0
0,0,0,19,83,0,0,0,0,0,0,0,0,0,0,0,0,0,0,0
0,3,1,31,81,0,0,0,0,0,0,0,0,0,1,0,0,0,0,0
0,3,1,3,80,0,0,0,0,0,0,0,1,0,0,0,0,0,0,0
1,3,0,34,65,0,0,0,0,0,0,0,0,0,0,0,0,0,0,0
0,3,0,34,93,0,0,0,0,0,1,0,0,0,0,0,0,0,0,0
0,2,0,30,90,0,0,0,0,0,0,0,0,0,0,0,0,1,0,0
0,3,0,32,81,1,0,0,0,0,0,0,0,0,0,0,0,0,0,0
0,1,0,31,95,0,0,0,0,0,0,0,0,0,0,0,0,1,0,0
0,7,0,3,83,0,0,0,0,0,0,0,1,0,0,0,0,0,0,0
0,3,1,24,82,0,0,0,0,1,0,0,0,0,0,0,0,0,0,0
0,1,1,21,88,0,0,0,0,0,0,0,0,0,0,0,0,1,0,0
1,8,0,1,100,0,0,0,1,0,0,0,0,0,0,0,0,0,0,0
0,5,1,15,75,1,0,0,0,0,0,0,0,0,0,0,0,0,0,0
0,1,0,12,94,0,0,0,0,0,0,0,0,1,0,0,0,0,0,0
0,3,1,21,89,0,0,0,0,0,0,0,0,0,0,0,0,0,0,0
1,5,0,24,100,0,0,0,0,0,0,0,0,0,0,0,0,0,1,0
1,6,0,5,65,0,0,0,1,0,0,0,0,0,0,0,0,0,0,0
0,8,1,0,93,0,1,0,0,0,0,0,0,0,0,0,0,0,0,0
1,1,1,30,80,0,0,0,0,0,0,1,0,0,0,0,0,0,0,0
0,8,0,31,97,0,0,0,0,0,0,0,0,0,1,0,0,0,0,0
0,3,1,33,85,0,0,0,0,0,0,0,0,0,0,0,0,1,0,0
0,2,0,31,79,0,0,1,0,0,0,0,0,0,0,0,0,0,0,0
1,3,0,7,87,0,0,0,0,0,0,0,0,1,0,0,0,0,0,0
0,2,0,15,93,0,0,1,0,0,0,0,0,0,0,0,0,0,0,0
0,7,0,16,92,0,0,1,0,0,0,0,0,0,0,0,0,0,0,0
1,1,0,35,85,0,0,0,0,0,0,0,0,0,0,0,1,0,0,0
0,3,0,32,79,0,0,0,0,0,0,0,0,0,0,0,0,0,0,0
0,0,0,31,60,0,0,0,0,0,0,0,0,0,0,0,0,0,0,0
0,3,0,24,99,0,0,1,0,0,0,0,0,0,0,0,0,0,0,0
0,1,0,4,63,0,0,0,0,0,0,0,0,0,0,0,0,0,0,0
0,7,0,8,89,0,0,0,0,0,0,0,0,0,0,0,0,0,1,0
0,1,1,35,86,0,0,0,0,0,0,0,0,0,0,0,1,0,0,0
0,2,1,7,71,0,0,0,0,0,0,0,0,0,0,1,0,0,0,0
0,2,0,25,74,0,0,0,0,0,0,0,0,0,0,0,0,0,0,0
0,2,0,28,99,0,0,0,0,0,0,0,0,0,0,0,0,1,0,0
0,4,0,19,99,0,0,0,0,0,0,0,0,0,0,0,0,0,1,0
0,2,0,16,88,0,0,0,0,0,0,0,0,0,0,0,0,1,0,0
0,9,0,34,91,0,0,0,0,0,0,0,0,0,1,0,0,0,0,0
1,3,0,31,86,0,0,0,0,0,0,0,0,0,1,0,0,0,0,0
0,2,0,27,86,0,0,0,0,0,0,0,0,0,0,0,0,1,0,0
0,1,0,28,72,0,0,0,0,0,0,0,0,0,1,0,0,0,0,0
1,3,1,34,77,0,0,0,0,0,0,0,0,0,0,0,1,0,0,0
1,1,0,34,94,0,0,0,0,0,0,0,0,0,1,0,0,0,0,0
0,7,0,34,75,0,0,1,0,0,0,0,0,0,0,0,0,0,0,0
0,0,0,13,75,1,0,0,0,0,0,0,0,0,0,0,0,0,0,0
0,3,0,18,93,1,0,0,0,0,0,0,0,0,0,0,0,0,0,0
0,1,0,29,92,0,0,0,0,0,0,0,0,0,0,0,0,0,0,0
0,5,0,34,90,0,0,0,0,0,0,0,0,0,0,0,0,1,0,0
0,2,0,14,90,1,0,0,0,0,0,0,0,0,0,0,0,0,0,0
0,1,0,32,83,0,0,0,0,0,0,0,0,0,0,0,1,0,0,0
0,0,0,12,83,0,0,1,0,0,0,0,0,0,0,0,0,0,0,0
0,2,0,24,84,0,0,1,0,0,0,0,0,0,0,0,0,0,0,0
0,2,1,29,89,0,0,1,0,0,0,0,0,0,0,0,0,0,0,0
0,0,0,13,94,0,0,0,0,1,0,0,0,0,0,0,0,0,0,0
0,2,0,5,73,0,0,0,0,0,0,0,0,0,0,1,0,0,0,0
0,2,0,21,88,0,0,0,0,0,0,0,0,0,0,0,0,1,0,0
0,2,0,35,95,0,0,0,0,0,0,1,0,0,0,0,0,0,0,0
0,2,0,16,87,0,0,0,0,1,0,0,0,0,0,0,0,0,0,0
0,2,0,29,60,0,0,0,0,0,0,0,0,0,0,0,0,0,0,0
0,6,0,35,90,0,0,0,0,1,0,0,0,0,0,0,0,0,0,0
0,2,0,11,88,0,0,1,0,0,0,0,0,0,0,0,0,0,0,0
0,2,1,1,99,0,0,0,0,0,0,0,1,0,0,0,0,0,0,0
0,6,0,18,89,0,0,0,0,0,0,0,0,0,0,0,0,1,0,0
0,3,0,5,86,0,0,0,0,0,0,0,1,0,0,0,0,0,0,0
0,4,0,33,94,0,0,0,0,0,0,1,0,0,0,0,0,0,0,0
0,3,0,26,84,0,0,0,0,0,0,0,0,0,0,0,0,0,0,0
0,1,0,25,85,0,0,0,0,0,0,0,0,0,0,0,0,0,1,0
0,2,1,30,78,0,0,0,0,0,0,0,0,0,0,0,0,0,0,0
0,2,0,13,86,0,0,0,0,0,0,0,0,0,0,0,0,0,0,0
0,6,0,10,84,0,0,1,0,0,0,0,0,0,0,0,0,0,0,0
1,1,0,17,74,0,0,0,0,0,1,0,0,0,0,0,0,0,0,0
0,3,0,32,91,0,0,0,0,0,0,0,0,0,1,0,0,0,0,0
0,1,1,3,92,0,0,0,1,0,0,0,0,0,0,0,0,0,0,0
0,0,0,0,100,0,0,0,0,0,0,0,0,0,0,1,0,0,0,0
0,5,1,3,94,0,0,0,0,0,0,0,1,0,0,0,0,0,0,0
0,3,0,21,94,0,0,0,0,1,0,0,0,0,0,0,0,0,0,0
0,3,0,4,92,0,0,0,0,0,0,0,1,0,0,0,0,0,0,0
1,1,0,20,82,0,0,1,0,0,0,0,0,0,0,0,0,0,0,0
0,7,1,16,83,0,0,0,0,1,0,0,0,0,0,0,0,0,0,0
0,1,0,13,84,0,0,0,0,0,0,0,0,0,0,0,0,0,1,0
0,0,0,30,60,0,0,0,0,0,0,0,0,0,0,0,0,0,0,0
0,3,0,7,67,0,0,0,0,0,0,0,0,0,0,0,0,0,0,0
0,1,0,8,89,0,0,0,0,0,0,0,0,0,0,0,0,0,0,0
0,0,0,8,68,0,0,0,0,0,0,0,0,0,0,1,0,0,0,0
0,9,1,11,82,0,0,0,0,1,0,0,0,0,0,0,0,0,0,0
0,2,0,35,87,1,0,0,0,0,0,0,0,0,0,0,0,0,0,0
0,1,0,33,100,0,0,0,0,0,0,1,0,0,0,0,0,0,0,0
0,3,0,11,75,0,0,0,0,0,1,0,0,0,0,0,0,0,0,0
0,3,0,24,80,0,0,1,0,0,0,0,0,0,0,0,0,0,0,0
0,1,0,1,91,0,0,0,0,0,0,0,1,0,0,0,0,0,0,0
0,1,1,12,94,0,0,0,0,1,0,0,0,0,0,0,0,0,0,0
0,7,0,28,81,0,0,0,0,1,0,0,0,0,0,0,0,0,0,0
0,2,0,20,94,1,0,0,0,0,0,0,0,0,0,0,0,0,0,0
0,3,0,27,96,0,0,0,0,1,0,0,0,0,0,0,0,0,0,0
0,1,0,18,62,0,0,0,0,0,0,0,0,0,0,0,0,0,0,0
0,5,1,7,60,0,0,0,0,0,0,0,0,1,0,0,0,0,0,0
0,5,0,31,99,0,0,0,0,0,0,0,0,0,1,0,0,0,0,0
0,4,0,1,95,0,0,0,1,0,0,0,0,0,0,0,0,0,0,0
0,4,1,30,92,1,0,0,0,0,0,0,0,0,0,0,0,0,0,0
0,2,1,28,100,0,0,0,0,0,0,0,0,0,1,0,0,0,0,0
0,6,0,6,89,0,0,0,0,0,0,0,0,0,0,1,0,0,0,0
0,7,0,3,93,0,0,0,0,0,0,0,0,0,0,0,0,0,0,0
0,0,0,17,100,0,0,0,0,0,1,0,0,0,0,0,0,0,0,0
0,4,0,29,99,0,0,0,0,0,0,1,0,0,0,0,0,0,0,0
0,3,0,28,79,1,0,0,0,0,0,0,0,0,0,0,0,0,0,0
1,6,1,2,94,0,0,0,1,0,0,0,0,0,0,0,0,0,0,0
0,6,1,28,97,0,0,0,0,0,0,0,0,0,0,0,0,1,0,0
0,3,1,26,87,1,0,0,0,0,0,0,0,0,0,0,0,0,0,0
0,7,0,26,82,0,0,0,0,0,0,0,0,0,0,0,0,0,1,0
1,1,0,26,99,0,0,0,0,0,0,0,0,0,0,0,0,1,0,0
0,4,1,10,92,0,0,1,0,0,0,0,0,0,0,0,0,0,0,0
1,1,0,30,92,0,0,0,0,0,0,0,0,0,0,0,0,1,0,0
1,1,0,33,91,0,0,0,0,0,0,0,0,0,0,0,0,0,1,0
0,1,0,18,80,1,0,0,0,0,0,0,0,0,0,0,0,0,0,0
0,2,0,16,70,0,0,0,0,0,0,0,0,0,0,0,0,0,0,1
0,3,1,21,96,0,0,0,0,0,0,1,0,0,0,0,0,0,0,0
0,1,0,24,99,0,0,0,0,0,0,0,0,0,0,0,0,1,0,0
0,5,0,27,98,0,0,0,0,1,0,0,0,0,0,0,0,0,0,0
0,3,0,14,88,0,0,0,0,0,0,0,0,1,0,0,0,0,0,0
0,8,0,30,89,0,0,0,0,0,0,0,0,0,0,0,0,1,0,0
0,3,0,35,87,0,0,0,0,0,0,1,0,0,0,0,0,0,0,0
1,1,0,15,88,1,0,0,0,0,0,0,0,0,0,0,0,0,0,0
1,0,1,9,94,0,0,0,0,0,0,0,0,0,0,1,0,0,0,0
0,2,0,3,80,0,1,0,0,0,0,0,0,0,0,0,0,0,0,0
0,2,0,1,79,0,1,0,0,0,0,0,0,0,0,0,0,0,0,0
0,5,1,32,88,0,0,0,0,0,0,0,0,0,0,0,0,1,0,0
0,0,0,35,93,0,0,1,0,0,0,0,0,0,0,0,0,0,0,0
0,3,0,2,86,0,0,0,0,0,0,0,1,0,0,0,0,0,0,0
0,1,0,13,62,0,0,0,0,0,0,0,0,1,0,0,0,0,0,0
0,1,0,5,98,0,0,0,0,0,0,0,0,0,0,1,0,0,0,0
0,2,0,21,83,0,0,0,0,1,0,0,0,0,0,0,0,0,0,0
0,0,0,31,90,0,0,0,0,0,0,0,0,0,0,0,0,1,0,0
0,4,0,31,81,0,0,0,0,0,0,0,0,0,1,0,0,0,0,0
0,2,0,13,97,0,0,0,0,1,0,0,0,0,0,0,0,0,0,0
0,3,0,28,97,1,0,0,0,0,0,0,0,0,0,0,0,0,0,0
0,5,0,27,100,0,0,0,0,0,0,0,0,0,0,0,0,1,0,0
0,2,0,33,97,0,0,0,0,0,0,0,0,0,0,0,0,1,0,0
0,4,0,5,81,0,0,0,0,0,0,0,1,0,0,0,0,0,0,0
0,2,0,2,62,0,0,0,0,0,0,0,0,0,0,0,0,0,0,0
0,1,0,22,87,0,0,1,0,0,0,0,0,0,0,0,0,0,0,0
0,3,0,17,89,0,0,0,0,1,0,0,0,0,0,0,0,0,0,0
0,1,0,14,90,0,0,0,0,1,0,0,0,0,0,0,0,0,0,0
0,1,0,3,62,0,0,0,0,0,0,0,0,1,0,0,0,0,0,0
0,3,0,4,92,0,0,0,0,0,0,0,1,0,0,0,0,0,0,0
0,2,0,31,89,0,0,1,0,0,0,0,0,0,0,0,0,0,0,0
0,1,0,16,90,0,0,0,0,1,0,0,0,0,0,0,0,0,0,0
0,5,0,15,69,0,0,0,0,0,0,0,0,0,0,0,0,0,0,0
0,7,1,18,76,0,0,0,0,0,0,0,0,0,0,0,0,0,0,0
0,0,0,23,87,0,0,0,0,0,0,0,0,0,0,0,0,1,0,0
0,2,0,6,84,0,0,0,0,0,0,0,0,0,0,0,0,0,1,0
0,1,0,33,86,0,0,0,0,0,0,0,0,0,1,0,0,0,0,0
0,2,0,10,85,0,0,0,0,0,0,0,0,0,0,0,0,0,0,0
0,9,0,31,96,0,0,0,0,0,0,0,0,0,0,0,0,0,1,0
0,2,0,22,75,1,0,0,0,0,0,0,0,0,0,0,0,0,0,0
0,4,0,35,91,0,0,0,0,0,0,0,0,0,0,0,0,1,0,0
0,6,0,27,85,0,0,0,0,0,0,1,0,0,0,0,0,0,0,0
0,0,1,14,81,1,0,0,0,0,0,0,0,0,0,0,0,0,0,0
0,4,0,29,86,0,0,0,0,0,0,1,0,0,0,0,0,0,0,0
0,1,0,18,83,0,0,0,0,0,0,0,0,0,0,0,0,0,0,1
0,2,0,11,98,0,0,0,0,0,0,0,0,0,0,0,0,0,0,0
0,2,0,19,95,0,0,0,0,0,0,0,0,0,0,0,0,1,0,0
0,1,0,31,88,0,0,0,0,0,0,0,0,0,0,0,0,1,0,0
0,5,1,28,90,0,0,0,0,0,0,0,0,0,0,0,0,0,1,0
0,1,0,16,76,0,0,0,0,0,1,0,0,0,0,0,0,0,0,0
0,3,0,4,73,0,1,0,0,0,0,0,0,0,0,0,0,0,0,0
0,4,0,31,85,0,0,0,0,0,0,0,0,0,0,0,0,0,0,1
0,4,0,29,91,0,0,0,0,0,0,0,0,0,0,0,0,1,0,0
0,5,0,27,61,0,0,0,0,0,0,0,0,0,0,0,0,0,0,0
0,1,0,29,79,0,0,0,0,0,1,0,0,0,0,0,0,0,0,0
0,2,0,29,100,0,0,0,0,0,0,0,0,0,0,0,0,1,0,0
0,3,0,14,90,0,0,0,0,0,0,0,0,0,0,0,0,1,0,0
0,2,0,20,94,0,0,1,0,0,0,0,0,0,0,0,0,0,0,0
1,3,0,8,84,0,0,0,0,0,0,0,0,0,0,0,0,0,1,0
0,4,1,20,89,0,0,0,0,0,0,0,0,0,0,0,0,1,0,0
0,3,0,34,99,0,0,0,0,1,0,0,0,0,0,0,0,0,0,0
0,2,0,42,85,0,0,0,0,0,0,1,0,0,0,0,0,0,0,0
0,6,0,4,89,0,0,0,0,0,0,0,1,0,0,0,0,0,0,0
0,1,0,29,86,0,0,0,0,1,0,0,0,0,0,0,0,0,0,0
0,3,0,1,63,0,1,0,0,0,0,0,0,0,0,0,0,0,0,0
0,5,0,27,99,0,0,0,0,0,0,0,0,0,0,0,0,1,0,0
0,3,0,29,61,0,0,0,0,0,0,0,0,0,0,0,0,0,0,0
0,6,0,21,60,0,0,0,0,0,0,0,0,0,0,0,0,0,0,0
0,2,0,34,93,0,0,0,0,0,0,0,0,0,0,0,0,1,0,0
0,3,0,33,93,0,0,0,0,0,0,0,0,0,0,0,0,0,1,0
0,9,0,3,93,0,0,0,1,0,0,0,0,0,0,0,0,0,0,0
0,1,0,18,99,0,0,0,0,0,0,0,0,0,0,0,0,1,0,0
0,4,0,32,86,0,0,0,0,0,0,1,0,0,0,0,0,0,0,0
0,1,0,30,89,0,0,0,0,0,0,0,0,0,0,0,0,1,0,0
0,7,0,3,96,0,0,0,0,0,0,0,1,0,0,0,0,0,0,0
0,3,0,26,85,0,0,0,0,0,0,0,0,0,1,0,0,0,0,0
0,4,0,32,93,0,0,1,0,0,0,0,0,0,0,0,0,0,0,0
0,3,0,14,76,0,0,1,0,0,0,0,0,0,0,0,0,0,0,0
0,1,0,33,90,0,0,0,0,1,0,0,0,0,0,0,0,0,0,0
0,1,0,35,85,0,0,1,0,0,0,0,0,0,0,0,0,0,0,0
0,2,1,27,83,0,0,0,0,0,0,0,0,0,1,0,0,0,0,0
0,6,0,31,87,0,0,0,0,0,0,0,0,0,0,0,0,1,0,0
0,0,0,31,87,0,0,0,0,0,0,0,0,0,0,0,0,1,0,0
0,7,1,23,81,1,0,0,0,0,0,0,0,0,0,0,0,0,0,0
0,3,0,4,75,0,1,0,0,0,0,0,0,0,0,0,0,0,0,0
0,0,1,23,94,0,0,0,0,1,0,0,0,0,0,0,0,0,0,0
0,3,0,15,91,0,0,0,0,0,0,0,0,1,0,0,0,0,0,0
0,2,0,24,96,0,0,0,0,0,0,0,0,0,1,0,0,0,0,0
0,2,0,31,85,0,0,0,0,0,0,0,0,0,0,0,0,1,0,0
0,4,0,29,71,0,0,0,0,0,0,0,0,0,1,0,0,0,0,0
0,4,0,6,66,0,0,0,0,0,0,0,0,0,0,0,0,0,0,0
0,7,1,33,99,1,0,0,0,0,0,0,0,0,0,0,0,0,0,0
1,8,1,1,66,0,0,0,1,0,0,0,0,0,0,0,0,0,0,0
0,1,0,29,80,0,0,0,0,0,0,0,0,0,0,0,0,0,1,0
0,3,0,20,97,0,0,0,0,0,0,0,0,0,0,0,0,1,0,0
1,3,0,49,87,0,0,0,0,0,0,1,0,0,0,0,0,0,0,0
0,1,0,23,86,0,0,0,0,0,0,0,0,0,0,0,0,1,0,0
0,1,0,11,89,0,0,0,0,1,0,0,0,0,0,0,0,0,0,0
0,2,0,29,76,0,0,0,0,0,0,0,0,0,0,0,0,0,0,0
0,4,1,32,89,0,0,0,0,0,0,0,0,0,0,0,0,1,0,0
0,6,0,1,96,0,0,0,1,0,0,0,0,0,0,0,0,0,0,0
1,1,0,29,90,0,0,0,0,0,0,0,0,0,1,0,0,0,0,0
0,3,0,21,100,0,0,0,0,0,0,1,0,0,0,0,0,0,0,0
0,0,0,30,80,0,0,0,0,0,0,0,0,0,1,0,0,0,0,0
0,1,0,31,99,0,0,0,0,0,0,0,0,0,0,0,0,1,0,0
0,7,0,23,70,0,0,0,0,0,0,0,0,0,0,0,0,0,0,1
0,1,0,23,62,0,0,0,0,0,1,0,0,0,0,0,0,0,0,0
0,5,0,26,90,0,0,1,0,0,0,0,0,0,0,0,0,0,0,0
0,2,0,29,87,0,0,0,0,1,0,0,0,0,0,0,0,0,0,0
1,0,0,32,91,0,0,0,0,0,0,0,0,0,0,0,0,1,0,0
0,2,1,25,93,1,0,0,0,0,0,0,0,0,0,0,0,0,0,0
0,3,0,33,76,0,0,0,0,0,0,0,0,0,0,0,1,0,0,0
0,6,0,33,72,0,0,0,0,0,0,0,0,0,0,0,0,0,0,0
1,3,0,23,94,0,0,0,0,0,0,0,0,0,0,0,0,1,0,0
0,0,0,48,99,0,0,0,0,0,0,1,0,0,0,0,0,0,0,0
0,3,0,32,76,0,0,1,0,0,0,0,0,0,0,0,0,0,0,0
1,4,1,3,71,0,0,0,1,0,0,0,0,0,0,0,0,0,0,0
0,1,0,24,60,0,0,0,0,0,0,0,0,0,0,0,0,0,0,0
0,1,0,4,96,0,0,0,0,0,0,0,1,0,0,0,0,0,0,0
0,0,1,16,99,0,0,0,0,1,0,0,0,0,0,0,0,0,0,0
0,4,0,12,100,0,0,0,0,0,0,0,0,0,0,0,0,0,1,0
1,9,0,4,77,0,0,0,1,0,0,0,0,0,0,0,0,0,0,0
0,3,1,23,88,0,0,0,0,0,0,0,0,0,0,0,0,1,0,0
0,2,0,31,99,0,0,0,0,0,0,0,0,0,0,0,0,0,1,0
0,5,0,27,93,0,0,0,0,0,1,0,0,0,0,0,0,0,0,0
0,3,1,29,99,0,0,0,0,0,0,0,0,0,0,0,0,1,0,0
0,4,0,17,91,0,0,0,0,0,0,0,0,0,0,0,0,1,0,0
1,3,0,18,95,0,0,1,0,0,0,0,0,0,0,0,0,0,0,0
0,5,0,15,61,0,0,0,0,0,0,0,0,1,0,0,0,0,0,0
0,1,0,32,65,0,0,0,0,0,0,0,0,0,0,0,0,0,0,1
0,7,0,25,89,0,0,0,0,0,0,0,0,0,0,0,0,1,0,0
1,1,1,0,65,0,0,0,0,0,0,0,0,0,0,1,0,0,0,0
1,1,0,29,91,0,0,0,0,0,0,0,0,0,0,0,0,0,1,0
0,5,0,25,73,0,0,0,0,0,0,0,0,0,0,0,0,0,0,1
0,2,0,23,94,0,0,0,0,0,0,0,0,0,0,0,0,1,0,0
0,7,1,11,97,0,0,0,0,1,0,0,0,0,0,0,0,0,0,0
0,7,1,12,97,0,0,1,0,0,0,0,0,0,0,0,0,0,0,0
0,6,1,24,73,0,0,0,0,0,0,0,0,0,0,0,0,0,0,0
1,6,0,2,81,0,0,0,1,0,0,0,0,0,0,0,0,0,0,0
0,7,0,5,88,0,0,0,0,0,0,0,1,0,0,0,0,0,0,0
0,5,1,23,86,0,0,0,0,0,0,1,0,0,0,0,0,0,0,0
1,6,0,1,73,0,0,0,1,0,0,0,0,0,0,0,0,0,0,0
0,4,0,32,98,0,0,0,0,0,0,0,0,0,0,0,1,0,0,0
0,1,0,34,81,0,0,0,0,0,0,0,0,0,0,0,1,0,0,0
0,1,0,24,84,0,0,0,0,0,0,0,0,0,1,0,0,0,0,0
0,2,0,21,100,0,0,1,0,0,0,0,0,0,0,0,0,0,0,0
0,2,0,14,96,0,0,0,0,0,1,0,0,0,0,0,0,0,0,0
0,3,0,25,98,0,0,0,0,0,0,0,0,0,0,0,0,1,0,0
0,1,1,26,82,0,0,0,0,0,1,0,0,0,0,0,0,0,0,0
0,6,0,5,88,0,0,0,0,0,0,0,1,0,0,0,0,0,0,0
0,2,0,15,100,0,0,0,0,0,0,0,0,0,0,0,0,0,0,0
0,0,1,14,81,0,0,1,0,0,0,0,0,0,0,0,0,0,0,0
0,3,0,47,90,0,0,0,0,0,0,1,0,0,0,0,0,0,0,0
0,5,1,3,68,0,0,0,0,0,0,0,0,0,0,1,0,0,0,0
0,1,1,42,93,0,0,0,0,0,0,1,0,0,0,0,0,0,0,0
0,1,0,22,94,0,0,0,0,1,0,0,0,0,0,0,0,0,0,0
0,4,0,50,99,0,0,0,0,0,0,1,0,0,0,0,0,0,0,0
1,7,0,29,93,1,0,0,0,0,0,0,0,0,0,0,0,0,0,0
0,1,1,25,76,0,0,0,0,0,0,0,0,0,1,0,0,0,0,0
0,9,0,3,93,0,0,0,1,0,0,0,0,0,0,0,0,0,0,0
1,7,0,12,61,0,0,0,0,0,0,0,0,0,0,0,0,0,0,0
0,3,0,27,96,1,0,0,0,0,0,0,0,0,0,0,0,0,0,0
0,2,0,47,90,0,0,0,0,0,0,1,0,0,0,0,0,0,0,0
0,1,0,11,69,0,0,0,0,0,0,0,0,0,0,0,0,0,0,0
0,2,1,14,86,0,0,0,0,0,0,0,0,0,0,0,0,1,0,0
0,7,0,33,86,0,0,0,0,0,0,0,0,0,0,0,0,0,1,0
0,2,0,31,96,0,0,0,0,0,0,0,0,0,1,0,0,0,0,0
0,1,0,11,86,0,0,0,0,0,0,0,0,1,0,0,0,0,0,0
0,1,0,1,85,0,0,0,0,0,0,0,1,0,0,0,0,0,0,0
1,0,0,12,78,0,0,0,0,0,0,0,0,0,0,0,0,0,0,0
0,2,1,18,82,0,0,0,0,1,0,0,0,0,0,0,0,0,0,0
0,5,1,27,81,0,0,0,0,0,0,0,0,0,1,0,0,0,0,0
0,2,0,28,97,0,0,0,0,0,0,0,0,0,0,0,0,1,0,0
0,5,0,1,66,0,0,0,1,0,0,0,0,0,0,0,0,0,0,0
0,7,0,42,91,0,0,0,0,0,0,1,0,0,0,0,0,0,0,0
0,4,0,31,97,0,0,0,0,0,0,0,0,0,0,0,0,1,0,0
0,1,1,5,98,0,0,0,0,0,0,0,0,0,0,1,0,0,0,0
0,3,0,46,91,0,0,0,0,0,0,1,0,0,0,0,0,0,0,0
0,5,0,26,77,0,0,0,0,0,0,0,0,0,1,0,0,0,0,0
0,4,0,27,80,0,0,0,0,0,0,0,0,0,0,0,0,0,0,1
1,7,0,28,89,0,0,0,0,0,0,0,0,0,0,0,0,1,0,0
0,1,0,33,85,0,0,0,0,0,0,1,0,0,0,0,0,0,0,0
0,3,0,16,79,0,0,1,0,0,0,0,0,0,0,0,0,0,0,0
0,7,0,10,78,0,0,0,0,0,0,0,0,1,0,0,0,0,0,0
0,1,0,12,93,0,0,0,0,0,0,0,0,0,0,0,0,0,1,0
0,4,0,32,87,1,0,0,0,0,0,0,0,0,0,0,0,0,0,0
0,8,0,0,77,0,0,0,1,0,0,0,0,0,0,0,0,0,0,0
0,1,0,6,82,0,0,0,0,0,0,0,0,0,0,0,0,0,1,0
0,6,0,5,81,0,1,0,0,0,0,0,0,0,0,0,0,0,0,0
0,0,0,16,99,0,0,0,0,0,0,0,0,0,0,0,0,1,0,0
0,5,1,4,87,0,0,0,0,0,0,0,0,0,0,1,0,0,0,0
0,2,0,35,98,0,0,0,0,0,0,0,0,0,0,0,0,0,0,0
0,0,0,14,92,0,0,0,0,1,0,0,0,0,0,0,0,0,0,0
0,3,0,12,82,0,0,0,0,0,0,0,0,0,0,0,0,0,0,0
0,5,1,19,85,0,0,0,0,0,0,0,0,0,0,0,0,0,1,0
0,2,0,2,82,0,0,0,0,0,1,0,0,0,0,0,0,0,0,0
0,4,0,3,80,0,0,0,0,0,0,0,1,0,0,0,0,0,0,0
0,1,0,48,99,0,0,0,0,0,0,1,0,0,0,0,0,0,0,0
0,2,0,32,95,0,0,0,0,0,0,0,0,0,1,0,0,0,0,0
0,5,0,16,98,0,0,1,0,0,0,0,0,0,0,0,0,0,0,0
1,6,0,15,90,0,0,0,0,1,0,0,0,0,0,0,0,0,0,0
0,3,1,26,85,0,0,0,0,0,0,0,0,0,0,0,0,1,0,0
0,5,0,46,100,0,0,0,0,0,0,1,0,0,0,0,0,0,0,0
1,4,0,31,77,0,0,0,0,0,0,0,0,0,0,0,1,0,0,0
0,6,0,21,79,1,0,0,0,0,0,0,0,0,0,0,0,0,0,0
0,6,0,5,65,0,0,0,1,0,0,0,0,0,0,0,0,0,0,0
1,5,0,15,85,0,0,0,0,0,0,0,0,0,0,0,0,1,0,0
0,4,0,32,87,0,0,0,0,0,0,0,0,0,1,0,0,0,0,0
1,5,0,4,77,0,0,0,1,0,0,0,0,0,0,0,0,0,0,0
0,1,0,31,85,0,0,0,0,0,0,0,0,0,0,0,1,0,0,0
0,2,0,19,91,0,0,0,0,0,0,0,0,0,0,0,0,1,0,0
0,1,0,29,78,0,0,0,0,0,0,0,0,0,1,0,0,0,0,0
0,3,0,26,71,0,0,0,0,0,0,0,0,0,1,0,0,0,0,0
1,4,0,27,72,0,0,0,0,0,0,0,0,0,1,0,0,0,0,0
0,3,0,35,88,0,0,0,0,0,0,0,0,0,0,0,0,1,0,0
1,1,0,32,92,0,0,1,0,0,0,0,0,0,0,0,0,0,0,0
0,0,0,33,84,1,0,0,0,0,0,0,0,0,0,0,0,0,0,0
0,1,0,18,94,0,0,0,0,0,0,0,0,0,0,0,0,1,0,0
1,5,0,25,81,0,0,0,0,0,0,0,0,0,0,0,0,0,1,0
0,3,0,14,60,0,0,0,0,0,0,0,0,1,0,0,0,0,0,0
1,5,0,8,91,0,0,0,0,0,0,0,0,0,0,1,0,0,0,0
0,3,0,2,70,0,1,0,0,0,0,0,0,0,0,0,0,0,0,0
0,5,0,20,79,1,0,0,0,0,0,0,0,0,0,0,0,0,0,0
0,4,0,21,92,0,0,0,0,0,0,0,0,0,0,0,0,1,0,0
0,5,0,21,77,1,0,0,0,0,0,0,0,0,0,0,0,0,0,0
0,4,0,17,86,0,0,0,0,0,0,0,0,0,0,0,0,1,0,0
0,3,0,27,88,0,0,0,0,0,0,0,0,0,0,0,0,1,0,0
0,2,1,30,85,0,0,0,0,0,0,0,0,0,0,0,1,0,0,0
0,2,0,35,90,0,0,0,0,0,0,0,0,0,1,0,0,0,0,0
1,3,0,30,97,0,0,0,0,0,0,0,0,0,1,0,0,0,0,0
0,4,0,3,88,0,0,0,1,0,0,0,0,0,0,0,0,0,0,0
0,3,1,18,98,0,0,0,0,1,0,0,0,0,0,0,0,0,0,0
1,5,0,15,92,0,0,0,0,0,0,0,0,0,0,0,0,1,0,0
0,5,0,16,91,0,0,0,0,0,1,0,0,0,0,0,0,0,0,0
0,2,0,2,82,0,0,0,0,0,0,0,1,0,0,0,0,0,0,0
1,2,0,34,95,0,0,0,0,0,0,0,0,0,0,0,0,1,0,0
0,3,0,18,100,0,0,0,0,0,0,0,0,0,0,0,0,1,0,0
1,3,1,3,80,0,0,0,1,0,0,0,0,0,0,0,0,0,0,0
0,4,0,8,80,0,0,0,0,0,0,0,0,0,0,0,0,0,1,0
0,4,1,23,96,0,0,0,0,1,0,0,0,0,0,0,0,0,0,0
0,7,0,3,91,0,0,0,0,0,0,0,1,0,0,0,0,0,0,0
1,1,0,24,89,0,0,0,0,0,0,0,0,0,0,0,0,1,0,0
0,1,0,37,98,0,0,0,0,0,0,1,0,0,0,0,0,0,0,0
0,2,0,28,100,0,0,0,0,0,0,0,0,0,0,0,0,0,0,0
0,3,1,35,86,0,0,0,0,0,0,0,0,0,0,0,0,0,0,0
0,4,1,34,91,0,0,0,0,0,0,1,0,0,0,0,0,0,0,0
0,2,0,24,90,0,0,0,0,0,0,0,0,0,0,0,0,1,0,0
0,1,0,35,95,0,0,0,0,0,0,1,0,0,0,0,0,0,0,0
0,5,1,18,94,0,0,0,0,0,0,0,0,0,0,0,0,0,0,0
0,2,0,16,87,0,0,0,0,1,0,0,0,0,0,0,0,0,0,0
0,5,0,28,100,0,0,0,0,0,0,0,0,0,0,0,0,1,0,0
0,3,0,14,93,0,0,0,0,0,0,0,0,1,0,0,0,0,0,0
0,3,0,25,99,0,0,0,0,0,0,1,0,0,0,0,0,0,0,0
0,4,0,28,76,0,0,0,0,0,0,0,0,0,0,0,0,0,1,0
0,0,0,15,92,0,0,0,0,0,0,0,0,0,0,0,0,1,0,0
0,2,0,34,89,0,0,0,0,0,0,0,0,0,1,0,0,0,0,0
0,2,0,27,97,0,0,0,0,0,0,0,0,0,1,0,0,0,0,0
0,3,0,33,100,0,0,0,0,0,0,0,0,0,0,0,1,0,0,0
0,0,0,27,77,0,0,0,0,0,0,0,0,0,1,0,0,0,0,0
0,2,0,26,94,0,0,0,0,0,0,0,0,0,1,0,0,0,0,0
0,1,0,20,89,0,0,1,0,0,0,0,0,0,0,0,0,0,0,0
0,2,0,8,81,0,0,0,0,0,0,0,0,1,0,0,0,0,0,0
0,1,0,14,78,0,0,1,0,0,0,0,0,0,0,0,0,0,0,0
0,4,0,19,83,1,0,0,0,0,0,0,0,0,0,0,0,0,0,0
0,0,0,29,86,0,0,0,0,0,0,0,0,0,0,0,0,0,1,0
0,2,1,11,81,0,0,1,0,0,0,0,0,0,0,0,0,0,0,0
0,1,1,4,65,0,0,0,0,0,1,0,0,0,0,0,0,0,0,0
0,2,0,33,83,0,0,0,0,0,0,0,0,0,1,0,0,0,0,0
0,1,0,22,85,0,0,0,0,0,0,0,0,0,0,0,0,1,0,0
0,1,0,11,86,0,0,0,0,0,0,0,0,1,0,0,0,0,0,0
0,1,0,12,83,0,0,0,0,0,0,0,0,1,0,0,0,0,0,0
0,2,1,26,73,0,0,0,0,0,0,0,0,0,1,0,0,0,0,0
0,0,0,19,97,0,0,1,0,0,0,0,0,0,0,0,0,0,0,0
0,1,0,14,91,0,0,1,0,0,0,0,0,0,0,0,0,0,0,0
0,9,0,12,81,0,0,0,0,0,0,0,0,0,0,0,0,0,0,1
0,1,0,18,92,0,0,0,0,0,0,0,0,0,0,0,0,1,0,0
0,5,0,4,85,0,0,0,1,0,0,0,0,0,0,0,0,0,0,0
0,1,0,34,83,0,0,0,0,1,0,0,0,0,0,0,0,0,0,0
0,2,0,21,92,0,0,0,0,0,0,0,0,0,0,0,0,0,0,0
0,1,1,16,87,1,0,0,0,0,0,0,0,0,0,0,0,0,0,0
0,3,0,35,87,0,0,1,0,0,0,0,0,0,0,0,0,0,0,0
0,1,1,41,89,0,0,0,0,0,0,1,0,0,0,0,0,0,0,0
1,5,1,1,89,0,0,0,1,0,0,0,0,0,0,0,0,0,0,0
0,2,0,18,89,0,0,0,0,0,0,0,0,0,0,0,0,1,0,0
0,1,0,2,98,0,0,0,1,0,0,0,0,0,0,0,0,0,0,0
0,3,0,9,66,0,0,0,0,0,0,0,0,0,0,0,0,0,0,0
0,9,0,1,60,0,0,0,1,0,0,0,0,0,0,0,0,0,0,0
0,2,0,31,94,0,0,0,0,0,0,0,0,0,0,0,0,1,0,0
0,1,0,21,89,0,0,0,0,0,0,0,0,0,0,0,0,1,0,0
0,5,0,26,79,1,0,0,0,0,0,0,0,0,0,0,0,0,0,0
0,3,0,15,97,1,0,0,0,0,0,0,0,0,0,0,0,0,0,0
0,2,0,19,70,0,0,0,0,0,0,0,0,0,0,0,0,0,0,0
0,1,1,3,80,0,0,0,0,0,0,0,1,0,0,0,0,0,0,0
1,9,1,22,94,0,0,0,0,0,0,0,0,0,0,0,0,1,0,0
1,1,0,1,63,0,0,0,1,0,0,0,0,0,0,0,0,0,0,0
0,3,0,32,82,0,0,0,0,0,0,1,0,0,0,0,0,0,0,0
0,2,0,32,90,0,0,0,0,0,0,0,0,0,0,0,0,1,0,0
0,2,0,21,91,1,0,0,0,0,0,0,0,0,0,0,0,0,0,0
0,3,0,35,85,0,0,0,0,1,0,0,0,0,0,0,0,0,0,0
0,1,0,35,100,0,0,0,0,0,0,0,0,0,1,0,0,0,0,0
0,1,1,20,85,0,0,1,0,0,0,0,0,0,0,0,0,0,0,0
0,1,0,35,98,0,0,0,0,1,0,0,0,0,0,0,0,0,0,0
1,6,0,2,62,0,0,0,1,0,0,0,0,0,0,0,0,0,0,0
0,4,0,3,63,0,1,0,0,0,0,0,0,0,0,0,0,0,0,0
0,2,0,5,81,0,0,0,0,0,0,0,0,0,0,0,0,0,0,0
0,0,0,21,64,0,0,0,0,0,0,0,0,0,0,0,0,0,0,0
0,2,0,14,90,0,0,0,0,0,0,0,0,0,0,0,0,1,0,0
0,3,0,26,92,1,0,0,0,0,0,0,0,0,0,0,0,0,0,0
1,1,0,31,99,0,0,0,0,0,0,1,0,0,0,0,0,0,0,0
0,2,0,28,98,1,0,0,0,0,0,0,0,0,0,0,0,0,0,0
0,1,1,19,96,0,0,0,0,0,0,0,0,0,0,0,0,1,0,0
0,3,0,17,80,0,0,0,0,0,0,0,0,0,0,0,0,0,1,0
0,2,0,23,91,0,0,0,0,0,0,0,0,0,0,0,0,1,0,0
0,6,0,0,91,0,0,0,1,0,0,0,0,0,0,0,0,0,0,0
0,1,0,3,93,0,0,0,0,0,0,0,0,0,0,1,0,0,0,0
0,1,0,1,87,0,0,0,0,0,0,0,1,0,0,0,0,0,0,0
0,3,0,43,88,0,0,0,0,0,0,1,0,0,0,0,0,0,0,0
0,1,0,47,86,0,0,0,0,0,0,1,0,0,0,0,0,0,0,0
0,1,0,9,68,0,0,0,0,0,0,0,0,1,0,0,0,0,0,0
1,4,0,5,82,0,0,0,1,0,0,0,0,0,0,0,0,0,0,0
0,5,0,9,72,0,0,0,0,0,0,0,0,0,0,1,0,0,0,0
0,1,0,27,99,1,0,0,0,0,0,0,0,0,0,0,0,0,0,0
0,6,1,11,77,0,0,1,0,0,0,0,0,0,0,0,0,0,0,0
0,7,0,5,72,0,0,0,1,0,0,0,0,0,0,0,0,0,0,0
0,5,0,21,98,0,0,0,0,0,0,0,0,0,0,0,0,1,0,0
1,3,0,18,79,0,0,1,0,0,0,0,0,0,0,0,0,0,0,0
0,4,0,3,72,0,0,0,0,0,0,0,0,1,0,0,0,0,0,0
0,1,0,32,89,0,0,0,0,0,0,1,0,0,0,0,0,0,0,0
0,2,0,3,66,0,0,0,0,0,0,0,0,0,0,0,0,0,0,0
0,2,0,17,77,0,0,0,0,0,0,0,0,0,0,0,0,0,1,0
0,0,0,17,98,0,0,0,0,0,0,0,0,0,0,0,0,1,0,0
0,2,1,12,79,0,0,1,0,0,0,0,0,0,0,0,0,0,0,0
0,3,0,46,92,0,0,0,0,0,0,1,0,0,0,0,0,0,0,0
0,1,0,19,76,1,0,0,0,0,0,0,0,0,0,0,0,0,0,0
0,2,0,30,83,0,0,0,0,1,0,0,0,0,0,0,0,0,0,0
0,2,0,20,89,0,0,0,0,0,0,0,0,0,0,0,0,1,0,0
