part_time_job,absence_days,extracurricular_activities,weekly_self_study_hours,biology_score,career_Accountant,career_Artist,career_Banker,career_Business Owner,career_Construction Engineer,career_Designer,career_Doctor,career_Game Developer,career_Government Officer,career_Lawyer,career_Real Estate Developer,career_Scientist,career_Software Engineer,career_Stock Investor,career_Unknown,career_Writer
0,3,0,27,63,0,0,0,0,0,0,0,0,0,1,0,0,0,0,0,0
0,5,0,10,80,0,0,0,0,0,0,0,0,0,0,0,0,0,0,1,0
0,3,1,23,88,0,0,0,0,0,0,0,0,0,0,0,0,1,0,0,0
1,2,1,34,84,0,0,0,0,0,0,0,0,0,0,0,0,1,0,0,0
0,6,0,25,81,0,0,0,0,0,0,0,0,0,0,0,0,0,0,1,0
0,1,0,7,87,0,0,0,0,0,0,0,0,0,0,0,0,0,0,1,0
0,6,0,0,79,0,0,0,1,0,0,0,0,0,0,0,0,0,0,0,0
0,2,1,28,93,0,0,0,0,0,0,0,0,0,0,0,0,1,0,0,0
0,1,0,37,97,0,0,0,0,0,0,1,0,0,0,0,0,0,0,0,0
1,3,0,15,73,0,0,0,0,0,0,0,0,0,0,0,0,1,0,0,0
0,8,0,4,83,0,0,0,1,0,0,0,0,0,0,0,0,0,0,0,0
0,9,0,1,56,0,0,0,1,0,0,0,0,0,0,0,0,0,0,0,0
0,3,0,34,63,0,0,1,0,0,0,0,0,0,0,0,0,0,0,0,0
0,0,0,23,81,0,0,0,0,0,0,0,0,0,0,0,0,0,0,0,1
0,1,1,17,76,1,0,0,0,0,0,0,0,0,0,0,0,0,0,0,0
0,4,0,30,85,1,0,0,0,0,0,0,0,0,0,0,0,0,0,0,0
0,2,1,19,89,0,0,0,0,1,0,0,0,0,0,0,0,0,0,0,0
0,1,0,29,81,0,0,0,0,1,0,0,0,0,0,0,0,0,0,0,0
0,4,0,21,94,0,0,1,0,0,0,0,0,0,0,0,0,0,0,0,0
0,4,0,18,60,1,0,0,0,0,0,0,0,0,0,0,0,0,0,0,0
1,7,0,4,88,0,0,0,1,0,0,0,0,0,0,0,0,0,0,0,0
1,4,0,3,53,0,0,0,1,0,0,0,0,0,0,0,0,0,0,0,0
1,5,1,5,84,0,0,0,1,0,0,0,0,0,0,0,0,0,0,0,0
0,0,1,28,97,0,0,0,0,0,0,0,0,0,0,0,0,0,1,0,0
0,6,1,16,89,0,0,0,0,0,0,0,0,0,0,0,0,0,1,0,0
0,9,0,0,82,0,0,0,1,0,0,0,0,0,0,0,0,0,0,0,0
0,2,0,3,60,0,0,0,0,0,0,0,1,0,0,0,0,0,0,0,0
1,2,0,18,67,0,0,1,0,0,0,0,0,0,0,0,0,0,0,0,0
0,7,0,26,91,0,0,0,0,0,0,0,0,0,0,0,0,1,0,0,0
0,4,0,23,85,0,0,0,0,0,0,0,0,0,0,0,0,1,0,0,0
0,7,0,2,52,0,0,0,1,0,0,0,0,0,0,0,0,0,0,0,0
0,2,0,18,63,0,0,0,0,1,0,0,0,0,0,0,0,0,0,0,0
0,3,0,27,100,0,0,0,0,0,0,0,0,0,0,0,0,1,0,0,0
0,2,0,8,72,0,0,0,0,0,0,0,0,0,0,1,0,0,0,0,0
0,4,0,14,81,0,0,0,0,0,0,0,0,0,0,0,0,1,0,0,0
1,8,0,3,99,0,0,0,1,0,0,0,0,0,0,0,0,0,0,0,0
0,3,0,16,93,0,0,0,0,0,0,0,0,0,0,0,0,1,0,0,0
0,7,0,32,88,0,0,0,0,0,0,0,0,0,0,0,1,0,0,0,0
0,3,0,28,65,0,0,0,0,0,0,0,0,0,0,0,0,0,0,1,0
0,1,0,24,70,0,0,0,0,0,0,0,0,0,0,0,0,1,0,0,0
0,3,0,16,69,0,0,0,0,0,0,0,0,0,0,0,0,0,1,0,0
0,3,0,29,62,0,0,0,0,0,0,0,0,0,0,0,0,1,0,0,0
0,4,0,10,62,0,0,0,0,0,0,0,0,1,0,0,0,0,0,0,0
0,5,0,31,87,0,0,0,0,0,0,0,0,0,0,0,0,1,0,0,0
0,4,0,34,84,0,0,0,0,0,0,0,0,0,0,0,0,0,1,0,0
0,3,0,4,79,0,0,0,0,0,0,0,0,0,0,1,0,0,0,0,0
1,0,0,28,96,0,0,0,0,0,0,0,0,0,1,0,0,0,0,0,0
0,5,0,29,73,0,0,0,0,0,0,0,0,0,0,0,0,0,0,0,1
1,6,0,1,64,0,1,0,0,0,0,0,0,0,0,0,0,0,0,0,0
0,3,1,31,81,0,0,0,0,0,0,0,0,0,0,0,1,0,0,0,0
0,5,1,13,64,1,0,0,0,0,0,0,0,0,0,0,0,0,0,0,0
0,4,0,24,89,0,0,0,0,0,0,0,0,0,0,0,0,0,1,0,0
1,2,1,4,57,0,0,0,1,0,0,0,0,0,0,0,0,0,0,0,0
0,6,1,0,64,0,0,0,1,0,0,0,0,0,0,0,0,0,0,0,0
0,2,0,24,72,0,0,0,0,0,0,0,0,0,0,0,0,0,0,1,0
0,1,1,19,60,0,0,0,0,0,0,0,0,0,0,0,0,1,0,0,0
0,4,0,26,97,0,0,0,0,0,0,1,0,0,0,0,0,0,0,0,0
0,4,0,41,85,0,0,0,0,0,0,1,0,0,0,0,0,0,0,0,0
0,1,0,3,87,0,0,0,0,0,0,0,1,0,0,0,0,0,0,0,0
0,4,1,14,86,1,0,0,0,0,0,0,0,0,0,0,0,0,0,0,0
0,6,1,27,87,0,0,0,0,0,0,0,0,0,0,0,0,0,0,1,0
1,6,0,0,85,0,0,0,1,0,0,0,0,0,0,0,0,0,0,0,0
0,1,0,3,85,0,0,0,0,0,1,0,0,0,0,0,0,0,0,0,0
0,2,0,12,81,0,0,1,0,0,0,0,0,0,0,0,0,0,0,0,0
0,2,0,23,97,0,0,0,0,0,0,1,0,0,0,0,0,0,0,0,0
0,0,0,16,77,0,0,0,0,0,0,0,0,0,0,0,0,1,0,0,0
1,2,1,3,98,0,1,0,0,0,0,0,0,0,0,0,0,0,0,0,0
0,3,1,18,80,0,0,0,0,0,0,0,0,0,0,0,0,1,0,0,0
0,3,0,6,100,0,0,0,0,0,0,0,0,0,0,1,0,0,0,0,0
0,8,0,2,68,0,0,0,1,0,0,0,0,0,0,0,0,0,0,0,0
0,0,0,34,96,0,0,0,0,0,0,0,0,0,1,0,0,0,0,0,0
0,0,0,8,65,0,0,0,0,0,0,0,0,0,0,1,0,0,0,0,0
0,0,1,13,80,0,0,0,0,0,0,0,0,0,0,0,0,0,0,1,0
1,8,0,1,58,0,0,0,1,0,0,0,0,0,0,0,0,0,0,0,0
1,7,1,3,62,0,0,0,1,0,0,0,0,0,0,0,0,0,0,0,0
1,4,1,33,65,0,0,0,0,0,0,0,0,0,0,0,0,0,0,1,0
0,1,0,12,76,0,0,0,0,0,0,0,0,0,0,0,0,0,0,1,0
1,3,0,24,65,0,0,0,0,1,0,0,0,0,0,0,0,0,0,0,0
0,4,0,33,93,0,0,0,0,1,0,0,0,0,0,0,0,0,0,0,0
0,1,1,44,95,0,0,0,0,0,0,1,0,0,0,0,0,0,0,0,0
0,1,0,9,71,0,0,0,0,0,0,0,0,0,0,0,0,0,0,1,0
0,4,1,34,73,0,0,0,0,0,0,0,0,0,0,0,0,1,0,0,0
0,1,0,33,77,0,0,0,0,0,0,0,0,0,1,0,0,0,0,0,0
0,2,0,20,84,0,0,0,0,0,0,0,0,0,0,0,0,0,0,1,0
0,3,0,15,95,1,0,0,0,0,0,0,0,0,0,0,0,0,0,0,0
0,4,0,12,97,0,0,0,0,1,0,0,0,0,0,0,0,0,0,0,0
0,2,1,5,72,0,0,0,0,0,0,0,0,0,0,0,0,0,0,1,0
0,1,0,31,100,0,0,0,0,0,0,0,0,0,1,0,0,0,0,0,0
0,8,1,5,91,0,0,0,1,0,0,0,0,0,0,0,0,0,0,0,0
0,5,0,26,100,0,0,0,0,0,0,0,0,0,0,0,0,0,0,1,0
0,1,1,26,88,0,0,0,0,0,0,0,0,0,0,0,0,1,0,0,0
0,5,0,9,68,0,0,0,0,0,0,0,0,0,0,0,0,0,1,0,0
0,4,0,21,84,0,0,0,0,0,0,0,0,0,0,0,0,1,0,0,0
0,1,1,34,60,1,0,0,0,0,0,0,0,0,0,0,0,0,0,0,0
0,6,1,27,93,0,0,0,0,0,0,0,0,0,0,0,0,1,0,0,0
0,3,0,17,90,0,0,0,0,0,0,0,0,0,0,0,0,1,0,0,0
0,5,0,0,97,0,0,0,0,0,0,0,0,0,0,0,0,0,0,1,0
0,3,1,12,62,1,0,0,0,0,0,0,0,0,0,0,0,0,0,0,0
0,0,0,41,94,0,0,0,0,0,0,1,0,0,0,0,0,0,0,0,0
0,4,0,32,84,0,0,0,0,1,0,0,0,0,0,0,0,0,0,0,0
1,1,0,4,93,0,0,0,1,0,0,0,0,0,0,0,0,0,0,0,0
0,2,0,2,94,0,1,0,0,0,0,0,0,0,0,0,0,0,0,0,0
0,6,1,34,68,0,0,1,0,0,0,0,0,0,0,0,0,0,0,0,0
0,3,0,2,75,0,0,0,0,0,0,0,0,0,0,1,0,0,0,0,0
0,7,0,33,66,0,0,0,0,0,0,0,0,0,0,0,0,1,0,0,0
0,5,0,17,78,0,0,0,0,0,1,0,0,0,0,0,0,0,0,0,0
0,7,0,4,66,0,0,0,1,0,0,0,0,0,0,0,0,0,0,0,0
0,3,0,6,89,0,0,0,0,0,0,0,0,0,0,1,0,0,0,0,0
0,7,0,9,67,0,0,0,0,0,0,0,0,0,0,0,0,0,0,1,0
1,2,0,35,100,0,0,0,0,0,0,0,0,0,0,0,0,1,0,0,0
0,5,0,16,90,0,0,0,0,0,1,0,0,0,0,0,0,0,0,0,0
1,7,0,0,72,0,0,0,1,0,0,0,0,0,0,0,0,0,0,0,0
0,2,0,27,85,0,0,0,0,0,0,0,0,0,1,0,0,0,0,0,0
0,0,0,24,63,0,0,0,0,1,0,0,0,0,0,0,0,0,0,0,0
0,2,0,30,81,0,0,0,0,0,0,0,0,0,0,0,0,0,0,1,0
0,6,0,20,70,0,0,0,0,0,0,0,0,0,0,0,0,1,0,0,0
0,0,0,27,100,0,0,0,0,0,0,0,0,0,0,0,0,1,0,0,0
0,6,0,2,63,0,0,0,1,0,0,0,0,0,0,0,0,0,0,0,0
1,1,0,27,94,0,0,1,0,0,0,0,0,0,0,0,0,0,0,0,0
0,4,1,24,74,1,0,0,0,0,0,0,0,0,0,0,0,0,0,0,0
0,1,0,15,78,0,0,0,0,0,0,0,0,1,0,0,0,0,0,0,0
0,3,0,25,99,0,0,0,0,0,0,0,0,0,0,0,0,0,1,0,0
0,3,0,35,92,0,0,0,0,0,0,0,0,0,1,0,0,0,0,0,0
0,1,0,3,91,0,0,0,0,0,0,0,1,0,0,0,0,0,0,0,0
0,3,0,35,99,0,0,0,0,0,0,0,0,0,0,0,0,0,0,1,0
0,2,0,12,76,0,0,0,0,1,0,0,0,0,0,0,0,0,0,0,0
0,4,0,2,76,0,1,0,0,0,0,0,0,0,0,0,0,0,0,0,0
1,2,0,16,81,0,0,0,0,0,0,0,0,0,0,0,0,0,0,1,0
0,5,0,4,60,0,0,0,1,0,0,0,0,0,0,0,0,0,0,0,0
0,3,0,19,79,0,0,0,0,0,0,0,0,0,0,0,0,0,0,1,0
0,1,0,3,94,0,0,0,1,0,0,0,0,0,0,0,0,0,0,0,0
0,0,0,25,100,0,0,0,0,0,0,0,0,0,0,0,0,0,0,1,0
0,1,0,24,67,0,0,0,0,0,0,0,0,0,1,0,0,0,0,0,0
0,1,0,15,73,0,0,0,0,0,0,0,0,0,0,0,0,1,0,0,0
0,1,1,33,75,0,0,0,0,0,0,0,0,0,1,0,0,0,0,0,0
0,3,0,10,91,0,0,1,0,0,0,0,0,0,0,0,0,0,0,0,0
0,5,0,34,89,0,0,0,0,0,0,0,0,0,0,0,1,0,0,0,0
0,3,0,30,77,0,0,0,0,0,0,0,0,0,1,0,0,0,0,0,0
0,5,1,29,91,0,0,0,0,0,0,1,0,0,0,0,0,0,0,0,0
0,4,0,31,61,0,0,0,0,0,0,0,0,0,0,0,0,0,0,1,0
0,2,0,2,65,0,0,0,0,0,0,0,1,0,0,0,0,0,0,0,0
0,3,0,20,87,0,0,0,0,0,0,0,0,0,0,0,0,1,0,0,0
0,1,1,11,78,0,0,0,0,0,0,0,0,0,0,0,0,0,1,0,0
0,1,0,34,93,0,0,0,0,0,0,0,0,0,0,0,1,0,0,0,0
0,2,0,35,91,0,0,0,0,0,0,0,0,0,0,0,0,0,0,1,0
0,4,0,20,79,0,0,0,0,0,0,0,0,0,0,0,0,1,0,0,0
0,7,0,1,77,0,0,0,1,0,0,0,0,0,0,0,0,0,0,0,0
1,6,0,17,97,0,0,0,0,0,0,0,0,0,0,0,0,1,0,0,0
0,6,0,34,94,0,0,0,0,0,0,1,0,0,0,0,0,0,0,0,0
0,3,0,8,79,0,0,0,0,0,0,0,0,0,0,0,0,0,0,1,0
0,3,0,4,79,0,0,0,0,0,0,0,0,0,0,0,0,0,0,1,0
0,1,0,13,70,0,0,0,0,0,0,0,0,0,0,0,0,0,0,0,1
0,2,0,27,66,0,0,0,0,0,0,0,0,0,1,0,0,0,0,0,0
0,5,0,32,80,0,0,0,0,0,0,0,0,0,0,0,0,0,0,1,0
0,1,0,31,80,0,0,0,0,1,0,0,0,0,0,0,0,0,0,0,0
1,9,0,0,97,0,0,0,1,0,0,0,0,0,0,0,0,0,0,0,0
0,7,0,6,74,0,0,0,0,0,0,0,0,1,0,0,0,0,0,0,0
0,2,0,7,97,0,0,0,0,0,0,0,0,1,0,0,0,0,0,0,0
0,1,0,32,67,0,0,0,0,0,0,0,0,0,1,0,0,0,0,0,0
0,5,1,30,69,0,0,0,0,0,0,0,0,0,0,0,0,1,0,0,0
0,9,0,4,84,0,0,0,1,0,0,0,0,0,0,0,0,0,0,0,0
0,2,0,2,72,0,0,0,0,0,0,0,1,0,0,0,0,0,0,0,0
0,8,1,32,71,0,0,0,0,0,0,0,0,0,1,0,0,0,0,0,0
0,2,0,24,93,0,0,0,0,1,0,0,0,0,0,0,0,0,0,0,0
0,1,0,16,74,0,0,0,0,0,1,0,0,0,0,0,0,0,0,0,0
0,1,0,15,86,0,0,0,0,0,0,0,0,0,0,0,0,0,0,0,1
0,3,0,26,62,0,0,0,0,0,0,0,0,0,0,0,0,1,0,0,0
0,1,1,14,77,0,0,0,0,0,0,0,0,0,0,0,0,0,0,1,0
0,4,0,1,68,0,0,0,0,0,0,0,1,0,0,0,0,0,0,0,0
0,5,0,10,91,0,0,0,0,1,0,0,0,0,0,0,0,0,0,0,0
0,2,0,26,88,0,0,0,0,0,0,0,0,0,0,0,0,0,0,1,0
0,7,1,21,99,0,0,0,0,1,0,0,0,0,0,0,0,0,0,0,0
0,0,0,30,66,0,0,0,0,0,0,0,0,0,0,0,0,1,0,0,0
0,2,0,11,96,0,0,0,0,0,1,0,0,0,0,0,0,0,0,0,0
0,3,0,4,66,0,0,0,0,0,0,0,0,0,0,0,0,0,1,0,0
0,3,0,32,69,0,0,0,0,0,0,0,0,0,0,0,0,1,0,0,0
0,3,0,32,68,0,0,0,0,0,0,0,0,0,0,0,0,0,0,1,0
0,1,0,25,60,0,0,0,0,0,0,0,0,0,1,0,0,0,0,0,0
0,7,1,4,93,0,0,0,0,0,0,0,0,0,0,0,0,0,0,1,0
0,2,0,7,84,0,0,0,0,0,0,0,0,0,0,0,0,0,0,1,0
0,5,0,3,90,0,0,0,0,0,0,0,0,0,0,0,0,0,0,1,0
1,8,0,1,70,0,0,0,1,0,0,0,0,0,0,0,0,0,0,0,0
0,4,1,23,63,0,0,0,0,0,0,0,0,0,0,0,0,0,0,0,1
0,1,0,30,100,0,0,0,0,0,0,0,0,0,0,0,1,0,0,0,0
0,2,0,48,98,0,0,0,0,0,0,1,0,0,0,0,0,0,0,0,0
0,4,1,24,77,0,0,0,0,0,0,0,0,0,0,0,0,1,0,0,0
1,7,0,0,76,0,0,0,1,0,0,0,0,0,0,0,0,0,0,0,0
0,9,0,2,66,0,0,0,1,0,0,0,0,0,0,0,0,0,0,0,0
0,0,0,32,80,0,0,0,0,0,0,0,0,0,0,0,0,1,0,0,0
0,4,0,32,95,0,0,0,0,0,0,0,0,0,0,0,0,1,0,0,0
0,3,0,16,96,0,0,0,0,0,0,0,0,0,0,0,0,0,1,0,0
0,4,0,28,68,0,0,0,0,1,0,0,0,0,0,0,0,0,0,0,0
0,7,0,30,67,0,0,0,0,0,0,0,0,0,0,0,0,1,0,0,0
0,5,0,18,70,1,0,0,0,0,0,0,0,0,0,0,0,0,0,0,0
1,1,0,23,69,0,0,0,0,0,0,0,0,0,0,0,0,1,0,0,0
0,4,1,23,80,0,0,0,0,0,0,0,0,0,0,0,0,1,0,0,0
0,2,1,37,97,0,0,0,0,0,0,1,0,0,0,0,0,0,0,0,0
1,6,0,4,66,0,0,0,1,0,0,0,0,0,0,0,0,0,0,0,0
1,7,0,1,98,0,0,0,1,0,0,0,0,0,0,0,0,0,0,0,0
0,3,1,24,92,0,0,0,0,0,0,0,0,0,0,0,0,1,0,0,0
0,5,0,23,91,0,0,0,0,0,0,0,0,0,0,0,0,1,0,0,0
0,6,0,19,76,0,0,0,0,0,0,0,0,0,0,0,0,0,0,1,0
0,3,0,33,95,0,0,0,0,0,0,1,0,0,0,0,0,0,0,0,0
0,5,0,33,93,0,0,0,0,0,0,0,0,0,0,0,1,0,0,0,0
0,2,0,18,87,0,0,0,0,0,0,0,0,0,0,0,0,1,0,0,0
0,9,0,4,54,0,0,0,1,0,0,0,0,0,0,0,0,0,0,0,0
0,6,0,10,66,0,0,0,0,0,0,0,0,0,0,1,0,0,0,0,0
1,2,0,22,94,0,0,0,0,0,0,0,0,0,0,0,0,1,0,0,0
0,2,0,2,62,0,0,0,0,0,0,0,0,0,0,1,0,0,0,0,0
0,3,0,24,98,0,0,0,0,0,0,1,0,0,0,0,0,0,0,0,0
0,2,0,15,69,0,0,0,0,1,0,0,0,0,0,0,0,0,0,0,0
0,1,0,8,99,0,0,0,0,0,0,0,0,0,0,0,0,0,1,0,0
0,4,0,33,65,0,0,0,0,0,0,0,0,0,0,0,0,1,0,0,0
0,2,0,2,63,0,0,0,1,0,0,0,0,0,0,0,0,0,0,0,0
0,3,0,20,79,0,0,0,0,0,1,0,0,0,0,0,0,0,0,0,0
0,1,0,24,98,1,0,0,0,0,0,0,0,0,0,0,0,0,0,0,0
0,7,0,30,96,0,0,0,0,0,0,1,0,0,0,0,0,0,0,0,0
0,1,0,25,92,0,0,0,0,0,0,0,0,0,0,0,0,0,1,0,0
0,1,0,1,92,0,0,0,0,0,1,0,0,0,0,0,0,0,0,0,0
0,4,0,27,100,0,0,0,0,0,0,0,0,0,0,0,0,1,0,0,0
0,0,1,4,72,0,0,0,0,0,0,0,0,0,0,1,0,0,0,0,0
0,4,0,28,83,0,0,0,0,0,0,0,0,0,0,0,0,1,0,0,0
1,2,0,4,50,0,0,0,1,0,0,0,0,0,0,0,0,0,0,0,0
0,1,0,31,77,0,0,0,0,0,0,0,0,0,0,0,0,1,0,0,0
0,5,0,17,64,0,0,0,0,1,0,0,0,0,0,0,0,0,0,0,0
0,2,0,23,87,0,0,0,0,0,0,1,0,0,0,0,0,0,0,0,0
0,2,0,19,74,0,0,0,0,0,0,0,0,0,0,0,0,1,0,0,0
1,4,1,26,63,0,0,1,0,0,0,0,0,0,0,0,0,0,0,0,0
0,6,0,22,86,0,0,0,0,0,0,1,0,0,0,0,0,0,0,0,0
1,6,1,4,79,0,0,0,1,0,0,0,0,0,0,0,0,0,0,0,0
0,8,1,21,72,0,0,0,0,0,0,0,0,0,0,0,0,0,1,0,0
0,5,0,15,91,0,0,0,0,0,0,0,0,0,0,0,0,0,0,1,0
0,3,1,10,71,0,0,0,0,0,0,0,0,0,0,0,0,0,0,1,0
0,5,1,3,83,0,1,0,0,0,0,0,0,0,0,0,0,0,0,0,0
0,5,0,2,69,0,1,0,0,0,0,0,0,0,0,0,0,0,0,0,0
0,4,0,46,100,0,0,0,0,0,0,1,0,0,0,0,0,0,0,0,0
0,3,0,31,99,0,0,0,0,0,0,0,0,0,0,0,0,0,0,0,1
0,1,0,33,64,0,0,0,0,0,0,0,0,0,1,0,0,0,0,0,0
0,2,0,19,69,1,0,0,0,0,0,0,0,0,0,0,0,0,0,0,0
0,3,0,25,71,0,0,0,0,0,0,0,0,0,0,0,0,1,0,0,0
0,1,0,21,94,0,0,0,0,0,0,0,0,0,0,0,0,0,1,0,0
0,4,0,30,86,0,0,1,0,0,0,0,0,0,0,0,0,0,0,0,0
0,1,1,27,76,0,0,0,0,0,0,0,0,0,0,0,0,1,0,0,0
0,5,0,33,84,0,0,0,0,1,0,0,0,0,0,0,0,0,0,0,0
0,7,0,25,60,0,0,0,0,0,0,0,0,0,0,0,0,1,0,0,0
0,6,0,34,63,0,0,0,0,0,0,0,0,0,1,0,0,0,0,0,0
1,4,0,28,85,0,0,0,0,1,0,0,0,0,0,0,0,0,0,0,0
0,6,0,22,75,0,0,0,0,0,0,0,0,0,0,0,0,1,0,0,0
1,2,0,0,53,0,0,0,1,0,0,0,0,0,0,0,0,0,0,0,0
0,5,0,22,96,0,0,1,0,0,0,0,0,0,0,0,0,0,0,0,0
0,2,0,25,98,0,0,0,0,0,0,0,0,0,0,0,0,0,0,1,0
0,1,0,19,100,0,0,0,0,0,0,0,0,0,0,0,0,0,1,0,0
1,7,0,2,85,0,0,0,1,0,0,0,0,0,0,0,0,0,0,0,0
0,4,0,5,65,0,0,0,0,0,0,0,1,0,0,0,0,0,0,0,0
0,2,0,26,92,0,0,0,0,0,0,0,0,0,1,0,0,0,0,0,0
0,2,0,32,81,0,0,0,0,0,0,0,0,0,0,0,0,0,0,1,0
0,2,0,35,99,0,0,0,0,1,0,0,0,0,0,0,0,0,0,0,0
0,0,0,29,85,0,0,0,0,0,0,0,0,0,1,0,0,0,0,0,0
0,3,1,12,84,0,0,0,0,0,1,0,0,0,0,0,0,0,0,0,0
0,2,0,35,85,0,0,0,0,0,0,1,0,0,0,0,0,0,0,0,0
1,8,0,2,90,0,0,0,1,0,0,0,0,0,0,0,0,0,0,0,0
1,1,0,7,98,0,0,0,0,0,0,0,0,1,0,0,0,0,0,0,0
0,2,0,35,94,0,0,0,0,0,0,0,0,0,0,0,0,0,0,1,0
0,3,1,28,89,0,0,0,0,0,0,0,0,0,1,0,0,0,0,0,0
0,1,1,4,69,0,1,0,0,0,0,0,0,0,0,0,0,0,0,0,0
0,3,1,16,64,0,0,0,0,0,0,0,0,0,0,0,0,1,0,0,0
0,1,0,26,66,1,0,0,0,0,0,0,0,0,0,0,0,0,0,0,0
0,3,0,30,99,0,0,0,0,0,0,0,0,0,0,0,0,0,0,1,0
0,2,0,30,96,0,0,0,0,0,0,0,0,0,0,0,0,1,0,0,0
1,3,1,15,82,0,0,0,0,1,0,0,0,0,0,0,0,0,0,0,0
0,8,1,1,94,0,0,0,1,0,0,0,0,0,0,0,0,0,0,0,0
0,3,1,6,85,0,0,0,0,0,0,0,0,1,0,0,0,0,0,0,0
1,9,1,5,77,0,0,0,1,0,0,0,0,0,0,0,0,0,0,0,0
0,1,0,30,92,0,0,1,0,0,0,0,0,0,0,0,0,0,0,0,0
0,3,1,8,81,0,0,0,0,0,0,0,0,1,0,0,0,0,0,0,0
1,9,0,5,75,0,0,0,1,0,0,0,0,0,0,0,0,0,0,0,0
0,4,0,4,86,0,0,0,0,0,0,0,0,1,0,0,0,0,0,0,0
1,5,0,3,79,0,0,0,1,0,0,0,0,0,0,0,0,0,0,0,0
0,3,0,6,72,0,0,0,0,0,0,0,0,0,0,1,0,0,0,0,0
0,6,0,34,78,0,0,0,0,0,0,0,0,0,1,0,0,0,0,0,0
0,3,0,26,80,0,0,0,0,0,0,0,0,0,0,0,0,1,0,0,0
0,3,0,46,90,0,0,0,0,0,0,1,0,0,0,0,0,0,0,0,0
1,1,0,46,100,0,0,0,0,0,0,1,0,0,0,0,0,0,0,0,0
1,4,0,2,71,0,0,0,0,0,0,0,0,0,0,0,0,0,0,1,0
1,0,0,32,67,0,0,0,0,0,0,0,0,0,0,0,0,0,1,0,0
0,4,1,1,65,0,1,0,0,0,0,0,0,0,0,0,0,0,0,0,0
0,2,1,8,99,0,0,0,0,0,0,0,0,0,0,1,0,0,0,0,0
0,1,0,28,75,0,0,0,0,0,0,0,0,0,1,0,0,0,0,0,0
0,4,0,3,87,0,0,0,1,0,0,0,0,0,0,0,0,0,0,0,0
0,3,0,25,84,0,0,0,0,0,0,0,0,0,1,0,0,0,0,0,0
0,0,0,4,84,0,0,0,0,0,0,0,0,0,0,1,0,0,0,0,0
0,2,0,16,79,0,0,0,0,0,0,0,0,0,0,0,0,0,0,1,0
0,3,0,35,90,0,0,0,0,0,0,0,0,0,0,0,0,1,0,0,0
0,2,0,24,91,0,0,0,0,0,0,1,0,0,0,0,0,0,0,0,0
0,2,1,46,100,0,0,0,0,0,0,1,0,0,0,0,0,0,0,0,0
0,5,0,26,64,0,0,0,0,0,0,0,0,0,0,0,0,0,0,1,0
0,1,0,5,66,0,0,0,0,0,0,0,0,0,0,0,0,0,0,1,0
0,3,0,4,77,0,1,0,0,0,0,0,0,0,0,0,0,0,0,0,0
0,6,0,27,65,0,0,0,0,0,0,0,0,0,1,0,0,0,0,0,0
0,3,0,0,64,0,1,0,0,0,0,0,0,0,0,0,0,0,0,0,0
0,6,1,16,43,1,0,0,0,0,0,0,0,0,0,0,0,0,0,0,0
0,6,1,14,71,0,0,0,0,0,0,0,0,0,0,0,0,0,0,1,0
0,1,0,5,85,0,1,0,0,0,0,0,0,0,0,0,0,0,0,0,0
0,8,1,12,76,0,0,0,0,0,0,0,0,0,0,0,0,0,0,1,0
0,5,0,2,72,0,1,0,0,0,0,0,0,0,0,0,0,0,0,0,0
0,6,0,0,70,0,0,0,1,0,0,0,0,0,0,0,0,0,0,0,0
0,6,1,24,47,1,0,0,0,0,0,0,0,0,0,0,0,0,0,0,0
0,7,0,0,77,0,0,0,1,0,0,0,0,0,0,0,0,0,0,0,0
0,1,0,18,75,0,0,0,0,0,0,0,0,0,0,0,0,1,0,0,0
0,4,0,20,97,0,0,0,0,0,0,0,0,0,0,0,0,1,0,0,0
1,4,0,4,93,0,0,0,1,0,0,0,0,0,0,0,0,0,0,0,0
0,5,0,27,72,0,0,0,0,0,0,0,0,0,1,0,0,0,0,0,0
0,0,1,27,97,0,0,0,0,0,0,1,0,0,0,0,0,0,0,0,0
1,3,1,17,63,0,0,0,0,0,0,0,0,0,0,0,0,1,0,0,0
0,2,1,21,95,0,0,0,0,1,0,0,0,0,0,0,0,0,0,0,0
0,9,1,24,63,0,0,0,0,0,0,0,0,0,1,0,0,0,0,0,0
0,1,0,28,66,1,0,0,0,0,0,0,0,0,0,0,0,0,0,0,0
0,9,0,0,66,0,0,0,1,0,0,0,0,0,0,0,0,0,0,0,0
0,2,0,3,100,0,0,0,0,0,0,0,0,0,0,1,0,0,0,0,0
0,2,0,24,72,0,0,0,0,1,0,0,0,0,0,0,0,0,0,0,0
0,5,1,22,72,0,0,0,0,0,0,0,0,0,0,0,0,1,0,0,0
0,2,0,21,81,0,0,0,0,0,0,0,0,0,0,0,0,0,0,1,0
0,4,0,29,81,0,0,0,0,0,0,0,0,0,1,0,0,0,0,0,0
0,2,0,4,84,0,0,0,0,0,1,0,0,0,0,0,0,0,0,0,0
0,5,0,19,78,1,0,0,0,0,0,0,0,0,0,0,0,0,0,0,0
0,3,0,33,88,0,0,0,0,0,0,0,0,0,0,0,0,1,0,0,0
0,4,0,29,95,0,0,0,0,0,0,0,0,0,0,0,0,0,0,1,0
0,1,1,27,95,0,0,0,0,0,0,0,0,0,1,0,0,0,0,0,0
0,2,1,0,90,0,1,0,0,0,0,0,0,0,0,0,0,0,0,0,0
0,3,0,10,86,0,0,0,0,0,0,0,0,0,0,0,0,0,0,1,0
0,1,1,29,71,0,0,0,0,1,0,0,0,0,0,0,0,0,0,0,0
0,0,1,17,69,0,0,0,0,0,0,0,0,0,0,0,0,1,0,0,0
0,1,0,24,79,0,0,0,0,0,0,0,0,0,0,0,0,0,0,1,0
0,2,0,35,98,0,0,0,0,1,0,0,0,0,0,0,0,0,0,0,0
0,3,0,19,100,0,0,0,0,1,0,0,0,0,0,0,0,0,0,0,0
0,6,0,23,61,0,0,1,0,0,0,0,0,0,0,0,0,0,0,0,0
0,9,0,14,69,0,0,0,0,1,0,0,0,0,0,0,0,0,0,0,0
0,2,0,21,69,0,0,1,0,0,0,0,0,0,0,0,0,0,0,0,0
0,6,0,18,77,0,0,0,0,0,0,0,0,0,0,0,0,0,0,1,0
0,5,1,16,79,0,0,0,0,0,0,0,0,0,0,0,0,0,0,1,0
0,5,0,35,96,1,0,0,0,0,0,0,0,0,0,0,0,0,0,0,0
0,2,0,11,98,0,0,1,0,0,0,0,0,0,0,0,0,0,0,0,0
0,3,0,4,93,0,1,0,0,0,0,0,0,0,0,0,0,0,0,0,0
0,3,0,16,87,0,0,0,0,0,0,0,0,0,0,0,0,1,0,0,0
0,1,0,25,65,0,0,0,0,0,0,0,0,0,0,0,0,0,1,0,0
0,2,1,35,93,0,0,0,0,0,0,0,0,0,0,0,0,0,0,1,0
0,4,0,15,74,0,0,1,0,0,0,0,0,0,0,0,0,0,0,0,0
0,4,1,21,93,0,0,1,0,0,0,0,0,0,0,0,0,0,0,0,0
0,6,1,25,97,0,0,0,0,0,0,0,0,0,1,0,0,0,0,0,0
0,2,1,25,87,0,0,0,0,0,0,0,0,0,0,0,0,0,1,0,0
1,3,0,12,86,0,0,0,0,0,0,0,0,0,0,0,0,0,1,0,0
0,1,0,25,92,0,0,0,0,0,0,0,0,0,0,0,0,0,0,1,0
0,6,0,50,86,0,0,0,0,0,0,1,0,0,0,0,0,0,0,0,0
0,5,0,15,72,0,0,0,0,0,0,0,0,0,0,0,0,1,0,0,0
1,1,0,5,59,0,0,0,1,0,0,0,0,0,0,0,0,0,0,0,0
0,3,0,35,94,0,0,0,0,0,0,0,0,0,0,0,0,1,0,0,0
0,0,0,27,89,0,0,0,0,0,0,0,0,0,0,0,0,0,0,1,0
1,6,0,2,53,0,0,0,1,0,0,0,0,0,0,0,0,0,0,0,0
1,2,1,18,61,0,0,0,0,0,0,0,0,0,0,0,0,1,0,0,0
0,1,0,14,84,0,0,0,0,0,0,0,0,0,0,0,0,1,0,0,0
0,5,1,2,92,0,1,0,0,0,0,0,0,0,0,0,0,0,0,0,0
0,2,0,19,77,0,0,0,0,0,0,0,0,0,0,0,0,1,0,0,0
0,2,0,21,67,0,0,1,0,0,0,0,0,0,0,0,0,0,0,0,0
0,3,0,23,91,0,0,0,0,0,0,1,0,0,0,0,0,0,0,0,0
1,2,0,30,92,0,0,0,0,0,0,0,0,0,0,0,0,1,0,0,0
0,4,0,19,86,0,0,0,0,1,0,0,0,0,0,0,0,0,0,0,0
0,2,0,21,72,0,0,0,0,0,0,0,0,0,0,0,0,1,0,0,0
0,6,0,3,64,0,0,0,1,0,0,0,0,0,0,0,0,0,0,0,0
1,0,0,30,99,0,0,0,0,0,0,0,0,0,0,0,0,0,0,1,0
0,2,0,29,91,0,0,0,0,0,0,0,0,0,0,0,0,1,0,0,0
0,2,1,16,67,0,0,0,0,0,0,0,0,0,0,0,0,1,0,0,0
0,6,0,35,100,0,0,0,0,0,0,0,0,0,0,0,0,0,0,1,0
0,3,0,28,64,0,0,0,0,0,0,0,0,0,0,0,0,1,0,0,0
0,2,0,2,94,0,0,0,0,0,0,0,0,0,0,1,0,0,0,0,0
0,3,0,42,87,0,0,0,0,0,0,1,0,0,0,0,0,0,0,0,0
0,7,0,31,69,0,0,1,0,0,0,0,0,0,0,0,0,0,0,0,0
0,3,0,15,90,1,0,0,0,0,0,0,0,0,0,0,0,0,0,0,0
0,7,0,1,67,0,0,0,1,0,0,0,0,0,0,0,0,0,0,0,0
0,8,0,40,98,0,0,0,0,0,0,1,0,0,0,0,0,0,0,0,0
0,7,0,31,83,0,0,0,0,0,0,0,0,0,1,0,0,0,0,0,0
0,1,0,10,81,0,0,0,0,0,0,0,0,1,0,0,0,0,0,0,0
0,3,0,14,96,0,0,1,0,0,0,0,0,0,0,0,0,0,0,0,0
0,2,0,7,65,0,0,0,0,0,0,0,0,1,0,0,0,0,0,0,0
0,5,0,4,83,0,0,0,1,0,0,0,0,0,0,0,0,0,0,0,0
0,2,0,23,63,0,0,0,0,0,0,0,0,0,0,0,0,0,0,1,0
0,1,1,33,98,0,0,0,0,0,0,0,0,0,0,0,0,0,0,1,0
0,5,1,11,99,0,0,1,0,0,0,0,0,0,0,0,0,0,0,0,0
1,6,0,3,86,0,0,0,1,0,0,0,0,0,0,0,0,0,0,0,0
0,3,0,5,93,0,0,0,0,0,0,0,0,0,0,1,0,0,0,0,0
0,5,0,34,84,0,0,0,0,0,0,0,0,0,0,0,0,1,0,0,0
0,1,0,3,97,0,0,0,0,0,0,0,0,1,0,0,0,0,0,0,0
1,2,1,2,85,0,0,0,1,0,0,0,0,0,0,0,0,0,0,0,0
1,0,0,29,71,0,0,0,0,0,0,0,0,0,0,0,0,1,0,0,0
0,7,0,14,84,0,0,0,0,1,0,0,0,0,0,0,0,0,0,0,0
0,8,0,25,87,0,0,0,0,0,0,1,0,0,0,0,0,0,0,0,0
0,1,1,9,87,0,0,0,0,0,0,0,0,0,0,0,0,0,0,1,0
1,9,0,2,99,0,0,0,1,0,0,0,0,0,0,0,0,0,0,0,0
0,5,0,31,74,0,0,0,0,0,0,0,0,0,1,0,0,0,0,0,0
0,5,0,3,95,0,0,0,0,0,1,0,0,0,0,0,0,0,0,0,0
0,5,0,5,50,0,0,0,1,0,0,0,0,0,0,0,0,0,0,0,0
0,2,0,4,82,0,0,0,0,0,0,0,1,0,0,0,0,0,0,0,0
0,2,0,25,99,0,0,0,0,0,0,0,0,0,0,0,0,0,0,1,0
0,1,0,33,98,0,0,0,0,0,0,0,0,0,0,0,0,0,0,1,0
1,1,0,24,75,0,0,0,0,0,0,0,0,0,0,0,0,0,0,1,0
1,6,0,0,62,0,0,0,1,0,0,0,0,0,0,0,0,0,0,0,0
0,2,0,26,96,0,0,0,0,0,0,0,0,0,1,0,0,0,0,0,0
0,7,0,31,89,0,0,0,0,1,0,0,0,0,0,0,0,0,0,0,0
1,1,1,4,82,0,0,0,1,0,0,0,0,0,0,0,0,0,0,0,0
0,3,1,2,88,0,0,0,0,0,0,0,0,0,0,1,0,0,0,0,0
1,7,0,2,65,0,0,0,1,0,0,0,0,0,0,0,0,0,0,0,0
0,4,0,12,98,1,0,0,0,0,0,0,0,0,0,0,0,0,0,0,0
1,7,0,1,61,0,0,0,1,0,0,0,0,0,0,0,0,0,0,0,0
0,0,0,21,61,0,0,0,0,0,0,0,0,0,0,0,0,1,0,0,0
0,4,0,25,72,0,0,0,0,0,0,0,0,0,0,0,0,1,0,0,0
0,5,0,34,84,0,0,0,0,0,0,0,0,0,0,0,1,0,0,0,0
0,3,0,0,100,0,0,0,0,0,0,0,0,0,0,1,0,0,0,0,0
0,2,0,31,91,0,0,0,0,0,0,0,0,0,1,0,0,0,0,0,0
1,4,0,5,63,0,0,0,1,0,0,0,0,0,0,0,0,0,0,0,0
0,1,0,21,67,0,0,0,0,0,0,0,0,0,0,0,0,0,0,1,0
0,4,0,22,64,0,0,0,0,0,0,0,0,0,0,0,0,1,0,0,0
0,5,0,24,81,0,0,0,0,0,0,0,0,0,0,0,0,1,0,0,0
0,1,0,24,81,0,0,0,0,0,0,0,0,0,0,0,0,1,0,0,0
0,5,0,3,79,0,0,0,0,0,0,0,0,1,0,0,0,0,0,0,0
1,6,1,4,95,0,0,0,1,0,0,0,0,0,0,0,0,0,0,0,0
0,5,0,35,100,0,0,0,0,0,0,0,0,0,1,0,0,0,0,0,0
0,7,0,20,97,0,0,0,0,0,0,0,0,0,0,0,0,1,0,0,0
1,3,0,21,75,0,0,0,0,0,0,0,0,0,0,0,0,0,0,1,0
1,9,0,1,76,0,0,0,1,0,0,0,0,0,0,0,0,0,0,0,0
0,1,0,33,86,0,0,0,0,0,0,0,0,0,0,0,0,1,0,0,0
0,2,1,24,75,0,0,0,0,0,0,0,0,0,0,0,0,1,0,0,0
1,6,0,5,92,0,0,0,1,0,0,0,0,0,0,0,0,0,0,0,0
0,1,1,12,90,0,0,0,0,0,0,0,0,1,0,0,0,0,0,0,0
0,4,1,8,81,0,0,0,0,0,0,0,0,0,0,1,0,0,0,0,0
0,5,0,8,77,0,0,0,0,0,0,0,0,0,0,1,0,0,0,0,0
0,2,0,19,91,0,0,0,0,0,0,0,0,0,0,0,0,0,1,0,0
0,4,0,29,70,0,0,0,0,0,0,0,0,0,0,0,0,0,0,1,0
0,7,0,5,63,0,0,0,0,0,0,0,0,0,0,1,0,0,0,0,0
0,8,1,12,97,0,0,0,0,0,0,0,0,0,0,0,0,0,1,0,0
0,3,0,21,88,0,0,1,0,0,0,0,0,0,0,0,0,0,0,0,0
0,9,0,31,87,0,0,0,0,0,0,0,0,0,0,0,1,0,0,0,0
0,3,0,3,87,0,0,0,0,0,0,0,0,0,0,0,0,0,0,1,0
0,5,0,29,76,0,0,0,0,0,0,0,0,0,1,0,0,0,0,0,0
0,4,0,31,77,0,0,0,0,0,0,0,0,0,0,0,0,1,0,0,0
0,1,0,46,98,0,0,0,0,0,0,1,0,0,0,0,0,0,0,0,0
0,8,0,4,61,0,0,0,1,0,0,0,0,0,0,0,0,0,0,0,0
0,4,0,34,82,0,0,0,0,0,0,0,0,0,0,0,0,1,0,0,0
0,2,0,34,94,0,0,0,0,0,0,0,0,0,0,0,0,0,0,1,0
0,5,0,32,79,0,0,0,0,0,0,0,0,0,0,0,0,1,0,0,0
0,2,1,20,76,0,0,0,0,0,0,0,0,0,0,0,0,1,0,0,0
0,3,0,21,85,0,0,0,0,0,1,0,0,0,0,0,0,0,0,0,0
0,1,0,30,75,0,0,0,0,0,0,0,0,0,0,0,0,1,0,0,0
0,3,1,15,100,1,0,0,0,0,0,0,0,0,0,0,0,0,0,0,0
0,6,1,18,71,0,0,1,0,0,0,0,0,0,0,0,0,0,0,0,0
0,3,0,24,60,1,0,0,0,0,0,0,0,0,0,0,0,0,0,0,0
0,3,0,15,64,0,0,1,0,0,0,0,0,0,0,0,0,0,0,0,0
0,1,0,5,99,0,0,0,1,0,0,0,0,0,0,0,0,0,0,0,0
0,3,0,30,71,0,0,0,0,0,0,0,0,0,1,0,0,0,0,0,0
1,3,0,32,96,0,0,0,0,0,0,0,0,0,0,0,0,0,1,0,0
0,2,0,27,78,1,0,0,0,0,0,0,0,0,0,0,0,0,0,0,0
0,3,0,2,83,0,0,0,0,0,0,0,1,0,0,0,0,0,0,0,0
0,7,1,1,73,0,1,0,0,0,0,0,0,0,0,0,0,0,0,0,0
0,0,0,2,62,0,0,0,0,0,0,0,1,0,0,0,0,0,0,0,0
0,3,0,41,96,0,0,0,0,0,0,1,0,0,0,0,0,0,0,0,0
0,3,0,35,94,0,0,0,0,0,0,0,0,0,0,0,0,1,0,0,0
0,0,1,30,95,0,0,0,0,1,0,0,0,0,0,0,0,0,0,0,0
0,2,1,12,90,0,0,1,0,0,0,0,0,0,0,0,0,0,0,0,0
0,3,0,17,78,0,0,0,0,0,0,0,0,0,0,0,0,1,0,0,0
0,2,0,26,83,0,0,0,0,0,0,0,0,0,0,0,0,1,0,0,0
0,7,0,32,69,0,0,0,0,1,0,0,0,0,0,0,0,0,0,0,0
0,4,1,4,97,0,0,0,0,0,0,0,0,0,0,1,0,0,0,0,0
0,3,0,34,86,0,0,0,0,0,0,0,0,0,0,0,1,0,0,0,0
0,2,1,35,100,0,0,0,0,0,0,0,0,0,0,0,0,0,0,1,0
1,8,0,5,82,0,0,0,1,0,0,0,0,0,0,0,0,0,0,0,0
0,1,0,31,84,0,0,1,0,0,0,0,0,0,0,0,0,0,0,0,0
0,6,0,3,67,0,0,0,1,0,0,0,0,0,0,0,0,0,0,0,0
1,2,0,18,68,0,0,0,0,0,0,0,0,0,0,0,0,1,0,0,0
0,1,1,47,98,0,0,0,0,0,0,1,0,0,0,0,0,0,0,0,0
1,1,1,32,98,0,0,0,0,0,0,0,0,0,0,0,0,1,0,0,0
0,3,1,20,87,1,0,0,0,0,0,0,0,0,0,0,0,0,0,0,0
1,5,0,19,73,0,0,0,0,0,0,0,0,0,0,0,0,1,0,0,0
0,1,1,5,89,0,0,0,0,0,0,0,0,0,0,1,0,0,0,0,0
0,3,0,22,81,0,0,0,0,0,0,0,0,0,0,0,0,1,0,0,0
0,0,0,13,62,0,0,0,0,1,0,0,0,0,0,0,0,0,0,0,0
0,0,0,19,63,0,0,0,0,0,0,0,0,0,0,0,0,0,0,1,0
0,3,1,31,74,0,0,0,0,0,0,0,0,0,1,0,0,0,0,0,0
0,3,1,3,94,0,0,0,0,0,0,0,1,0,0,0,0,0,0,0,0
1,3,0,34,100,0,0,0,0,0,0,0,0,0,0,0,0,0,0,1,0
0,3,0,34,77,0,0,0,0,0,1,0,0,0,0,0,0,0,0,0,0
0,2,0,30,65,0,0,0,0,0,0,0,0,0,0,0,0,1,0,0,0
0,3,0,32,49,1,0,0,0,0,0,0,0,0,0,0,0,0,0,0,0
0,1,0,31,82,0,0,0,0,0,0,0,0,0,0,0,0,1,0,0,0
0,7,0,3,87,0,0,0,0,0,0,0,1,0,0,0,0,0,0,0,0
0,3,1,24,74,0,0,0,0,1,0,0,0,0,0,0,0,0,0,0,0
0,1,1,21,97,0,0,0,0,0,0,0,0,0,0,0,0,1,0,0,0
1,8,0,1,70,0,0,0,1,0,0,0,0,0,0,0,0,0,0,0,0
0,5,1,15,44,1,0,0,0,0,0,0,0,0,0,0,0,0,0,0,0
0,1,0,12,67,0,0,0,0,0,0,0,0,1,0,0,0,0,0,0,0
0,3,1,21,91,0,0,0,0,0,0,0,0,0,0,0,0,0,0,1,0
1,5,0,24,77,0,0,0,0,0,0,0,0,0,0,0,0,0,1,0,0
1,6,0,5,75,0,0,0,1,0,0,0,0,0,0,0,0,0,0,0,0
0,8,1,0,86,0,1,0,0,0,0,0,0,0,0,0,0,0,0,0,0
1,1,1,30,94,0,0,0,0,0,0,1,0,0,0,0,0,0,0,0,0
0,8,0,31,86,0,0,0,0,0,0,0,0,0,1,0,0,0,0,0,0
0,3,1,33,95,0,0,0,0,0,0,0,0,0,0,0,0,1,0,0,0
0,2,0,31,90,0,0,1,0,0,0,0,0,0,0,0,0,0,0,0,0
1,3,0,7,98,0,0,0,0,0,0,0,0,1,0,0,0,0,0,0,0
0,2,0,15,62,0,0,1,0,0,0,0,0,0,0,0,0,0,0,0,0
0,7,0,16,94,0,0,1,0,0,0,0,0,0,0,0,0,0,0,0,0
1,1,0,35,89,0,0,0,0,0,0,0,0,0,0,0,1,0,0,0,0
0,3,0,32,72,0,0,0,0,0,0,0,0,0,0,0,0,0,0,1,0
0,0,0,31,87,0,0,0,0,0,0,0,0,0,0,0,0,0,0,1,0
0,3,0,24,88,0,0,1,0,0,0,0,0,0,0,0,0,0,0,0,0
0,1,0,4,84,0,0,0,0,0,0,0,0,0,0,0,0,0,0,1,0
0,7,0,8,61,0,0,0,0,0,0,0,0,0,0,0,0,0,1,0,0
0,1,1,35,90,0,0,0,0,0,0,0,0,0,0,0,1,0,0,0,0
0,2,1,7,60,0,0,0,0,0,0,0,0,0,0,1,0,0,0,0,0
0,2,0,25,83,0,0,0,0,0,0,0,0,0,0,0,0,0,0,1,0
0,2,0,28,91,0,0,0,0,0,0,0,0,0,0,0,0,1,0,0,0
0,4,0,19,72,0,0,0,0,0,0,0,0,0,0,0,0,0,1,0,0
0,2,0,16,91,0,0,0,0,0,0,0,0,0,0,0,0,1,0,0,0
0,9,0,34,82,0,0,0,0,0,0,0,0,0,1,0,0,0,0,0,0
1,3,0,31,100,0,0,0,0,0,0,0,0,0,1,0,0,0,0,0,0
0,2,0,27,76,0,0,0,0,0,0,0,0,0,0,0,0,1,0,0,0
0,1,0,28,83,0,0,0,0,0,0,0,0,0,1,0,0,0,0,0,0
1,3,1,34,83,0,0,0,0,0,0,0,0,0,0,0,1,0,0,0,0
1,1,0,34,83,0,0,0,0,0,0,0,0,0,1,0,0,0,0,0,0
0,7,0,34,90,0,0,1,0,0,0,0,0,0,0,0,0,0,0,0,0
0,0,0,13,98,1,0,0,0,0,0,0,0,0,0,0,0,0,0,0,0
0,3,0,18,89,1,0,0,0,0,0,0,0,0,0,0,0,0,0,0,0
0,1,0,29,97,0,0,0,0,0,0,0,0,0,0,0,0,0,0,1,0
0,5,0,34,64,0,0,0,0,0,0,0,0,0,0,0,0,1,0,0,0
0,2,0,14,72,1,0,0,0,0,0,0,0,0,0,0,0,0,0,0,0
0,1,0,32,93,0,0,0,0,0,0,0,0,0,0,0,1,0,0,0,0
0,0,0,12,62,0,0,1,0,0,0,0,0,0,0,0,0,0,0,0,0
0,2,0,24,92,0,0,1,0,0,0,0,0,0,0,0,0,0,0,0,0
0,2,1,29,66,0,0,1,0,0,0,0,0,0,0,0,0,0,0,0,0
0,0,0,13,99,0,0,0,0,1,0,0,0,0,0,0,0,0,0,0,0
0,2,0,5,84,0,0,0,0,0,0,0,0,0,0,1,0,0,0,0,0
0,2,0,21,63,0,0,0,0,0,0,0,0,0,0,0,0,1,0,0,0
0,2,0,35,88,0,0,0,0,0,0,1,0,0,0,0,0,0,0,0,0
0,2,0,16,77,0,0,0,0,1,0,0,0,0,0,0,0,0,0,0,0
0,2,0,29,61,0,0,0,0,0,0,0,0,0,0,0,0,0,0,1,0
0,6,0,35,100,0,0,0,0,1,0,0,0,0,0,0,0,0,0,0,0
0,2,0,11,62,0,0,1,0,0,0,0,0,0,0,0,0,0,0,0,0
0,2,1,1,71,0,0,0,0,0,0,0,1,0,0,0,0,0,0,0,0
0,6,0,18,87,0,0,0,0,0,0,0,0,0,0,0,0,1,0,0,0
0,3,0,5,75,0,0,0,0,0,0,0,1,0,0,0,0,0,0,0,0
0,4,0,33,100,0,0,0,0,0,0,1,0,0,0,0,0,0,0,0,0
0,3,0,26,72,0,0,0,0,0,0,0,0,0,0,0,0,0,0,1,0
0,1,0,25,71,0,0,0,0,0,0,0,0,0,0,0,0,0,1,0,0
0,2,1,30,68,0,0,0,0,0,0,0,0,0,0,0,0,0,0,1,0
0,2,0,13,84,0,0,0,0,0,0,0,0,0,0,0,0,0,0,1,0
0,6,0,10,97,0,0,1,0,0,0,0,0,0,0,0,0,0,0,0,0
1,1,0,17,93,0,0,0,0,0,1,0,0,0,0,0,0,0,0,0,0
0,3,0,32,82,0,0,0,0,0,0,0,0,0,1,0,0,0,0,0,0
0,1,1,3,73,0,0,0,1,0,0,0,0,0,0,0,0,0,0,0,0
0,0,0,0,75,0,0,0,0,0,0,0,0,0,0,1,0,0,0,0,0
0,5,1,3,66,0,0,0,0,0,0,0,1,0,0,0,0,0,0,0,0
0,3,0,21,71,0,0,0,0,1,0,0,0,0,0,0,0,0,0,0,0
0,3,0,4,79,0,0,0,0,0,0,0,1,0,0,0,0,0,0,0,0
0,5,1,1,86,0,0,0,1,0,0,0,0,0,0,0,0,0,0,0,0
1,1,0,20,97,0,0,1,0,0,0,0,0,0,0,0,0,0,0,0,0
0,7,1,16,92,0,0,0,0,1,0,0,0,0,0,0,0,0,0,0,0
0,1,0,13,79,0,0,0,0,0,0,0,0,0,0,0,0,0,1,0,0
0,0,0,30,93,0,0,0,0,0,0,0,0,0,0,0,0,0,0,1,0
0,3,0,7,82,0,0,0,0,0,0,0,0,0,0,0,0,0,0,1,0
0,1,0,8,93,0,0,0,0,0,0,0,0,0,0,0,0,0,0,1,0
0,0,0,8,70,0,0,0,0,0,0,0,0,0,0,1,0,0,0,0,0
0,9,1,11,97,0,0,0,0,1,0,0,0,0,0,0,0,0,0,0,0
0,2,0,35,93,1,0,0,0,0,0,0,0,0,0,0,0,0,0,0,0
0,1,0,33,86,0,0,0,0,0,0,1,0,0,0,0,0,0,0,0,0
0,3,0,11,87,0,0,0,0,0,1,0,0,0,0,0,0,0,0,0,0
0,3,0,24,78,0,0,1,0,0,0,0,0,0,0,0,0,0,0,0,0
0,7,0,4,79,0,0,0,1,0,0,0,0,0,0,0,0,0,0,0,0
0,1,0,1,92,0,0,0,0,0,0,0,1,0,0,0,0,0,0,0,0
0,1,1,12,97,0,0,0,0,1,0,0,0,0,0,0,0,0,0,0,0
0,7,0,28,88,0,0,0,0,1,0,0,0,0,0,0,0,0,0,0,0
0,2,0,20,100,1,0,0,0,0,0,0,0,0,0,0,0,0,0,0,0
1,4,0,1,79,0,0,0,1,0,0,0,0,0,0,0,0,0,0,0,0
0,3,0,27,99,0,0,0,0,1,0,0,0,0,0,0,0,0,0,0,0
0,1,0,18,61,0,0,0,0,0,0,0,0,0,0,0,0,0,0,1,0
0,5,1,7,61,0,0,0,0,0,0,0,0,1,0,0,0,0,0,0,0
0,5,0,31,75,0,0,0,0,0,0,0,0,0,1,0,0,0,0,0,0
0,4,0,1,83,0,0,0,1,0,0,0,0,0,0,0,0,0,0,0,0
0,4,1,30,59,1,0,0,0,0,0,0,0,0,0,0,0,0,0,0,0
0,2,1,28,95,0,0,0,0,0,0,0,0,0,1,0,0,0,0,0,0
0,6,0,6,68,0,0,0,0,0,0,0,0,0,0,1,0,0,0,0,0
0,7,0,3,62,0,0,0,0,0,0,0,0,0,0,0,0,0,0,1,0
0,0,0,17,88,0,0,0,0,0,1,0,0,0,0,0,0,0,0,0,0
0,4,0,29,87,0,0,0,0,0,0,1,0,0,0,0,0,0,0,0,0
0,3,0,28,83,1,0,0,0,0,0,0,0,0,0,0,0,0,0,0,0
1,6,1,2,51,0,0,0,1,0,0,0,0,0,0,0,0,0,0,0,0
0,6,1,28,66,0,0,0,0,0,0,0,0,0,0,0,0,1,0,0,0
0,7,0,26,64,0,0,0,0,0,0,0,0,0,0,0,0,0,1,0,0
1,1,0,26,79,0,0,0,0,0,0,0,0,0,0,0,0,1,0,0,0
0,4,1,10,84,0,0,1,0,0,0,0,0,0,0,0,0,0,0,0,0
1,1,0,30,77,0,0,0,0,0,0,0,0,0,0,0,0,1,0,0,0
1,1,0,33,61,0,0,0,0,0,0,0,0,0,0,0,0,0,1,0,0
0,1,0,18,75,1,0,0,0,0,0,0,0,0,0,0,0,0,0,0,0
0,2,0,16,65,0,0,0,0,0,0,0,0,0,0,0,0,0,0,0,1
0,3,1,21,95,0,0,0,0,0,0,1,0,0,0,0,0,0,0,0,0
0,1,0,24,97,0,0,0,0,0,0,0,0,0,0,0,0,1,0,0,0
0,5,0,27,73,0,0,0,0,1,0,0,0,0,0,0,0,0,0,0,0
0,3,0,14,83,0,0,0,0,0,0,0,0,1,0,0,0,0,0,0,0
0,8,0,30,65,0,0,0,0,0,0,0,0,0,0,0,0,1,0,0,0
0,3,0,35,88,0,0,0,0,0,0,1,0,0,0,0,0,0,0,0,0
1,1,0,15,49,1,0,0,0,0,0,0,0,0,0,0,0,0,0,0,0
1,0,1,9,62,0,0,0,0,0,0,0,0,0,0,1,0,0,0,0,0
0,2,0,3,77,0,1,0,0,0,0,0,0,0,0,0,0,0,0,0,0
0,2,0,1,89,0,1,0,0,0,0,0,0,0,0,0,0,0,0,0,0
0,5,1,32,66,0,0,0,0,0,0,0,0,0,0,0,0,1,0,0,0
0,0,0,35,85,0,0,1,0,0,0,0,0,0,0,0,0,0,0,0,0
0,3,0,2,69,0,0,0,0,0,0,0,1,0,0,0,0,0,0,0,0
0,1,0,13,85,0,0,0,0,0,0,0,0,1,0,0,0,0,0,0,0
0,1,0,5,68,0,0,0,0,0,0,0,0,0,0,1,0,0,0,0,0
0,2,0,21,66,0,0,0,0,1,0,0,0,0,0,0,0,0,0,0,0
0,0,0,31,74,0,0,0,0,0,0,0,0,0,0,0,0,1,0,0,0
0,4,0,31,90,0,0,0,0,0,0,0,0,0,1,0,0,0,0,0,0
0,2,0,13,91,0,0,0,0,1,0,0,0,0,0,0,0,0,0,0,0
0,3,0,28,100,1,0,0,0,0,0,0,0,0,0,0,0,0,0,0,0
0,5,0,27,78,0,0,0,0,0,0,0,0,0,0,0,0,1,0,0,0
0,2,0,33,60,0,0,0,0,0,0,0,0,0,0,0,0,1,0,0,0
0,4,0,5,82,0,0,0,0,0,0,0,1,0,0,0,0,0,0,0,0
0,2,0,2,72,0,0,0,0,0,0,0,0,0,0,0,0,0,0,1,0
0,1,0,22,71,0,0,1,0,0,0,0,0,0,0,0,0,0,0,0,0
0,3,0,17,92,0,0,0,0,1,0,0,0,0,0,0,0,0,0,0,0
0,1,0,14,69,0,0,0,0,1,0,0,0,0,0,0,0,0,0,0,0
0,1,0,3,82,0,0,0,0,0,0,0,0,1,0,0,0,0,0,0,0
0,3,0,4,91,0,0,0,0,0,0,0,1,0,0,0,0,0,0,0,0
0,2,0,31,74,0,0,1,0,0,0,0,0,0,0,0,0,0,0,0,0
0,1,0,16,97,0,0,0,0,1,0,0,0,0,0,0,0,0,0,0,0
0,5,0,15,76,0,0,0,0,0,0,0,0,0,0,0,0,0,0,1,0
0,7,1,18,73,0,0,0,0,0,0,0,0,0,0,0,0,0,0,1,0
0,0,0,23,96,0,0,0,0,0,0,0,0,0,0,0,0,1,0,0,0
0,2,0,6,75,0,0,0,0,0,0,0,0,0,0,0,0,0,1,0,0
0,1,0,33,97,0,0,0,0,0,0,0,0,0,1,0,0,0,0,0,0
0,2,0,10,86,0,0,0,0,0,0,0,0,0,0,0,0,0,0,1,0
0,9,0,31,96,0,0,0,0,0,0,0,0,0,0,0,0,0,1,0,0
0,2,0,22,55,1,0,0,0,0,0,0,0,0,0,0,0,0,0,0,0
0,4,0,35,88,0,0,0,0,0,0,0,0,0,0,0,0,1,0,0,0
0,6,0,27,94,0,0,0,0,0,0,1,0,0,0,0,0,0,0,0,0
0,0,1,14,55,1,0,0,0,0,0,0,0,0,0,0,0,0,0,0,0
0,4,0,29,99,0,0,0,0,0,0,1,0,0,0,0,0,0,0,0,0
0,1,0,18,86,0,0,0,0,0,0,0,0,0,0,0,0,0,0,0,1
0,2,0,11,87,0,0,0,0,0,0,0,0,0,0,0,0,0,0,1,0
0,2,0,19,73,0,0,0,0,0,0,0,0,0,0,0,0,1,0,0,0
0,1,0,31,73,0,0,0,0,0,0,0,0,0,0,0,0,1,0,0,0
0,5,1,28,63,0,0,0,0,0,0,0,0,0,0,0,0,0,1,0,0
0,1,0,16,79,0,0,0,0,0,1,0,0,0,0,0,0,0,0,0,0
0,3,0,4,82,0,1,0,0,0,0,0,0,0,0,0,0,0,0,0,0
0,4,0,31,66,0,0,0,0,0,0,0,0,0,0,0,0,0,0,0,1
0,4,0,29,100,0,0,0,0,0,0,0,0,0,0,0,0,1,0,0,0
0,5,0,27,64,0,0,0,0,0,0,0,0,0,0,0,0,0,0,1,0
0,1,0,29,99,0,0,0,0,0,1,0,0,0,0,0,0,0,0,0,0
0,2,0,29,79,0,0,0,0,0,0,0,0,0,0,0,0,1,0,0,0
0,3,0,14,71,0,0,0,0,0,0,0,0,0,0,0,0,1,0,0,0
0,2,0,20,65,0,0,1,0,0,0,0,0,0,0,0,0,0,0,0,0
1,9,1,3,64,0,0,0,1,0,0,0,0,0,0,0,0,0,0,0,0
1,3,0,8,89,0,0,0,0,0,0,0,0,0,0,0,0,0,1,0,0
0,4,1,20,87,0,0,0,0,0,0,0,0,0,0,0,0,1,0,0,0
0,3,0,34,87,0,0,0,0,1,0,0,0,0,0,0,0,0,0,0,0
0,2,0,42,95,0,0,0,0,0,0,1,0,0,0,0,0,0,0,0,0
0,6,0,4,76,0,0,0,0,0,0,0,1,0,0,0,0,0,0,0,0
0,1,0,29,73,0,0,0,0,1,0,0,0,0,0,0,0,0,0,0,0
0,3,0,1,72,0,1,0,0,0,0,0,0,0,0,0,0,0,0,0,0
0,5,0,27,90,0,0,0,0,0,0,0,0,0,0,0,0,1,0,0,0
0,3,0,29,94,0,0,0,0,0,0,0,0,0,0,0,0,0,0,1,0
0,6,0,21,72,0,0,0,0,0,0,0,0,0,0,0,0,0,0,1,0
0,2,0,34,92,0,0,0,0,0,0,0,0,0,0,0,0,1,0,0,0
0,3,0,33,64,0,0,0,0,0,0,0,0,0,0,0,0,0,1,0,0
0,9,0,3,63,0,0,0,1,0,0,0,0,0,0,0,0,0,0,0,0
0,1,0,18,95,0,0,0,0,0,0,0,0,0,0,0,0,1,0,0,0
0,4,0,32,99,0,0,0,0,0,0,1,0,0,0,0,0,0,0,0,0
0,1,0,30,63,0,0,0,0,0,0,0,0,0,0,0,0,1,0,0,0
0,7,0,3,93,0,0,0,0,0,0,0,1,0,0,0,0,0,0,0,0
0,3,0,26,80,0,0,0,0,0,0,0,0,0,1,0,0,0,0,0,0
0,4,0,32,83,0,0,1,0,0,0,0,0,0,0,0,0,0,0,0,0
0,3,0,14,74,0,0,1,0,0,0,0,0,0,0,0,0,0,0,0,0
0,1,0,33,76,0,0,0,0,1,0,0,0,0,0,0,0,0,0,0,0
0,1,0,35,86,0,0,1,0,0,0,0,0,0,0,0,0,0,0,0,0
0,2,1,27,95,0,0,0,0,0,0,0,0,0,1,0,0,0,0,0,0
0,6,0,31,74,0,0,0,0,0,0,0,0,0,0,0,0,1,0,0,0
0,0,0,31,97,0,0,0,0,0,0,0,0,0,0,0,0,1,0,0,0
0,3,0,4,60,0,1,0,0,0,0,0,0,0,0,0,0,0,0,0,0
0,0,1,23,75,0,0,0,0,1,0,0,0,0,0,0,0,0,0,0,0
0,3,0,15,70,0,0,0,0,0,0,0,0,1,0,0,0,0,0,0,0
0,2,0,24,67,0,0,0,0,0,0,0,0,0,1,0,0,0,0,0,0
0,2,0,31,73,0,0,0,0,0,0,0,0,0,0,0,0,1,0,0,0
0,4,0,29,69,0,0,0,0,0,0,0,0,0,1,0,0,0,0,0,0
0,4,0,6,93,0,0,0,0,0,0,0,0,0,0,0,0,0,0,1,0
0,7,1,33,79,1,0,0,0,0,0,0,0,0,0,0,0,0,0,0,0
1,8,1,1,98,0,0,0,1,0,0,0,0,0,0,0,0,0,0,0,0
0,1,0,29,74,0,0,0,0,0,0,0,0,0,0,0,0,0,1,0,0
0,3,0,20,90,0,0,0,0,0,0,0,0,0,0,0,0,1,0,0,0
1,3,0,49,86,0,0,0,0,0,0,1,0,0,0,0,0,0,0,0,0
0,1,0,23,76,0,0,0,0,0,0,0,0,0,0,0,0,1,0,0,0
0,1,0,11,100,0,0,0,0,1,0,0,0,0,0,0,0,0,0,0,0
0,2,0,29,60,0,0,0,0,0,0,0,0,0,0,0,0,0,0,1,0
0,4,1,32,77,0,0,0,0,0,0,0,0,0,0,0,0,1,0,0,0
0,9,0,0,65,0,0,0,1,0,0,0,0,0,0,0,0,0,0,0,0
0,8,1,5,92,0,0,0,1,0,0,0,0,0,0,0,0,0,0,0,0
0,6,0,1,87,0,0,0,1,0,0,0,0,0,0,0,0,0,0,0,0
1,1,0,29,92,0,0,0,0,0,0,0,0,0,1,0,0,0,0,0,0
0,3,0,21,90,0,0,0,0,0,0,1,0,0,0,0,0,0,0,0,0
0,0,0,30,91,0,0,0,0,0,0,0,0,0,1,0,0,0,0,0,0
0,1,0,31,89,0,0,0,0,0,0,0,0,0,0,0,0,1,0,0,0
0,7,0,23,64,0,0,0,0,0,0,0,0,0,0,0,0,0,0,0,1
0,1,0,23,70,0,0,0,0,0,1,0,0,0,0,0,0,0,0,0,0
0,5,0,26,70,0,0,1,0,0,0,0,0,0,0,0,0,0,0,0,0
0,2,0,29,91,0,0,0,0,1,0,0,0,0,0,0,0,0,0,0,0
1,0,0,32,80,0,0,0,0,0,0,0,0,0,0,0,0,1,0,0,0
0,2,1,25,71,1,0,0,0,0,0,0,0,0,0,0,0,0,0,0,0
0,3,0,33,85,0,0,0,0,0,0,0,0,0,0,0,1,0,0,0,0
0,6,0,33,69,0,0,0,0,0,0,0,0,0,0,0,0,0,0,1,0
1,3,0,23,87,0,0,0,0,0,0,0,0,0,0,0,0,1,0,0,0
0,0,0,48,89,0,0,0,0,0,0,1,0,0,0,0,0,0,0,0,0
0,3,0,32,79,0,0,1,0,0,0,0,0,0,0,0,0,0,0,0,0
1,4,1,3,87,0,0,0,1,0,0,0,0,0,0,0,0,0,0,0,0
0,1,0,24,62,0,0,0,0,0,0,0,0,0,0,0,0,0,0,1,0
0,1,0,4,60,0,0,0,0,0,0,0,1,0,0,0,0,0,0,0,0
1,8,0,0,61,0,0,0,1,0,0,0,0,0,0,0,0,0,0,0,0
0,0,1,16,82,0,0,0,0,1,0,0,0,0,0,0,0,0,0,0,0
0,4,0,12,94,0,0,0,0,0,0,0,0,0,0,0,0,0,1,0,0
1,9,0,4,74,0,0,0,1,0,0,0,0,0,0,0,0,0,0,0,0
0,3,1,23,65,0,0,0,0,0,0,0,0,0,0,0,0,1,0,0,0
0,2,0,31,71,0,0,0,0,0,0,0,0,0,0,0,0,0,1,0,0
1,8,0,3,83,0,0,0,1,0,0,0,0,0,0,0,0,0,0,0,0
0,5,0,27,81,0,0,0,0,0,1,0,0,0,0,0,0,0,0,0,0
0,3,1,29,71,0,0,0,0,0,0,0,0,0,0,0,0,1,0,0,0
0,4,0,17,73,0,0,0,0,0,0,0,0,0,0,0,0,1,0,0,0
1,3,0,18,94,0,0,1,0,0,0,0,0,0,0,0,0,0,0,0,0
0,5,0,15,92,0,0,0,0,0,0,0,0,1,0,0,0,0,0,0,0
0,1,0,32,74,0,0,0,0,0,0,0,0,0,0,0,0,0,0,0,1
0,5,1,3,88,0,0,0,1,0,0,0,0,0,0,0,0,0,0,0,0
0,7,0,25,78,0,0,0,0,0,0,0,0,0,0,0,0,1,0,0,0
1,1,1,0,71,0,0,0,0,0,0,0,0,0,0,1,0,0,0,0,0
1,1,0,29,97,0,0,0,0,0,0,0,0,0,0,0,0,0,1,0,0
0,5,0,25,80,0,0,0,0,0,0,0,0,0,0,0,0,0,0,0,1
0,2,0,23,73,0,0,0,0,0,0,0,0,0,0,0,0,1,0,0,0
0,7,1,11,68,0,0,0,0,1,0,0,0,0,0,0,0,0,0,0,0
0,4,1,0,94,0,0,0,1,0,0,0,0,0,0,0,0,0,0,0,0
0,7,1,12,88,0,0,1,0,0,0,0,0,0,0,0,0,0,0,0,0
0,6,1,24,92,0,0,0,0,0,0,0,0,0,0,0,0,0,0,1,0
1,6,0,2,70,0,0,0,1,0,0,0,0,0,0,0,0,0,0,0,0
0,7,0,5,65,0,0,0,0,0,0,0,1,0,0,0,0,0,0,0,0
0,5,1,23,88,0,0,0,0,0,0,1,0,0,0,0,0,0,0,0,0
1,6,0,1,64,0,0,0,1,0,0,0,0,0,0,0,0,0,0,0,0
0,4,0,32,85,0,0,0,0,0,0,0,0,0,0,0,1,0,0,0,0
0,1,0,34,81,0,0,0,0,0,0,0,0,0,0,0,1,0,0,0,0
0,1,0,24,96,0,0,0,0,0,0,0,0,0,1,0,0,0,0,0,0
0,2,0,21,88,0,0,1,0,0,0,0,0,0,0,0,0,0,0,0,0
0,2,0,14,86,0,0,0,0,0,1,0,0,0,0,0,0,0,0,0,0
0,3,0,25,76,0,0,0,0,0,0,0,0,0,0,0,0,1,0,0,0
0,1,1,26,83,0,0,0,0,0,1,0,0,0,0,0,0,0,0,0,0
0,6,0,5,83,0,0,0,0,0,0,0,1,0,0,0,0,0,0,0,0
0,2,0,15,88,0,0,0,0,0,0,0,0,0,0,0,0,0,0,1,0
0,0,1,14,67,0,0,1,0,0,0,0,0,0,0,0,0,0,0,0,0
0,3,0,47,99,0,0,0,0,0,0,1,0,0,0,0,0,0,0,0,0
0,5,1,3,90,0,0,0,0,0,0,0,0,0,0,1,0,0,0,0,0
0,1,1,42,92,0,0,0,0,0,0,1,0,0,0,0,0,0,0,0,0
0,1,0,22,89,0,0,0,0,1,0,0,0,0,0,0,0,0,0,0,0
0,4,0,50,87,0,0,0,0,0,0,1,0,0,0,0,0,0,0,0,0
0,1,1,25,94,0,0,0,0,0,0,0,0,0,1,0,0,0,0,0,0
0,9,0,3,70,0,0,0,1,0,0,0,0,0,0,0,0,0,0,0,0
1,7,0,12,100,0,0,0,0,0,0,0,0,0,0,0,0,0,0,1,0
0,1,0,1,59,0,0,0,1,0,0,0,0,0,0,0,0,0,0,0,0
0,3,0,27,81,1,0,0,0,0,0,0,0,0,0,0,0,0,0,0,0
0,2,0,47,93,0,0,0,0,0,0,1,0,0,0,0,0,0,0,0,0
0,1,0,11,76,0,0,0,0,0,0,0,0,0,0,0,0,0,0,1,0
0,2,1,14,66,0,0,0,0,0,0,0,0,0,0,0,0,1,0,0,0
0,7,0,33,87,0,0,0,0,0,0,0,0,0,0,0,0,0,1,0,0
0,2,0,31,85,0,0,0,0,0,0,0,0,0,1,0,0,0,0,0,0
0,3,0,1,87,0,0,0,0,0,0,0,0,0,0,1,0,0,0,0,0
0,1,0,11,60,0,0,0,0,0,0,0,0,1,0,0,0,0,0,0,0
0,1,0,1,70,0,0,0,0,0,0,0,1,0,0,0,0,0,0,0,0
1,0,0,12,90,0,0,0,0,0,0,0,0,0,0,0,0,0,0,1,0
0,2,1,18,74,0,0,0,0,1,0,0,0,0,0,0,0,0,0,0,0
1,6,0,5,79,0,0,0,1,0,0,0,0,0,0,0,0,0,0,0,0
0,5,1,27,72,0,0,0,0,0,0,0,0,0,1,0,0,0,0,0,0
0,2,0,28,66,0,0,0,0,0,0,0,0,0,0,0,0,1,0,0,0
0,5,0,1,57,0,0,0,1,0,0,0,0,0,0,0,0,0,0,0,0
0,7,0,42,97,0,0,0,0,0,0,1,0,0,0,0,0,0,0,0,0
0,4,0,31,85,0,0,0,0,0,0,0,0,0,0,0,0,1,0,0,0
0,1,1,5,100,0,0,0,0,0,0,0,0,0,0,1,0,0,0,0,0
0,3,0,46,85,0,0,0,0,0,0,1,0,0,0,0,0,0,0,0,0
0,5,0,26,72,0,0,0,0,0,0,0,0,0,1,0,0,0,0,0,0
0,4,0,27,92,0,0,0,0,0,0,0,0,0,0,0,0,0,0,0,1
1,7,0,28,64,0,0,0,0,0,0,0,0,0,0,0,0,1,0,0,0
0,1,0,33,98,0,0,0,0,0,0,1,0,0,0,0,0,0,0,0,0
0,3,0,16,68,0,0,1,0,0,0,0,0,0,0,0,0,0,0,0,0
0,7,0,10,83,0,0,0,0,0,0,0,0,1,0,0,0,0,0,0,0
0,1,0,12,98,0,0,0,0,0,0,0,0,0,0,0,0,0,1,0,0
0,4,0,32,45,1,0,0,0,0,0,0,0,0,0,0,0,0,0,0,0
0,8,0,0,70,0,0,0,1,0,0,0,0,0,0,0,0,0,0,0,0
0,1,0,6,65,0,0,0,0,0,0,0,0,0,0,0,0,0,1,0,0
0,6,0,5,63,0,1,0,0,0,0,0,0,0,0,0,0,0,0,0,0
0,0,0,16,70,0,0,0,0,0,0,0,0,0,0,0,0,1,0,0,0
0,5,1,4,84,0,0,0,0,0,0,0,0,0,0,1,0,0,0,0,0
0,2,0,35,95,0,0,0,0,0,0,0,0,0,0,0,0,0,0,1,0
0,0,0,14,90,0,0,0,0,1,0,0,0,0,0,0,0,0,0,0,0
0,8,0,3,84,0,0,0,1,0,0,0,0,0,0,0,0,0,0,0,0
0,3,0,12,60,0,0,0,0,0,0,0,0,0,0,0,0,0,0,1,0
0,5,1,19,75,0,0,0,0,0,0,0,0,0,0,0,0,0,1,0,0
0,2,0,2,87,0,0,0,0,0,1,0,0,0,0,0,0,0,0,0,0
0,4,0,3,96,0,0,0,0,0,0,0,1,0,0,0,0,0,0,0,0
0,1,0,48,99,0,0,0,0,0,0,1,0,0,0,0,0,0,0,0,0
0,2,0,32,63,0,0,0,0,0,0,0,0,0,1,0,0,0,0,0,0
0,5,0,16,67,0,0,1,0,0,0,0,0,0,0,0,0,0,0,0,0
1,6,0,15,80,0,0,0,0,1,0,0,0,0,0,0,0,0,0,0,0
0,3,1,26,88,0,0,0,0,0,0,0,0,0,0,0,0,1,0,0,0
0,5,0,46,89,0,0,0,0,0,0,1,0,0,0,0,0,0,0,0,0
1,4,0,31,80,0,0,0,0,0,0,0,0,0,0,0,1,0,0,0,0
0,6,0,21,87,1,0,0,0,0,0,0,0,0,0,0,0,0,0,0,0
0,6,0,5,98,0,0,0,1,0,0,0,0,0,0,0,0,0,0,0,0
1,5,0,15,98,0,0,0,0,0,0,0,0,0,0,0,0,1,0,0,0
0,4,0,32,100,0,0,0,0,0,0,0,0,0,1,0,0,0,0,0,0
1,5,0,4,75,0,0,0,1,0,0,0,0,0,0,0,0,0,0,0,0
0,1,0,31,85,0,0,0,0,0,0,0,0,0,0,0,1,0,0,0,0
0,2,0,19,79,0,0,0,0,0,0,0,0,0,0,0,0,1,0,0,0
0,1,0,29,90,0,0,0,0,0,0,0,0,0,1,0,0,0,0,0,0
0,3,0,26,81,0,0,0,0,0,0,0,0,0,1,0,0,0,0,0,0
1,4,0,27,84,0,0,0,0,0,0,0,0,0,1,0,0,0,0,0,0
0,3,0,35,89,0,0,0,0,0,0,0,0,0,0,0,0,1,0,0,0
1,1,0,32,82,0,0,1,0,0,0,0,0,0,0,0,0,0,0,0,0
0,0,0,33,85,1,0,0,0,0,0,0,0,0,0,0,0,0,0,0,0
0,1,0,18,71,0,0,0,0,0,0,0,0,0,0,0,0,1,0,0,0
1,5,0,25,93,0,0,0,0,0,0,0,0,0,0,0,0,0,1,0,0
0,3,0,14,78,0,0,0,0,0,0,0,0,1,0,0,0,0,0,0,0
1,5,0,8,88,0,0,0,0,0,0,0,0,0,0,1,0,0,0,0,0
0,3,0,2,67,0,1,0,0,0,0,0,0,0,0,0,0,0,0,0,0
0,5,0,20,57,1,0,0,0,0,0,0,0,0,0,0,0,0,0,0,0
0,4,0,21,73,0,0,0,0,0,0,0,0,0,0,0,0,1,0,0,0
0,5,0,21,87,1,0,0,0,0,0,0,0,0,0,0,0,0,0,0,0
0,4,0,17,74,0,0,0,0,0,0,0,0,0,0,0,0,1,0,0,0
0,3,0,27,66,0,0,0,0,0,0,0,0,0,0,0,0,1,0,0,0
0,2,1,30,89,0,0,0,0,0,0,0,0,0,0,0,1,0,0,0,0
0,2,0,35,100,0,0,0,0,0,0,0,0,0,1,0,0,0,0,0,0
1,3,0,30,66,0,0,0,0,0,0,0,0,0,1,0,0,0,0,0,0
0,4,0,3,96,0,0,0,1,0,0,0,0,0,0,0,0,0,0,0,0
0,3,1,18,80,0,0,0,0,1,0,0,0,0,0,0,0,0,0,0,0
1,5,0,15,95,0,0,0,0,0,0,0,0,0,0,0,0,1,0,0,0
0,5,0,16,97,0,0,0,0,0,1,0,0,0,0,0,0,0,0,0,0
0,2,0,2,69,0,0,0,0,0,0,0,1,0,0,0,0,0,0,0,0
1,2,0,34,86,0,0,0,0,0,0,0,0,0,0,0,0,1,0,0,0
0,3,0,18,72,0,0,0,0,0,0,0,0,0,0,0,0,1,0,0,0
1,3,1,3,94,0,0,0,1,0,0,0,0,0,0,0,0,0,0,0,0
0,4,0,8,71,0,0,0,0,0,0,0,0,0,0,0,0,0,1,0,0
0,4,0,3,74,0,0,0,1,0,0,0,0,0,0,0,0,0,0,0,0
0,4,1,23,64,0,0,0,0,1,0,0,0,0,0,0,0,0,0,0,0
0,7,0,3,90,0,0,0,0,0,0,0,1,0,0,0,0,0,0,0,0
1,1,0,24,97,0,0,0,0,0,0,0,0,0,0,0,0,1,0,0,0
0,1,0,37,100,0,0,0,0,0,0,1,0,0,0,0,0,0,0,0,0
0,2,0,28,74,0,0,0,0,0,0,0,0,0,0,0,0,0,0,1,0
0,3,1,35,85,0,0,0,0,0,0,0,0,0,0,0,0,0,0,1,0
0,4,1,34,85,0,0,0,0,0,0,1,0,0,0,0,0,0,0,0,0
0,2,0,24,90,0,0,0,0,0,0,0,0,0,0,0,0,1,0,0,0
0,1,0,35,95,0,0,0,0,0,0,1,0,0,0,0,0,0,0,0,0
0,5,1,18,100,0,0,0,0,0,0,0,0,0,0,0,0,0,0,1,0
0,2,0,16,96,0,0,0,0,1,0,0,0,0,0,0,0,0,0,0,0
0,5,0,28,61,0,0,0,0,0,0,0,0,0,0,0,0,1,0,0,0
0,3,0,14,83,0,0,0,0,0,0,0,0,1,0,0,0,0,0,0,0
0,3,0,25,92,0,0,0,0,0,0,1,0,0,0,0,0,0,0,0,0
0,4,0,28,61,0,0,0,0,0,0,0,0,0,0,0,0,0,1,0,0
0,0,0,15,73,0,0,0,0,0,0,0,0,0,0,0,0,1,0,0,0
0,2,0,34,93,0,0,0,0,0,0,0,0,0,1,0,0,0,0,0,0
0,2,0,27,90,0,0,0,0,0,0,0,0,0,1,0,0,0,0,0,0
0,3,0,33,92,0,0,0,0,0,0,0,0,0,0,0,1,0,0,0,0
0,0,0,27,80,0,0,0,0,0,0,0,0,0,1,0,0,0,0,0,0
0,2,0,26,61,0,0,0,0,0,0,0,0,0,1,0,0,0,0,0,0
0,1,0,20,65,0,0,1,0,0,0,0,0,0,0,0,0,0,0,0,0
0,2,0,8,63,0,0,0,0,0,0,0,0,1,0,0,0,0,0,0,0
0,1,0,14,98,0,0,1,0,0,0,0,0,0,0,0,0,0,0,0,0
0,0,0,29,89,0,0,0,0,0,0,0,0,0,0,0,0,0,1,0,0
0,2,1,11,97,0,0,1,0,0,0,0,0,0,0,0,0,0,0,0,0
0,1,1,4,78,0,0,0,0,0,1,0,0,0,0,0,0,0,0,0,0
0,2,0,33,82,0,0,0,0,0,0,0,0,0,1,0,0,0,0,0,0
0,1,0,22,90,0,0,0,0,0,0,0,0,0,0,0,0,1,0,0,0
0,1,0,11,83,0,0,0,0,0,0,0,0,1,0,0,0,0,0,0,0
0,1,0,12,81,0,0,0,0,0,0,0,0,1,0,0,0,0,0,0,0
0,9,1,0,68,0,0,0,1,0,0,0,0,0,0,0,0,0,0,0,0
0,2,1,26,69,0,0,0,0,0,0,0,0,0,1,0,0,0,0,0,0
0,0,0,19,96,0,0,1,0,0,0,0,0,0,0,0,0,0,0,0,0
0,1,0,14,93,0,0,1,0,0,0,0,0,0,0,0,0,0,0,0,0
0,9,0,12,97,0,0,0,0,0,0,0,0,0,0,0,0,0,0,0,1
0,1,0,18,100,0,0,0,0,0,0,0,0,0,0,0,0,1,0,0,0
0,5,0,4,61,0,0,0,1,0,0,0,0,0,0,0,0,0,0,0,0
0,1,0,34,84,0,0,0,0,1,0,0,0,0,0,0,0,0,0,0,0
0,2,0,21,64,0,0,0,0,0,0,0,0,0,0,0,0,0,0,1,0
0,1,1,16,70,1,0,0,0,0,0,0,0,0,0,0,0,0,0,0,0
0,3,0,35,91,0,0,1,0,0,0,0,0,0,0,0,0,0,0,0,0
0,1,1,41,87,0,0,0,0,0,0,1,0,0,0,0,0,0,0,0,0
1,5,1,1,76,0,0,0,1,0,0,0,0,0,0,0,0,0,0,0,0
0,2,0,6,71,0,0,0,0,0,0,0,0,0,0,1,0,0,0,0,0
0,2,0,18,65,0,0,0,0,0,0,0,0,0,0,0,0,1,0,0,0
0,1,0,2,71,0,0,0,1,0,0,0,0,0,0,0,0,0,0,0,0
0,3,0,9,60,0,0,0,0,0,0,0,0,0,0,0,0,0,0,1,0
0,9,0,1,67,0,0,0,1,0,0,0,0,0,0,0,0,0,0,0,0
0,2,0,31,66,0,0,0,0,0,0,0,0,0,0,0,0,1,0,0,0
0,1,0,21,93,0,0,0,0,0,0,0,0,0,0,0,0,1,0,0,0
0,5,0,26,70,1,0,0,0,0,0,0,0,0,0,0,0,0,0,0,0
0,3,0,15,71,1,0,0,0,0,0,0,0,0,0,0,0,0,0,0,0
0,2,0,19,100,0,0,0,0,0,0,0,0,0,0,0,0,0,0,1,0
0,1,1,3,83,0,0,0,0,0,0,0,1,0,0,0,0,0,0,0,0
1,9,1,22,60,0,0,0,0,0,0,0,0,0,0,0,0,1,0,0,0
1,1,0,1,80,0,0,0,1,0,0,0,0,0,0,0,0,0,0,0,0
0,3,0,32,100,0,0,0,0,0,0,1,0,0,0,0,0,0,0,0,0
0,2,0,32,75,0,0,0,0,0,0,0,0,0,0,0,0,1,0,0,0
0,2,0,4,66,0,0,0,1,0,0,0,0,0,0,0,0,0,0,0,0
0,2,0,21,66,1,0,0,0,0,0,0,0,0,0,0,0,0,0,0,0
0,3,0,35,95,0,0,0,0,1,0,0,0,0,0,0,0,0,0,0,0
0,1,0,35,92,0,0,0,0,0,0,0,0,0,1,0,0,0,0,0,0
0,1,1,20,98,0,0,1,0,0,0,0,0,0,0,0,0,0,0,0,0
0,1,0,35,93,0,0,0,0,1,0,0,0,0,0,0,0,0,0,0,0
1,6,0,2,74,0,0,0,1,0,0,0,0,0,0,0,0,0,0,0,0
0,4,0,3,90,0,1,0,0,0,0,0,0,0,0,0,0,0,0,0,0
0,2,0,5,82,0,0,0,0,0,0,0,0,0,0,0,0,0,0,1,0
0,0,0,21,74,0,0,0,0,0,0,0,0,0,0,0,0,0,0,1,0
0,2,0,14,88,0,0,0,0,0,0,0,0,0,0,0,0,1,0,0,0
0,3,0,26,56,1,0,0,0,0,0,0,0,0,0,0,0,0,0,0,0
1,1,0,31,96,0,0,0,0,0,0,1,0,0,0,0,0,0,0,0,0
0,2,0,28,59,1,0,0,0,0,0,0,0,0,0,0,0,0,0,0,0
0,1,1,19,82,0,0,0,0,0,0,0,0,0,0,0,0,1,0,0,0
0,3,0,17,64,0,0,0,0,0,0,0,0,0,0,0,0,0,1,0,0
0,2,0,23,77,0,0,0,0,0,0,0,0,0,0,0,0,1,0,0,0
0,6,0,0,50,0,0,0,1,0,0,0,0,0,0,0,0,0,0,0,0
0,1,0,3,83,0,0,0,0,0,0,0,0,0,0,1,0,0,0,0,0
0,1,0,1,79,0,0,0,0,0,0,0,1,0,0,0,0,0,0,0,0
0,3,0,43,96,0,0,0,0,0,0,1,0,0,0,0,0,0,0,0,0
0,1,0,47,93,0,0,0,0,0,0,1,0,0,0,0,0,0,0,0,0
0,1,0,9,62,0,0,0,0,0,0,0,0,1,0,0,0,0,0,0,0
1,4,0,5,59,0,0,0,1,0,0,0,0,0,0,0,0,0,0,0,0
0,5,0,9,67,0,0,0,0,0,0,0,0,0,0,1,0,0,0,0,0
0,6,1,11,74,0,0,1,0,0,0,0,0,0,0,0,0,0,0,0,0
0,7,0,5,53,0,0,0,1,0,0,0,0,0,0,0,0,0,0,0,0
0,5,0,21,76,0,0,0,0,0,0,0,0,0,0,0,0,1,0,0,0
1,3,0,18,97,0,0,1,0,0,0,0,0,0,0,0,0,0,0,0,0
0,4,0,3,88,0,0,0,0,0,0,0,0,1,0,0,0,0,0,0,0
0,1,0,32,92,0,0,0,0,0,0,1,0,0,0,0,0,0,0,0,0
0,2,0,3,71,0,0,0,0,0,0,0,0,0,0,0,0,0,0,1,0
0,2,0,17,77,0,0,0,0,0,0,0,0,0,0,0,0,0,1,0,0
0,0,0,17,64,0,0,0,0,0,0,0,0,0,0,0,0,1,0,0,0
0,2,1,12,100,0,0,1,0,0,0,0,0,0,0,0,0,0,0,0,0
0,3,0,46,88,0,0,0,0,0,0,1,0,0,0,0,0,0,0,0,0
0,1,0,19,93,1,0,0,0,0,0,0,0,0,0,0,0,0,0,0,0
0,2,0,30,75,0,0,0,0,1,0,0,0,0,0,0,0,0,0,0,0
0,2,0,20,87,0,0,0,0,0,0,0,0,0,0,0,0,1,0,0,0
