part_time_job,absence_days,extracurricular_activities,weekly_self_study_hours,english_score,career_Accountant,career_Artist,career_Banker,career_Business Owner,career_Construction Engineer,career_Designer,career_Doctor,career_Game Developer,career_Government Officer,career_Lawyer,career_Real Estate Developer,career_Scientist,career_Software Engineer,career_Stock Investor,career_Writer
0,3,0,27,80,0,0,0,0,0,0,0,0,0,1,0,0,0,0,0
0,5,0,10,74,0,0,0,0,0,0,0,0,0,0,0,0,0,0,0
0,3,1,23,76,0,0,0,0,0,0,0,0,0,0,0,0,1,0,0
1,2,1,34,70,0,0,0,0,0,0,0,0,0,0,0,0,1,0,0
0,6,0,25,74,0,0,0,0,0,0,0,0,0,0,0,0,0,0,0
0,1,0,7,64,0,0,0,0,0,0,0,0,0,0,0,0,0,0,0
0,6,0,0,74,0,0,0,1,0,0,0,0,0,0,0,0,0,0,0
0,2,1,28,76,0,0,0,0,0,0,0,0,0,0,0,0,1,0,0
0,1,0,37,87,0,0,0,0,0,0,1,0,0,0,0,0,0,0,0
1,3,0,15,97,0,0,0,0,0,0,0,0,0,0,0,0,1,0,0
0,8,0,4,88,0,0,0,1,0,0,0,0,0,0,0,0,0,0,0
0,9,0,1,80,0,0,0,1,0,0,0,0,0,0,0,0,0,0,0
0,3,0,34,90,0,0,1,0,0,0,0,0,0,0,0,0,0,0,0
0,0,0,23,96,0,0,0,0,0,0,0,0,0,0,0,0,0,0,1
0,1,1,17,77,1,0,0,0,0,0,0,0,0,0,0,0,0,0,0
0,4,0,30,62,1,0,0,0,0,0,0,0,0,0,0,0,0,0,0
0,2,1,19,91,0,0,0,0,1,0,0,0,0,0,0,0,0,0,0
0,1,0,29,91,0,0,0,0,1,0,0,0,0,0,0,0,0,0,0
0,4,0,21,82,0,0,1,0,0,0,0,0,0,0,0,0,0,0,0
0,4,0,18,83,1,0,0,0,0,0,0,0,0,0,0,0,0,0,0
1,7,0,4,56,0,0,0,1,0,0,0,0,0,0,0,0,0,0,0
1,4,0,3,95,0,0,0,1,0,0,0,0,0,0,0,0,0,0,0
1,5,1,5,53,0,0,0,1,0,0,0,0,0,0,0,0,0,0,0
0,0,1,28,65,0,0,0,0,0,0,0,0,0,0,0,0,0,1,0
0,6,1,16,87,0,0,0,0,0,0,0,0,0,0,0,0,0,1,0
0,9,0,0,51,0,0,0,1,0,0,0,0,0,0,0,0,0,0,0
0,2,0,3,77,0,0,0,0,0,0,0,1,0,0,0,0,0,0,0
1,2,0,18,78,0,0,1,0,0,0,0,0,0,0,0,0,0,0,0
0,7,0,26,95,0,0,0,0,0,0,0,0,0,0,0,0,1,0,0
0,4,0,23,96,0,0,0,0,0,0,0,0,0,0,0,0,1,0,0
0,7,0,2,96,0,0,0,1,0,0,0,0,0,0,0,0,0,0,0
0,2,0,18,80,0,0,0,0,1,0,0,0,0,0,0,0,0,0,0
0,3,0,27,71,0,0,0,0,0,0,0,0,0,0,0,0,1,0,0
0,2,0,8,97,0,0,0,0,0,0,0,0,0,0,1,0,0,0,0
0,4,0,14,71,0,0,0,0,0,0,0,0,0,0,0,0,1,0,0
1,8,0,3,58,0,0,0,1,0,0,0,0,0,0,0,0,0,0,0
0,3,0,16,75,0,0,0,0,0,0,0,0,0,0,0,0,1,0,0
0,7,0,32,93,0,0,0,0,0,0,0,0,0,0,0,1,0,0,0
0,3,0,28,73,0,0,0,0,0,0,0,0,0,0,0,0,0,0,0
0,1,0,24,77,0,0,0,0,0,0,0,0,0,0,0,0,1,0,0
0,3,0,16,89,0,0,0,0,0,0,0,0,0,0,0,0,0,1,0
0,3,0,29,85,0,0,0,0,0,0,0,0,0,0,0,0,1,0,0
0,0,0,14,65,1,0,0,0,0,0,0,0,0,0,0,0,0,0,0
0,4,0,10,98,0,0,0,0,0,0,0,0,1,0,0,0,0,0,0
0,5,0,31,98,0,0,0,0,0,0,0,0,0,0,0,0,1,0,0
0,4,0,34,67,0,0,0,0,0,0,0,0,0,0,0,0,0,1,0
0,3,0,4,72,0,0,0,0,0,0,0,0,0,0,1,0,0,0,0
1,0,0,28,83,0,0,0,0,0,0,0,0,0,1,0,0,0,0,0
0,5,0,29,90,0,0,0,0,0,0,0,0,0,0,0,0,0,0,1
1,6,0,1,70,0,1,0,0,0,0,0,0,0,0,0,0,0,0,0
0,3,1,31,77,0,0,0,0,0,0,0,0,0,0,0,1,0,0,0
0,5,1,13,77,1,0,0,0,0,0,0,0,0,0,0,0,0,0,0
0,4,0,24,90,0,0,0,0,0,0,0,0,0,0,0,0,0,1,0
1,2,1,4,93,0,0,0,1,0,0,0,0,0,0,0,0,0,0,0
0,6,1,0,94,0,0,0,1,0,0,0,0,0,0,0,0,0,0,0
0,2,0,24,84,0,0,0,0,0,0,0,0,0,0,0,0,0,0,0
0,1,1,19,63,0,0,0,0,0,0,0,0,0,0,0,0,1,0,0
0,4,0,26,88,0,0,0,0,0,0,1,0,0,0,0,0,0,0,0
0,4,0,41,86,0,0,0,0,0,0,1,0,0,0,0,0,0,0,0
0,1,0,3,68,0,0,0,0,0,0,0,1,0,0,0,0,0,0,0
0,4,1,14,77,1,0,0,0,0,0,0,0,0,0,0,0,0,0,0
0,6,1,27,68,0,0,0,0,0,0,0,0,0,0,0,0,0,0,0
1,6,0,0,93,0,0,0,1,0,0,0,0,0,0,0,0,0,0,0
0,1,0,3,90,0,0,0,0,0,1,0,0,0,0,0,0,0,0,0
0,2,0,12,96,0,0,1,0,0,0,0,0,0,0,0,0,0,0,0
0,2,0,23,93,0,0,0,0,0,0,1,0,0,0,0,0,0,0,0
0,0,0,16,67,0,0,0,0,0,0,0,0,0,0,0,0,1,0,0
1,2,1,3,63,0,1,0,0,0,0,0,0,0,0,0,0,0,0,0
0,3,1,18,80,0,0,0,0,0,0,0,0,0,0,0,0,1,0,0
0,3,0,6,98,0,0,0,0,0,0,0,0,0,0,1,0,0,0,0
0,8,0,2,58,0,0,0,1,0,0,0,0,0,0,0,0,0,0,0
0,0,0,34,87,0,0,0,0,0,0,0,0,0,1,0,0,0,0,0
0,0,0,8,68,0,0,0,0,0,0,0,0,0,0,1,0,0,0,0
0,0,1,13,92,0,0,0,0,0,0,0,0,0,0,0,0,0,0,0
1,8,0,1,69,0,0,0,1,0,0,0,0,0,0,0,0,0,0,0
1,7,1,3,72,0,0,0,1,0,0,0,0,0,0,0,0,0,0,0
1,4,1,33,76,0,0,0,0,0,0,0,0,0,0,0,0,0,0,0
0,1,0,12,72,0,0,0,0,0,0,0,0,0,0,0,0,0,0,0
1,3,0,24,76,0,0,0,0,1,0,0,0,0,0,0,0,0,0,0
0,4,0,33,97,0,0,0,0,1,0,0,0,0,0,0,0,0,0,0
0,1,1,44,97,0,0,0,0,0,0,1,0,0,0,0,0,0,0,0
0,1,0,9,97,0,0,0,0,0,0,0,0,0,0,0,0,0,0,0
0,4,1,34,84,0,0,0,0,0,0,0,0,0,0,0,0,1,0,0
0,1,0,33,97,0,0,0,0,0,0,0,0,0,1,0,0,0,0,0
0,2,0,20,78,0,0,0,0,0,0,0,0,0,0,0,0,0,0,0
0,3,0,15,90,1,0,0,0,0,0,0,0,0,0,0,0,0,0,0
0,4,0,12,66,0,0,0,0,1,0,0,0,0,0,0,0,0,0,0
0,2,1,5,80,0,0,0,0,0,0,0,0,0,0,0,0,0,0,0
0,1,0,31,86,0,0,0,0,0,0,0,0,0,1,0,0,0,0,0
0,8,1,5,88,0,0,0,1,0,0,0,0,0,0,0,0,0,0,0
0,5,0,26,89,0,0,0,0,0,0,0,0,0,0,0,0,0,0,0
0,1,1,26,61,0,0,0,0,0,0,0,0,0,0,0,0,1,0,0
0,5,0,9,66,0,0,0,0,0,0,0,0,0,0,0,0,0,1,0
0,4,0,21,83,0,0,0,0,0,0,0,0,0,0,0,0,1,0,0
0,1,1,34,79,1,0,0,0,0,0,0,0,0,0,0,0,0,0,0
0,6,1,27,80,0,0,0,0,0,0,0,0,0,0,0,0,1,0,0
0,3,0,17,95,0,0,0,0,0,0,0,0,0,0,0,0,1,0,0
0,5,0,0,77,0,0,0,0,0,0,0,0,0,0,0,0,0,0,0
0,3,1,12,68,1,0,0,0,0,0,0,0,0,0,0,0,0,0,0
0,0,0,41,87,0,0,0,0,0,0,1,0,0,0,0,0,0,0,0
0,4,0,32,60,0,0,0,0,1,0,0,0,0,0,0,0,0,0,0
1,1,0,4,89,0,0,0,1,0,0,0,0,0,0,0,0,0,0,0
0,2,0,2,83,0,1,0,0,0,0,0,0,0,0,0,0,0,0,0
0,6,1,34,92,0,0,1,0,0,0,0,0,0,0,0,0,0,0,0
0,3,0,2,66,0,0,0,0,0,0,0,0,0,0,1,0,0,0,0
0,7,0,33,90,0,0,0,0,0,0,0,0,0,0,0,0,1,0,0
0,5,0,17,93,0,0,0,0,0,1,0,0,0,0,0,0,0,0,0
0,7,0,4,50,0,0,0,1,0,0,0,0,0,0,0,0,0,0,0
0,3,0,6,85,0,0,0,0,0,0,0,0,0,0,1,0,0,0,0
0,7,0,9,94,0,0,0,0,0,0,0,0,0,0,0,0,0,0,0
1,2,0,35,87,0,0,0,0,0,0,0,0,0,0,0,0,1,0,0
0,5,0,16,90,0,0,0,0,0,1,0,0,0,0,0,0,0,0,0
1,7,0,0,74,0,0,0,1,0,0,0,0,0,0,0,0,0,0,0
0,2,0,27,84,0,0,0,0,0,0,0,0,0,1,0,0,0,0,0
0,0,0,24,72,0,0,0,0,1,0,0,0,0,0,0,0,0,0,0
0,2,0,30,76,0,0,0,0,0,0,0,0,0,0,0,0,0,0,0
0,6,0,20,93,0,0,0,0,0,0,0,0,0,0,0,0,1,0,0
0,0,0,27,92,0,0,0,0,0,0,0,0,0,0,0,0,1,0,0
0,6,0,2,61,0,0,0,1,0,0,0,0,0,0,0,0,0,0,0
1,1,0,27,92,0,0,1,0,0,0,0,0,0,0,0,0,0,0,0
0,4,1,24,68,1,0,0,0,0,0,0,0,0,0,0,0,0,0,0
0,4,0,23,78,1,0,0,0,0,0,0,0,0,0,0,0,0,0,0
0,1,0,15,71,0,0,0,0,0,0,0,0,1,0,0,0,0,0,0
0,3,0,25,92,0,0,0,0,0,0,0,0,0,0,0,0,0,1,0
0,3,0,35,87,0,0,0,0,0,0,0,0,0,1,0,0,0,0,0
0,1,0,3,67,0,0,0,0,0,0,0,1,0,0,0,0,0,0,0
0,3,0,35,86,0,0,0,0,0,0,0,0,0,0,0,0,0,0,0
0,2,0,12,95,0,0,0,0,1,0,0,0,0,0,0,0,0,0,0
0,4,0,2,88,0,1,0,0,0,0,0,0,0,0,0,0,0,0,0
1,2,0,16,67,0,0,0,0,0,0,0,0,0,0,0,0,0,0,0
0,5,0,4,88,0,0,0,1,0,0,0,0,0,0,0,0,0,0,0
0,3,0,19,86,0,0,0,0,0,0,0,0,0,0,0,0,0,0,0
0,1,0,3,71,0,0,0,1,0,0,0,0,0,0,0,0,0,0,0
0,0,0,25,70,0,0,0,0,0,0,0,0,0,0,0,0,0,0,0
0,1,0,24,92,0,0,0,0,0,0,0,0,0,1,0,0,0,0,0
0,1,0,15,68,0,0,0,0,0,0,0,0,0,0,0,0,1,0,0
0,1,1,33,80,0,0,0,0,0,0,0,0,0,1,0,0,0,0,0
0,3,0,10,84,0,0,1,0,0,0,0,0,0,0,0,0,0,0,0
0,5,0,34,64,0,0,0,0,0,0,0,0,0,0,0,1,0,0,0
0,3,0,30,81,0,0,0,0,0,0,0,0,0,1,0,0,0,0,0
0,5,1,29,67,0,0,0,0,0,0,1,0,0,0,0,0,0,0,0
0,4,0,31,98,0,0,0,0,0,0,0,0,0,0,0,0,0,0,0
0,2,0,2,90,0,0,0,0,0,0,0,1,0,0,0,0,0,0,0
0,3,0,20,90,0,0,0,0,0,0,0,0,0,0,0,0,1,0,0
0,1,1,11,60,0,0,0,0,0,0,0,0,0,0,0,0,0,1,0
0,1,0,34,87,0,0,0,0,0,0,0,0,0,0,0,1,0,0,0
0,2,0,35,91,0,0,0,0,0,0,0,0,0,0,0,0,0,0,0
0,4,0,20,65,0,0,0,0,0,0,0,0,0,0,0,0,1,0,0
0,7,0,1,71,0,0,0,1,0,0,0,0,0,0,0,0,0,0,0
1,6,0,17,89,0,0,0,0,0,0,0,0,0,0,0,0,1,0,0
0,6,0,34,91,0,0,0,0,0,0,1,0,0,0,0,0,0,0,0
0,3,0,8,65,0,0,0,0,0,0,0,0,0,0,0,0,0,0,0
0,3,0,4,93,0,0,0,0,0,0,0,0,0,0,0,0,0,0,0
0,1,0,13,99,0,0,0,0,0,0,0,0,0,0,0,0,0,0,1
0,2,0,27,82,0,0,0,0,0,0,0,0,0,1,0,0,0,0,0
0,5,0,32,65,0,0,0,0,0,0,0,0,0,0,0,0,0,0,0
0,1,0,31,78,0,0,0,0,1,0,0,0,0,0,0,0,0,0,0
1,9,0,0,60,0,0,0,1,0,0,0,0,0,0,0,0,0,0,0
0,7,0,6,69,0,0,0,0,0,0,0,0,1,0,0,0,0,0,0
0,2,0,7,83,0,0,0,0,0,0,0,0,1,0,0,0,0,0,0
0,1,0,32,92,0,0,0,0,0,0,0,0,0,1,0,0,0,0,0
0,5,1,30,62,0,0,0,0,0,0,0,0,0,0,0,0,1,0,0
0,9,0,4,83,0,0,0,1,0,0,0,0,0,0,0,0,0,0,0
0,2,0,2,77,0,0,0,0,0,0,0,1,0,0,0,0,0,0,0
0,8,1,32,83,0,0,0,0,0,0,0,0,0,1,0,0,0,0,0
0,2,0,24,79,0,0,0,0,1,0,0,0,0,0,0,0,0,0,0
0,1,0,16,82,0,0,0,0,0,1,0,0,0,0,0,0,0,0,0
0,1,0,15,91,0,0,0,0,0,0,0,0,0,0,0,0,0,0,1
0,3,0,26,66,0,0,0,0,0,0,0,0,0,0,0,0,1,0,0
0,1,1,14,93,0,0,0,0,0,0,0,0,0,0,0,0,0,0,0
0,4,0,1,97,0,0,0,0,0,0,0,1,0,0,0,0,0,0,0
0,5,0,10,73,0,0,0,0,1,0,0,0,0,0,0,0,0,0,0
0,2,0,26,77,0,0,0,0,0,0,0,0,0,0,0,0,0,0,0
0,7,1,21,64,0,0,0,0,1,0,0,0,0,0,0,0,0,0,0
0,0,0,30,98,0,0,0,0,0,0,0,0,0,0,0,0,1,0,0
0,2,0,11,86,0,0,0,0,0,1,0,0,0,0,0,0,0,0,0
0,3,0,4,60,0,0,0,0,0,0,0,0,0,0,0,0,0,1,0
0,3,0,32,69,0,0,0,0,0,0,0,0,0,0,0,0,1,0,0
0,3,0,32,79,0,0,0,0,0,0,0,0,0,0,0,0,0,0,0
0,1,0,25,99,0,0,0,0,0,0,0,0,0,1,0,0,0,0,0
0,7,1,4,63,0,0,0,0,0,0,0,0,0,0,0,0,0,0,0
0,2,0,7,74,0,0,0,0,0,0,0,0,0,0,0,0,0,0,0
0,5,0,3,92,0,0,0,0,0,0,0,0,0,0,0,0,0,0,0
1,8,0,1,78,0,0,0,1,0,0,0,0,0,0,0,0,0,0,0
0,4,1,23,98,0,0,0,0,0,0,0,0,0,0,0,0,0,0,1
0,1,0,30,77,0,0,0,0,0,0,0,0,0,0,0,1,0,0,0
0,2,0,48,89,0,0,0,0,0,0,1,0,0,0,0,0,0,0,0
0,4,1,24,72,0,0,0,0,0,0,0,0,0,0,0,0,1,0,0
1,7,0,0,58,0,0,0,1,0,0,0,0,0,0,0,0,0,0,0
0,9,0,2,74,0,0,0,1,0,0,0,0,0,0,0,0,0,0,0
0,0,0,32,80,0,0,0,0,0,0,0,0,0,0,0,0,1,0,0
0,4,0,32,88,0,0,0,0,0,0,0,0,0,0,0,0,1,0,0
0,3,0,16,77,0,0,0,0,0,0,0,0,0,0,0,0,0,1,0
0,4,0,28,85,0,0,0,0,1,0,0,0,0,0,0,0,0,0,0
0,7,0,30,68,0,0,0,0,0,0,0,0,0,0,0,0,1,0,0
0,5,0,18,89,1,0,0,0,0,0,0,0,0,0,0,0,0,0,0
1,1,0,23,92,0,0,0,0,0,0,0,0,0,0,0,0,1,0,0
0,4,1,23,94,0,0,0,0,0,0,0,0,0,0,0,0,1,0,0
0,2,1,37,92,0,0,0,0,0,0,1,0,0,0,0,0,0,0,0
0,3,0,29,61,1,0,0,0,0,0,0,0,0,0,0,0,0,0,0
1,6,0,4,54,0,0,0,1,0,0,0,0,0,0,0,0,0,0,0
1,7,0,1,92,0,0,0,1,0,0,0,0,0,0,0,0,0,0,0
0,3,1,24,90,0,0,0,0,0,0,0,0,0,0,0,0,1,0,0
0,5,0,23,68,0,0,0,0,0,0,0,0,0,0,0,0,1,0,0
0,6,0,19,68,0,0,0,0,0,0,0,0,0,0,0,0,0,0,0
0,3,0,33,88,0,0,0,0,0,0,1,0,0,0,0,0,0,0,0
0,5,0,33,95,0,0,0,0,0,0,0,0,0,0,0,1,0,0,0
0,2,0,18,94,0,0,0,0,0,0,0,0,0,0,0,0,1,0,0
0,9,0,4,94,0,0,0,1,0,0,0,0,0,0,0,0,0,0,0
0,6,0,10,67,0,0,0,0,0,0,0,0,0,0,1,0,0,0,0
1,2,0,22,93,0,0,0,0,0,0,0,0,0,0,0,0,1,0,0
0,2,0,2,60,0,0,0,0,0,0,0,0,0,0,1,0,0,0,0
0,3,0,24,75,0,0,0,0,0,0,1,0,0,0,0,0,0,0,0
0,2,0,15,94,0,0,0,0,1,0,0,0,0,0,0,0,0,0,0
0,1,0,8,99,0,0,0,0,0,0,0,0,0,0,0,0,0,1,0
0,4,0,33,94,0,0,0,0,0,0,0,0,0,0,0,0,1,0,0
0,2,0,2,82,0,0,0,1,0,0,0,0,0,0,0,0,0,0,0
0,3,0,20,65,0,0,0,0,0,1,0,0,0,0,0,0,0,0,0
0,1,0,24,75,1,0,0,0,0,0,0,0,0,0,0,0,0,0,0
0,7,0,30,77,0,0,0,0,0,0,1,0,0,0,0,0,0,0,0
0,1,0,25,86,0,0,0,0,0,0,0,0,0,0,0,0,0,1,0
0,1,0,1,99,0,0,0,0,0,1,0,0,0,0,0,0,0,0,0
0,4,0,27,69,0,0,0,0,0,0,0,0,0,0,0,0,1,0,0
0,0,1,4,60,0,0,0,0,0,0,0,0,0,0,1,0,0,0,0
0,4,0,28,79,0,0,0,0,0,0,0,0,0,0,0,0,1,0,0
1,2,0,4,93,0,0,0,1,0,0,0,0,0,0,0,0,0,0,0
0,1,0,31,83,0,0,0,0,0,0,0,0,0,0,0,0,1,0,0
0,5,0,17,66,0,0,0,0,1,0,0,0,0,0,0,0,0,0,0
0,2,0,23,97,0,0,0,0,0,0,1,0,0,0,0,0,0,0,0
0,2,0,19,87,0,0,0,0,0,0,0,0,0,0,0,0,1,0,0
1,4,1,26,93,0,0,1,0,0,0,0,0,0,0,0,0,0,0,0
0,6,0,22,86,0,0,0,0,0,0,1,0,0,0,0,0,0,0,0
1,6,1,4,92,0,0,0,1,0,0,0,0,0,0,0,0,0,0,0
0,8,1,21,76,0,0,0,0,0,0,0,0,0,0,0,0,0,1,0
0,5,0,15,83,0,0,0,0,0,0,0,0,0,0,0,0,0,0,0
0,3,1,10,92,0,0,0,0,0,0,0,0,0,0,0,0,0,0,0
0,5,1,3,87,0,1,0,0,0,0,0,0,0,0,0,0,0,0,0
0,5,0,2,94,0,1,0,0,0,0,0,0,0,0,0,0,0,0,0
0,4,0,46,86,0,0,0,0,0,0,1,0,0,0,0,0,0,0,0
0,3,0,31,94,0,0,0,0,0,0,0,0,0,0,0,0,0,0,1
0,1,0,33,91,0,0,0,0,0,0,0,0,0,1,0,0,0,0,0
0,2,0,19,78,1,0,0,0,0,0,0,0,0,0,0,0,0,0,0
0,3,0,25,85,0,0,0,0,0,0,0,0,0,0,0,0,1,0,0
0,1,0,21,77,0,0,0,0,0,0,0,0,0,0,0,0,0,1,0
0,4,0,30,89,0,0,1,0,0,0,0,0,0,0,0,0,0,0,0
0,1,1,27,70,0,0,0,0,0,0,0,0,0,0,0,0,1,0,0
0,5,0,33,81,0,0,0,0,1,0,0,0,0,0,0,0,0,0,0
0,7,0,25,77,0,0,0,0,0,0,0,0,0,0,0,0,1,0,0
0,6,0,34,99,0,0,0,0,0,0,0,0,0,1,0,0,0,0,0
1,4,0,28,71,0,0,0,0,1,0,0,0,0,0,0,0,0,0,0
0,6,0,22,62,0,0,0,0,0,0,0,0,0,0,0,0,1,0,0
1,2,0,0,59,0,0,0,1,0,0,0,0,0,0,0,0,0,0,0
0,5,0,22,75,0,0,1,0,0,0,0,0,0,0,0,0,0,0,0
0,2,0,25,71,0,0,0,0,0,0,0,0,0,0,0,0,0,0,0
0,1,0,19,88,0,0,0,0,0,0,0,0,0,0,0,0,0,1,0
1,7,0,2,55,0,0,0,1,0,0,0,0,0,0,0,0,0,0,0
0,4,0,5,78,0,0,0,0,0,0,0,1,0,0,0,0,0,0,0
0,2,0,26,81,0,0,0,0,0,0,0,0,0,1,0,0,0,0,0
0,2,0,32,72,0,0,0,0,0,0,0,0,0,0,0,0,0,0,0
0,2,0,35,95,0,0,0,0,1,0,0,0,0,0,0,0,0,0,0
0,0,0,29,88,0,0,0,0,0,0,0,0,0,1,0,0,0,0,0
0,3,1,12,84,0,0,0,0,0,1,0,0,0,0,0,0,0,0,0
0,2,0,35,97,0,0,0,0,0,0,1,0,0,0,0,0,0,0,0
1,8,0,2,91,0,0,0,1,0,0,0,0,0,0,0,0,0,0,0
1,1,0,7,83,0,0,0,0,0,0,0,0,1,0,0,0,0,0,0
0,2,0,35,93,0,0,0,0,0,0,0,0,0,0,0,0,0,0,0
0,3,1,28,93,0,0,0,0,0,0,0,0,0,1,0,0,0,0,0
0,1,1,4,80,0,1,0,0,0,0,0,0,0,0,0,0,0,0,0
0,3,1,16,76,0,0,0,0,0,0,0,0,0,0,0,0,1,0,0
0,1,0,26,61,1,0,0,0,0,0,0,0,0,0,0,0,0,0,0
0,3,0,30,89,0,0,0,0,0,0,0,0,0,0,0,0,0,0,0
0,2,0,30,96,0,0,0,0,0,0,0,0,0,0,0,0,1,0,0
1,3,1,15,94,0,0,0,0,1,0,0,0,0,0,0,0,0,0,0
0,8,1,1,88,0,0,0,1,0,0,0,0,0,0,0,0,0,0,0
0,3,1,6,70,0,0,0,0,0,0,0,0,1,0,0,0,0,0,0
1,9,1,5,72,0,0,0,1,0,0,0,0,0,0,0,0,0,0,0
0,1,0,30,77,0,0,1,0,0,0,0,0,0,0,0,0,0,0,0
0,3,1,8,85,0,0,0,0,0,0,0,0,1,0,0,0,0,0,0
1,9,0,5,60,0,0,0,1,0,0,0,0,0,0,0,0,0,0,0
0,4,0,4,91,0,0,0,0,0,0,0,0,1,0,0,0,0,0,0
1,5,0,3,83,0,0,0,1,0,0,0,0,0,0,0,0,0,0,0
0,3,0,6,97,0,0,0,0,0,0,0,0,0,0,1,0,0,0,0
0,6,0,34,87,0,0,0,0,0,0,0,0,0,1,0,0,0,0,0
0,3,0,26,67,0,0,0,0,0,0,0,0,0,0,0,0,1,0,0
0,3,0,46,91,0,0,0,0,0,0,1,0,0,0,0,0,0,0,0
1,1,0,46,96,0,0,0,0,0,0,1,0,0,0,0,0,0,0,0
1,4,0,2,85,0,0,0,0,0,0,0,0,0,0,0,0,0,0,0
1,0,0,32,91,0,0,0,0,0,0,0,0,0,0,0,0,0,1,0
0,4,1,1,62,0,1,0,0,0,0,0,0,0,0,0,0,0,0,0
0,2,1,8,91,0,0,0,0,0,0,0,0,0,0,1,0,0,0,0
0,1,0,28,91,0,0,0,0,0,0,0,0,0,1,0,0,0,0,0
0,4,0,3,75,0,0,0,1,0,0,0,0,0,0,0,0,0,0,0
0,3,0,25,92,0,0,0,0,0,0,0,0,0,1,0,0,0,0,0
0,0,0,4,89,0,0,0,0,0,0,0,0,0,0,1,0,0,0,0
0,2,0,16,60,0,0,0,0,0,0,0,0,0,0,0,0,0,0,0
0,3,0,35,91,0,0,0,0,0,0,0,0,0,0,0,0,1,0,0
0,2,0,24,84,0,0,0,0,0,0,1,0,0,0,0,0,0,0,0
0,2,1,46,86,0,0,0,0,0,0,1,0,0,0,0,0,0,0,0
0,5,0,26,95,0,0,0,0,0,0,0,0,0,0,0,0,0,0,0
0,1,0,5,71,0,0,0,0,0,0,0,0,0,0,0,0,0,0,0
0,3,0,4,89,0,1,0,0,0,0,0,0,0,0,0,0,0,0,0
0,6,0,27,89,0,0,0,0,0,0,0,0,0,1,0,0,0,0,0
0,3,0,0,65,0,1,0,0,0,0,0,0,0,0,0,0,0,0,0
0,6,1,16,68,1,0,0,0,0,0,0,0,0,0,0,0,0,0,0
0,6,1,14,61,0,0,0,0,0,0,0,0,0,0,0,0,0,0,0
0,1,0,5,80,0,1,0,0,0,0,0,0,0,0,0,0,0,0,0
0,8,1,12,82,0,0,0,0,0,0,0,0,0,0,0,0,0,0,0
0,5,0,2,87,0,1,0,0,0,0,0,0,0,0,0,0,0,0,0
0,6,0,0,56,0,0,0,1,0,0,0,0,0,0,0,0,0,0,0
0,6,1,24,85,1,0,0,0,0,0,0,0,0,0,0,0,0,0,0
0,7,0,0,98,0,0,0,1,0,0,0,0,0,0,0,0,0,0,0
0,1,0,18,68,0,0,0,0,0,0,0,0,0,0,0,0,1,0,0
0,4,0,20,94,0,0,0,0,0,0,0,0,0,0,0,0,1,0,0
1,4,0,4,61,0,0,0,1,0,0,0,0,0,0,0,0,0,0,0
0,5,0,27,99,0,0,0,0,0,0,0,0,0,1,0,0,0,0,0
0,0,1,27,70,0,0,0,0,0,0,1,0,0,0,0,0,0,0,0
1,3,1,17,83,0,0,0,0,0,0,0,0,0,0,0,0,1,0,0
0,2,1,21,80,0,0,0,0,1,0,0,0,0,0,0,0,0,0,0
0,9,1,24,85,0,0,0,0,0,0,0,0,0,1,0,0,0,0,0
0,1,0,28,83,1,0,0,0,0,0,0,0,0,0,0,0,0,0,0
0,9,0,0,67,0,0,0,1,0,0,0,0,0,0,0,0,0,0,0
0,2,0,3,72,0,0,0,0,0,0,0,0,0,0,1,0,0,0,0
0,2,0,24,90,0,0,0,0,1,0,0,0,0,0,0,0,0,0,0
0,5,1,22,76,0,0,0,0,0,0,0,0,0,0,0,0,1,0,0
0,2,0,21,96,0,0,0,0,0,0,0,0,0,0,0,0,0,0,0
0,4,0,29,91,0,0,0,0,0,0,0,0,0,1,0,0,0,0,0
0,2,0,4,92,0,0,0,0,0,1,0,0,0,0,0,0,0,0,0
0,5,0,19,72,1,0,0,0,0,0,0,0,0,0,0,0,0,0,0
0,3,0,33,60,0,0,0,0,0,0,0,0,0,0,0,0,1,0,0
0,4,0,29,82,0,0,0,0,0,0,0,0,0,0,0,0,0,0,0
0,1,1,27,99,0,0,0,0,0,0,0,0,0,1,0,0,0,0,0
0,2,1,0,78,0,1,0,0,0,0,0,0,0,0,0,0,0,0,0
0,3,0,10,87,0,0,0,0,0,0,0,0,0,0,0,0,0,0,0
0,1,1,29,88,0,0,0,0,1,0,0,0,0,0,0,0,0,0,0
0,0,1,17,91,0,0,0,0,0,0,0,0,0,0,0,0,1,0,0
0,1,0,24,62,0,0,0,0,0,0,0,0,0,0,0,0,0,0,0
0,2,0,35,97,0,0,0,0,1,0,0,0,0,0,0,0,0,0,0
0,3,0,19,99,0,0,0,0,1,0,0,0,0,0,0,0,0,0,0
0,6,0,23,94,0,0,1,0,0,0,0,0,0,0,0,0,0,0,0
0,9,0,14,64,0,0,0,0,1,0,0,0,0,0,0,0,0,0,0
0,2,0,21,93,0,0,1,0,0,0,0,0,0,0,0,0,0,0,0
0,6,0,18,87,0,0,0,0,0,0,0,0,0,0,0,0,0,0,0
0,5,1,16,81,0,0,0,0,0,0,0,0,0,0,0,0,0,0,0
0,5,0,35,85,1,0,0,0,0,0,0,0,0,0,0,0,0,0,0
0,2,0,11,79,0,0,1,0,0,0,0,0,0,0,0,0,0,0,0
0,3,0,4,61,0,1,0,0,0,0,0,0,0,0,0,0,0,0,0
0,3,0,16,69,0,0,0,0,0,0,0,0,0,0,0,0,1,0,0
0,1,0,25,91,0,0,0,0,0,0,0,0,0,0,0,0,0,1,0
0,2,1,35,95,0,0,0,0,0,0,0,0,0,0,0,0,0,0,0
0,4,0,15,91,0,0,1,0,0,0,0,0,0,0,0,0,0,0,0
0,4,1,21,87,0,0,1,0,0,0,0,0,0,0,0,0,0,0,0
0,6,1,25,88,0,0,0,0,0,0,0,0,0,1,0,0,0,0,0
0,2,1,25,95,0,0,0,0,0,0,0,0,0,0,0,0,0,1,0
1,3,0,12,67,0,0,0,0,0,0,0,0,0,0,0,0,0,1,0
0,1,0,25,81,0,0,0,0,0,0,0,0,0,0,0,0,0,0,0
0,6,0,50,86,0,0,0,0,0,0,1,0,0,0,0,0,0,0,0
0,5,0,15,74,0,0,0,0,0,0,0,0,0,0,0,0,1,0,0
1,1,0,5,83,0,0,0,1,0,0,0,0,0,0,0,0,0,0,0
0,3,0,35,97,0,0,0,0,0,0,0,0,0,0,0,0,1,0,0
0,0,0,27,84,0,0,0,0,0,0,0,0,0,0,0,0,0,0,0
1,6,0,2,84,0,0,0,1,0,0,0,0,0,0,0,0,0,0,0
1,2,1,18,96,0,0,0,0,0,0,0,0,0,0,0,0,1,0,0
0,1,0,14,63,0,0,0,0,0,0,0,0,0,0,0,0,1,0,0
0,5,1,2,79,0,1,0,0,0,0,0,0,0,0,0,0,0,0,0
0,2,0,19,89,0,0,0,0,0,0,0,0,0,0,0,0,1,0,0
0,2,0,21,93,0,0,1,0,0,0,0,0,0,0,0,0,0,0,0
0,3,0,23,61,0,0,0,0,0,0,1,0,0,0,0,0,0,0,0
1,2,0,30,71,0,0,0,0,0,0,0,0,0,0,0,0,1,0,0
0,4,0,19,75,0,0,0,0,1,0,0,0,0,0,0,0,0,0,0
0,2,0,21,82,0,0,0,0,0,0,0,0,0,0,0,0,1,0,0
0,6,0,3,55,0,0,0,1,0,0,0,0,0,0,0,0,0,0,0
1,0,0,30,84,0,0,0,0,0,0,0,0,0,0,0,0,0,0,0
0,2,0,29,72,0,0,0,0,0,0,0,0,0,0,0,0,1,0,0
0,2,1,16,76,0,0,0,0,0,0,0,0,0,0,0,0,1,0,0
0,6,0,35,94,0,0,0,0,0,0,0,0,0,0,0,0,0,0,0
0,3,0,28,76,0,0,0,0,0,0,0,0,0,0,0,0,1,0,0
0,2,0,2,63,0,0,0,0,0,0,0,0,0,0,1,0,0,0,0
0,3,0,42,92,0,0,0,0,0,0,1,0,0,0,0,0,0,0,0
0,7,0,31,78,0,0,1,0,0,0,0,0,0,0,0,0,0,0,0
0,3,0,15,83,1,0,0,0,0,0,0,0,0,0,0,0,0,0,0
0,7,0,1,88,0,0,0,1,0,0,0,0,0,0,0,0,0,0,0
0,8,0,40,85,0,0,0,0,0,0,1,0,0,0,0,0,0,0,0
0,7,0,31,93,0,0,0,0,0,0,0,0,0,1,0,0,0,0,0
0,1,0,10,88,0,0,0,0,0,0,0,0,1,0,0,0,0,0,0
0,3,0,14,81,0,0,1,0,0,0,0,0,0,0,0,0,0,0,0
0,2,0,7,97,0,0,0,0,0,0,0,0,1,0,0,0,0,0,0
0,5,0,4,53,0,0,0,1,0,0,0,0,0,0,0,0,0,0,0
0,2,0,23,62,0,0,0,0,0,0,0,0,0,0,0,0,0,0,0
0,1,1,33,62,0,0,0,0,0,0,0,0,0,0,0,0,0,0,0
0,5,1,11,85,0,0,1,0,0,0,0,0,0,0,0,0,0,0,0
1,6,0,3,95,0,0,0,1,0,0,0,0,0,0,0,0,0,0,0
0,3,0,5,75,0,0,0,0,0,0,0,0,0,0,1,0,0,0,0
0,5,0,34,61,0,0,0,0,0,0,0,0,0,0,0,0,1,0,0
0,1,0,3,86,0,0,0,0,0,0,0,0,1,0,0,0,0,0,0
1,2,1,2,69,0,0,0,1,0,0,0,0,0,0,0,0,0,0,0
1,0,0,29,87,0,0,0,0,0,0,0,0,0,0,0,0,1,0,0
0,7,0,14,86,0,0,0,0,1,0,0,0,0,0,0,0,0,0,0
0,8,0,25,86,0,0,0,0,0,0,1,0,0,0,0,0,0,0,0
0,1,1,9,87,0,0,0,0,0,0,0,0,0,0,0,0,0,0,0
1,9,0,2,59,0,0,0,1,0,0,0,0,0,0,0,0,0,0,0
0,5,0,31,86,0,0,0,0,0,0,0,0,0,1,0,0,0,0,0
0,5,0,3,94,0,0,0,0,0,1,0,0,0,0,0,0,0,0,0
0,5,0,5,95,0,0,0,1,0,0,0,0,0,0,0,0,0,0,0
0,2,0,4,65,0,0,0,0,0,0,0,1,0,0,0,0,0,0,0
0,2,0,25,66,0,0,0,0,0,0,0,0,0,0,0,0,0,0,0
0,1,0,33,69,0,0,0,0,0,0,0,0,0,0,0,0,0,0,0
1,1,0,24,96,0,0,0,0,0,0,0,0,0,0,0,0,0,0,0
1,6,0,0,65,0,0,0,1,0,0,0,0,0,0,0,0,0,0,0
0,2,0,26,86,0,0,0,0,0,0,0,0,0,1,0,0,0,0,0
0,7,0,31,82,0,0,0,0,1,0,0,0,0,0,0,0,0,0,0
1,1,1,4,85,0,0,0,1,0,0,0,0,0,0,0,0,0,0,0
0,3,1,2,73,0,0,0,0,0,0,0,0,0,0,1,0,0,0,0
1,7,0,2,80,0,0,0,1,0,0,0,0,0,0,0,0,0,0,0
0,4,0,12,97,1,0,0,0,0,0,0,0,0,0,0,0,0,0,0
1,7,0,1,55,0,0,0,1,0,0,0,0,0,0,0,0,0,0,0
0,0,0,21,86,0,0,0,0,0,0,0,0,0,0,0,0,1,0,0
0,4,0,25,73,0,0,0,0,0,0,0,0,0,0,0,0,1,0,0
0,5,0,34,66,0,0,0,0,0,0,0,0,0,0,0,1,0,0,0
0,3,0,0,94,0,0,0,0,0,0,0,0,0,0,1,0,0,0,0
0,2,0,31,96,0,0,0,0,0,0,0,0,0,1,0,0,0,0,0
1,4,0,5,59,0,0,0,1,0,0,0,0,0,0,0,0,0,0,0
0,1,0,21,92,0,0,0,0,0,0,0,0,0,0,0,0,0,0,0
0,4,0,22,75,0,0,0,0,0,0,0,0,0,0,0,0,1,0,0
0,5,0,24,78,0,0,0,0,0,0,0,0,0,0,0,0,1,0,0
0,1,0,24,78,0,0,0,0,0,0,0,0,0,0,0,0,1,0,0
0,5,0,3,98,0,0,0,0,0,0,0,0,1,0,0,0,0,0,0
1,6,1,4,96,0,0,0,1,0,0,0,0,0,0,0,0,0,0,0
0,5,0,35,97,0,0,0,0,0,0,0,0,0,1,0,0,0,0,0
0,7,0,20,90,0,0,0,0,0,0,0,0,0,0,0,0,1,0,0
1,3,0,21,73,0,0,0,0,0,0,0,0,0,0,0,0,0,0,0
1,9,0,1,50,0,0,0,1,0,0,0,0,0,0,0,0,0,0,0
0,1,0,33,91,0,0,0,0,0,0,0,0,0,0,0,0,1,0,0
0,2,1,24,78,0,0,0,0,0,0,0,0,0,0,0,0,1,0,0
1,6,0,5,52,0,0,0,1,0,0,0,0,0,0,0,0,0,0,0
0,1,1,12,91,0,0,0,0,0,0,0,0,1,0,0,0,0,0,0
0,4,1,8,86,0,0,0,0,0,0,0,0,0,0,1,0,0,0,0
0,5,0,8,80,0,0,0,0,0,0,0,0,0,0,1,0,0,0,0
0,2,0,19,84,0,0,0,0,0,0,0,0,0,0,0,0,0,1,0
0,4,0,29,88,0,0,0,0,0,0,0,0,0,0,0,0,0,0,0
0,7,0,5,70,0,0,0,0,0,0,0,0,0,0,1,0,0,0,0
0,8,1,12,85,0,0,0,0,0,0,0,0,0,0,0,0,0,1,0
0,3,0,21,81,0,0,1,0,0,0,0,0,0,0,0,0,0,0,0
0,9,0,31,78,0,0,0,0,0,0,0,0,0,0,0,1,0,0,0
0,3,0,3,87,0,0,0,0,0,0,0,0,0,0,0,0,0,0,0
0,5,0,29,84,0,0,0,0,0,0,0,0,0,1,0,0,0,0,0
0,4,0,31,71,0,0,0,0,0,0,0,0,0,0,0,0,1,0,0
0,1,0,46,96,0,0,0,0,0,0,1,0,0,0,0,0,0,0,0
0,8,0,4,77,0,0,0,1,0,0,0,0,0,0,0,0,0,0,0
0,4,0,34,75,0,0,0,0,0,0,0,0,0,0,0,0,1,0,0
0,2,0,34,75,0,0,0,0,0,0,0,0,0,0,0,0,0,0,0
0,5,0,32,93,0,0,0,0,0,0,0,0,0,0,0,0,1,0,0
0,2,1,20,78,0,0,0,0,0,0,0,0,0,0,0,0,1,0,0
0,3,0,21,63,0,0,0,0,0,1,0,0,0,0,0,0,0,0,0
0,1,0,30,98,0,0,0,0,0,0,0,0,0,0,0,0,1,0,0
0,3,1,15,84,1,0,0,0,0,0,0,0,0,0,0,0,0,0,0
0,6,1,18,87,0,0,1,0,0,0,0,0,0,0,0,0,0,0,0
0,3,0,24,77,1,0,0,0,0,0,0,0,0,0,0,0,0,0,0
0,3,0,15,86,0,0,1,0,0,0,0,0,0,0,0,0,0,0,0
0,1,0,5,98,0,0,0,1,0,0,0,0,0,0,0,0,0,0,0
0,3,0,30,84,0,0,0,0,0,0,0,0,0,1,0,0,0,0,0
1,3,0,32,86,0,0,0,0,0,0,0,0,0,0,0,0,0,1,0
0,2,0,27,66,1,0,0,0,0,0,0,0,0,0,0,0,0,0,0
0,3,0,2,73,0,0,0,0,0,0,0,1,0,0,0,0,0,0,0
0,7,1,1,88,0,1,0,0,0,0,0,0,0,0,0,0,0,0,0
0,0,0,2,72,0,0,0,0,0,0,0,1,0,0,0,0,0,0,0
0,3,0,41,85,0,0,0,0,0,0,1,0,0,0,0,0,0,0,0
0,3,0,35,90,0,0,0,0,0,0,0,0,0,0,0,0,1,0,0
0,0,1,30,76,0,0,0,0,1,0,0,0,0,0,0,0,0,0,0
0,2,1,12,78,0,0,1,0,0,0,0,0,0,0,0,0,0,0,0
0,3,0,17,94,0,0,0,0,0,0,0,0,0,0,0,0,1,0,0
0,2,0,26,62,0,0,0,0,0,0,0,0,0,0,0,0,1,0,0
0,7,0,32,98,0,0,0,0,1,0,0,0,0,0,0,0,0,0,0
0,4,1,4,79,0,0,0,0,0,0,0,0,0,0,1,0,0,0,0
0,3,0,34,83,0,0,0,0,0,0,0,0,0,0,0,1,0,0,0
0,2,1,35,88,0,0,0,0,0,0,0,0,0,0,0,0,0,0,0
1,8,0,5,76,0,0,0,1,0,0,0,0,0,0,0,0,0,0,0
0,1,0,31,79,0,0,1,0,0,0,0,0,0,0,0,0,0,0,0
0,6,0,3,71,0,0,0,1,0,0,0,0,0,0,0,0,0,0,0
1,2,0,18,98,0,0,0,0,0,0,0,0,0,0,0,0,1,0,0
0,1,1,47,91,0,0,0,0,0,0,1,0,0,0,0,0,0,0,0
1,1,1,32,93,0,0,0,0,0,0,0,0,0,0,0,0,1,0,0
0,3,1,20,76,1,0,0,0,0,0,0,0,0,0,0,0,0,0,0
1,5,0,19,74,0,0,0,0,0,0,0,0,0,0,0,0,1,0,0
0,1,1,5,65,0,0,0,0,0,0,0,0,0,0,1,0,0,0,0
0,3,0,22,84,0,0,0,0,0,0,0,0,0,0,0,0,1,0,0
0,0,0,13,98,0,0,0,0,1,0,0,0,0,0,0,0,0,0,0
0,0,0,19,76,0,0,0,0,0,0,0,0,0,0,0,0,0,0,0
0,3,1,31,93,0,0,0,0,0,0,0,0,0,1,0,0,0,0,0
0,3,1,3,75,0,0,0,0,0,0,0,1,0,0,0,0,0,0,0
1,3,0,34,92,0,0,0,0,0,0,0,0,0,0,0,0,0,0,0
0,3,0,34,80,0,0,0,0,0,1,0,0,0,0,0,0,0,0,0
0,2,0,30,86,0,0,0,0,0,0,0,0,0,0,0,0,1,0,0
0,3,0,32,81,1,0,0,0,0,0,0,0,0,0,0,0,0,0,0
0,1,0,31,65,0,0,0,0,0,0,0,0,0,0,0,0,1,0,0
0,7,0,3,81,0,0,0,0,0,0,0,1,0,0,0,0,0,0,0
0,3,1,24,64,0,0,0,0,1,0,0,0,0,0,0,0,0,0,0
0,1,1,21,70,0,0,0,0,0,0,0,0,0,0,0,0,1,0,0
1,8,0,1,51,0,0,0,1,0,0,0,0,0,0,0,0,0,0,0
0,5,1,15,80,1,0,0,0,0,0,0,0,0,0,0,0,0,0,0
0,1,0,12,89,0,0,0,0,0,0,0,0,1,0,0,0,0,0,0
0,3,1,21,83,0,0,0,0,0,0,0,0,0,0,0,0,0,0,0
1,5,0,24,95,0,0,0,0,0,0,0,0,0,0,0,0,0,1,0
1,6,0,5,62,0,0,0,1,0,0,0,0,0,0,0,0,0,0,0
0,8,1,0,89,0,1,0,0,0,0,0,0,0,0,0,0,0,0,0
1,1,1,30,95,0,0,0,0,0,0,1,0,0,0,0,0,0,0,0
0,8,0,31,83,0,0,0,0,0,0,0,0,0,1,0,0,0,0,0
0,3,1,33,77,0,0,0,0,0,0,0,0,0,0,0,0,1,0,0
0,2,0,31,89,0,0,1,0,0,0,0,0,0,0,0,0,0,0,0
1,3,0,7,71,0,0,0,0,0,0,0,0,1,0,0,0,0,0,0
0,2,0,15,87,0,0,1,0,0,0,0,0,0,0,0,0,0,0,0
0,7,0,16,93,0,0,1,0,0,0,0,0,0,0,0,0,0,0,0
1,1,0,35,88,0,0,0,0,0,0,0,0,0,0,0,1,0,0,0
0,3,0,32,71,0,0,0,0,0,0,0,0,0,0,0,0,0,0,0
0,0,0,31,82,0,0,0,0,0,0,0,0,0,0,0,0,0,0,0
0,3,0,24,91,0,0,1,0,0,0,0,0,0,0,0,0,0,0,0
0,1,0,4,82,0,0,0,0,0,0,0,0,0,0,0,0,0,0,0
0,7,0,8,60,0,0,0,0,0,0,0,0,0,0,0,0,0,1,0
0,1,1,35,85,0,0,0,0,0,0,0,0,0,0,0,1,0,0,0
0,2,1,7,87,0,0,0,0,0,0,0,0,0,0,1,0,0,0,0
0,2,0,25,89,0,0,0,0,0,0,0,0,0,0,0,0,0,0,0
0,2,0,28,87,0,0,0,0,0,0,0,0,0,0,0,0,1,0,0
0,4,0,19,65,0,0,0,0,0,0,0,0,0,0,0,0,0,1,0
0,2,0,16,73,0,0,0,0,0,0,0,0,0,0,0,0,1,0,0
0,9,0,34,96,0,0,0,0,0,0,0,0,0,1,0,0,0,0,0
1,3,0,31,99,0,0,0,0,0,0,0,0,0,1,0,0,0,0,0
0,2,0,27,75,0,0,0,0,0,0,0,0,0,0,0,0,1,0,0
0,1,0,28,98,0,0,0,0,0,0,0,0,0,1,0,0,0,0,0
1,3,1,34,84,0,0,0,0,0,0,0,0,0,0,0,1,0,0,0
1,1,0,34,93,0,0,0,0,0,0,0,0,0,1,0,0,0,0,0
0,7,0,34,78,0,0,1,0,0,0,0,0,0,0,0,0,0,0,0
0,0,0,13,71,1,0,0,0,0,0,0,0,0,0,0,0,0,0,0
0,3,0,18,61,1,0,0,0,0,0,0,0,0,0,0,0,0,0,0
0,1,0,29,89,0,0,0,0,0,0,0,0,0,0,0,0,0,0,0
0,5,0,34,84,0,0,0,0,0,0,0,0,0,0,0,0,1,0,0
0,2,0,14,74,1,0,0,0,0,0,0,0,0,0,0,0,0,0,0
0,1,0,32,90,0,0,0,0,0,0,0,0,0,0,0,1,0,0,0
0,0,0,12,82,0,0,1,0,0,0,0,0,0,0,0,0,0,0,0
0,2,0,24,78,0,0,1,0,0,0,0,0,0,0,0,0,0,0,0
0,2,1,29,80,0,0,1,0,0,0,0,0,0,0,0,0,0,0,0
0,0,0,13,98,0,0,0,0,1,0,0,0,0,0,0,0,0,0,0
0,2,0,5,91,0,0,0,0,0,0,0,0,0,0,1,0,0,0,0
0,2,0,21,87,0,0,0,0,0,0,0,0,0,0,0,0,1,0,0
0,2,0,35,99,0,0,0,0,0,0,1,0,0,0,0,0,0,0,0
0,2,0,16,97,0,0,0,0,1,0,0,0,0,0,0,0,0,0,0
0,2,0,29,99,0,0,0,0,0,0,0,0,0,0,0,0,0,0,0
0,6,0,35,89,0,0,0,0,1,0,0,0,0,0,0,0,0,0,0
0,2,0,11,96,0,0,1,0,0,0,0,0,0,0,0,0,0,0,0
0,2,1,1,93,0,0,0,0,0,0,0,1,0,0,0,0,0,0,0
0,6,0,18,84,0,0,0,0,0,0,0,0,0,0,0,0,1,0,0
0,3,0,5,67,0,0,0,0,0,0,0,1,0,0,0,0,0,0,0
0,4,0,33,63,0,0,0,0,0,0,1,0,0,0,0,0,0,0,0
0,3,0,26,99,0,0,0,0,0,0,0,0,0,0,0,0,0,0,0
0,1,0,25,71,0,0,0,0,0,0,0,0,0,0,0,0,0,1,0
0,2,1,30,71,0,0,0,0,0,0,0,0,0,0,0,0,0,0,0
0,2,0,13,72,0,0,0,0,0,0,0,0,0,0,0,0,0,0,0
0,6,0,10,75,0,0,1,0,0,0,0,0,0,0,0,0,0,0,0
1,1,0,17,85,0,0,0,0,0,1,0,0,0,0,0,0,0,0,0
0,3,0,32,94,0,0,0,0,0,0,0,0,0,1,0,0,0,0,0
0,1,1,3,97,0,0,0,1,0,0,0,0,0,0,0,0,0,0,0
0,0,0,0,64,0,0,0,0,0,0,0,0,0,0,1,0,0,0,0
0,5,1,3,96,0,0,0,0,0,0,0,1,0,0,0,0,0,0,0
0,3,0,21,92,0,0,0,0,1,0,0,0,0,0,0,0,0,0,0
0,3,0,4,84,0,0,0,0,0,0,0,1,0,0,0,0,0,0,0
0,5,1,1,73,0,0,0,1,0,0,0,0,0,0,0,0,0,0,0
1,1,0,20,93,0,0,1,0,0,0,0,0,0,0,0,0,0,0,0
0,7,1,16,68,0,0,0,0,1,0,0,0,0,0,0,0,0,0,0
0,1,0,13,92,0,0,0,0,0,0,0,0,0,0,0,0,0,1,0
0,0,0,30,88,0,0,0,0,0,0,0,0,0,0,0,0,0,0,0
0,3,0,7,81,0,0,0,0,0,0,0,0,0,0,0,0,0,0,0
0,1,0,8,77,0,0,0,0,0,0,0,0,0,0,0,0,0,0,0
0,0,0,8,65,0,0,0,0,0,0,0,0,0,0,1,0,0,0,0
0,9,1,11,98,0,0,0,0,1,0,0,0,0,0,0,0,0,0,0
0,2,0,35,91,1,0,0,0,0,0,0,0,0,0,0,0,0,0,0
0,1,0,33,75,0,0,0,0,0,0,1,0,0,0,0,0,0,0,0
0,3,0,11,87,0,0,0,0,0,1,0,0,0,0,0,0,0,0,0
0,3,0,24,99,0,0,1,0,0,0,0,0,0,0,0,0,0,0,0
0,7,0,4,80,0,0,0,1,0,0,0,0,0,0,0,0,0,0,0
0,1,0,1,82,0,0,0,0,0,0,0,1,0,0,0,0,0,0,0
0,1,1,12,76,0,0,0,0,1,0,0,0,0,0,0,0,0,0,0
0,7,0,28,60,0,0,0,0,1,0,0,0,0,0,0,0,0,0,0
0,2,0,20,99,1,0,0,0,0,0,0,0,0,0,0,0,0,0,0
1,4,0,1,71,0,0,0,1,0,0,0,0,0,0,0,0,0,0,0
0,3,0,27,90,0,0,0,0,1,0,0,0,0,0,0,0,0,0,0
0,1,0,18,60,0,0,0,0,0,0,0,0,0,0,0,0,0,0,0
0,5,1,7,96,0,0,0,0,0,0,0,0,1,0,0,0,0,0,0
0,5,0,31,83,0,0,0,0,0,0,0,0,0,1,0,0,0,0,0
0,4,0,1,57,0,0,0,1,0,0,0,0,0,0,0,0,0,0,0
0,4,1,30,68,1,0,0,0,0,0,0,0,0,0,0,0,0,0,0
0,2,1,28,90,0,0,0,0,0,0,0,0,0,1,0,0,0,0,0
0,6,0,6,84,0,0,0,0,0,0,0,0,0,0,1,0,0,0,0
0,7,0,3,83,0,0,0,0,0,0,0,0,0,0,0,0,0,0,0
0,0,0,17,76,0,0,0,0,0,1,0,0,0,0,0,0,0,0,0
0,4,0,29,72,0,0,0,0,0,0,1,0,0,0,0,0,0,0,0
0,3,0,28,79,1,0,0,0,0,0,0,0,0,0,0,0,0,0,0
1,6,1,2,89,0,0,0,1,0,0,0,0,0,0,0,0,0,0,0
0,6,1,28,96,0,0,0,0,0,0,0,0,0,0,0,0,1,0,0
0,3,1,26,72,1,0,0,0,0,0,0,0,0,0,0,0,0,0,0
0,7,0,26,70,0,0,0,0,0,0,0,0,0,0,0,0,0,1,0
1,1,0,26,92,0,0,0,0,0,0,0,0,0,0,0,0,1,0,0
0,4,1,10,85,0,0,1,0,0,0,0,0,0,0,0,0,0,0,0
1,1,0,30,72,0,0,0,0,0,0,0,0,0,0,0,0,1,0,0
1,1,0,33,63,0,0,0,0,0,0,0,0,0,0,0,0,0,1,0
0,1,0,18,81,1,0,0,0,0,0,0,0,0,0,0,0,0,0,0
0,2,0,16,92,0,0,0,0,0,0,0,0,0,0,0,0,0,0,1
0,3,1,21,69,0,0,0,0,0,0,1,0,0,0,0,0,0,0,0
0,1,0,24,73,0,0,0,0,0,0,0,0,0,0,0,0,1,0,0
0,5,0,27,75,0,0,0,0,1,0,0,0,0,0,0,0,0,0,0
0,3,0,14,71,0,0,0,0,0,0,0,0,1,0,0,0,0,0,0
0,8,0,30,63,0,0,0,0,0,0,0,0,0,0,0,0,1,0,0
0,3,0,35,99,0,0,0,0,0,0,1,0,0,0,0,0,0,0,0
1,1,0,15,85,1,0,0,0,0,0,0,0,0,0,0,0,0,0,0
1,0,1,9,61,0,0,0,0,0,0,0,0,0,0,1,0,0,0,0
0,2,0,3,90,0,1,0,0,0,0,0,0,0,0,0,0,0,0,0
0,2,0,1,82,0,1,0,0,0,0,0,0,0,0,0,0,0,0,0
0,5,1,32,98,0,0,0,0,0,0,0,0,0,0,0,0,1,0,0
0,0,0,35,89,0,0,1,0,0,0,0,0,0,0,0,0,0,0,0
0,3,0,2,71,0,0,0,0,0,0,0,1,0,0,0,0,0,0,0
0,1,0,13,98,0,0,0,0,0,0,0,0,1,0,0,0,0,0,0
0,1,0,5,80,0,0,0,0,0,0,0,0,0,0,1,0,0,0,0
0,2,0,21,90,0,0,0,0,1,0,0,0,0,0,0,0,0,0,0
0,0,0,31,75,0,0,0,0,0,0,0,0,0,0,0,0,1,0,0
0,4,0,31,90,0,0,0,0,0,0,0,0,0,1,0,0,0,0,0
0,2,0,13,66,0,0,0,0,1,0,0,0,0,0,0,0,0,0,0
0,3,0,28,74,1,0,0,0,0,0,0,0,0,0,0,0,0,0,0
0,5,0,27,91,0,0,0,0,0,0,0,0,0,0,0,0,1,0,0
0,2,0,33,78,0,0,0,0,0,0,0,0,0,0,0,0,1,0,0
0,4,0,5,62,0,0,0,0,0,0,0,1,0,0,0,0,0,0,0
0,2,0,2,72,0,0,0,0,0,0,0,0,0,0,0,0,0,0,0
0,1,0,22,95,0,0,1,0,0,0,0,0,0,0,0,0,0,0,0
0,3,0,17,62,0,0,0,0,1,0,0,0,0,0,0,0,0,0,0
0,1,0,14,84,0,0,0,0,1,0,0,0,0,0,0,0,0,0,0
0,1,0,3,65,0,0,0,0,0,0,0,0,1,0,0,0,0,0,0
0,3,0,4,87,0,0,0,0,0,0,0,1,0,0,0,0,0,0,0
0,2,0,31,94,0,0,1,0,0,0,0,0,0,0,0,0,0,0,0
0,1,0,16,74,0,0,0,0,1,0,0,0,0,0,0,0,0,0,0
0,5,0,15,90,0,0,0,0,0,0,0,0,0,0,0,0,0,0,0
0,7,1,18,63,0,0,0,0,0,0,0,0,0,0,0,0,0,0,0
0,0,0,23,77,0,0,0,0,0,0,0,0,0,0,0,0,1,0,0
0,2,0,6,61,0,0,0,0,0,0,0,0,0,0,0,0,0,1,0
0,1,0,33,97,0,0,0,0,0,0,0,0,0,1,0,0,0,0,0
0,2,0,10,79,0,0,0,0,0,0,0,0,0,0,0,0,0,0,0
0,9,0,31,74,0,0,0,0,0,0,0,0,0,0,0,0,0,1,0
0,2,0,22,86,1,0,0,0,0,0,0,0,0,0,0,0,0,0,0
0,4,0,35,96,0,0,0,0,0,0,0,0,0,0,0,0,1,0,0
0,6,0,27,96,0,0,0,0,0,0,1,0,0,0,0,0,0,0,0
0,0,1,14,68,1,0,0,0,0,0,0,0,0,0,0,0,0,0,0
0,4,0,29,92,0,0,0,0,0,0,1,0,0,0,0,0,0,0,0
0,1,0,18,93,0,0,0,0,0,0,0,0,0,0,0,0,0,0,1
0,2,0,11,76,0,0,0,0,0,0,0,0,0,0,0,0,0,0,0
0,2,0,19,70,0,0,0,0,0,0,0,0,0,0,0,0,1,0,0
0,1,0,31,61,0,0,0,0,0,0,0,0,0,0,0,0,1,0,0
0,5,1,28,88,0,0,0,0,0,0,0,0,0,0,0,0,0,1,0
0,1,0,16,85,0,0,0,0,0,1,0,0,0,0,0,0,0,0,0
0,3,0,4,85,0,1,0,0,0,0,0,0,0,0,0,0,0,0,0
0,4,0,31,95,0,0,0,0,0,0,0,0,0,0,0,0,0,0,1
0,4,0,29,85,0,0,0,0,0,0,0,0,0,0,0,0,1,0,0
0,5,0,27,66,0,0,0,0,0,0,0,0,0,0,0,0,0,0,0
0,1,0,29,61,0,0,0,0,0,1,0,0,0,0,0,0,0,0,0
0,2,0,29,70,0,0,0,0,0,0,0,0,0,0,0,0,1,0,0
0,3,0,14,68,0,0,0,0,0,0,0,0,0,0,0,0,1,0,0
0,2,0,20,76,0,0,1,0,0,0,0,0,0,0,0,0,0,0,0
1,9,1,3,61,0,0,0,1,0,0,0,0,0,0,0,0,0,0,0
1,3,0,8,86,0,0,0,0,0,0,0,0,0,0,0,0,0,1,0
0,4,1,20,88,0,0,0,0,0,0,0,0,0,0,0,0,1,0,0
0,3,0,34,88,0,0,0,0,1,0,0,0,0,0,0,0,0,0,0
0,2,0,42,96,0,0,0,0,0,0,1,0,0,0,0,0,0,0,0
0,6,0,4,96,0,0,0,0,0,0,0,1,0,0,0,0,0,0,0
0,1,0,29,60,0,0,0,0,1,0,0,0,0,0,0,0,0,0,0
0,3,0,1,64,0,1,0,0,0,0,0,0,0,0,0,0,0,0,0
0,5,0,27,96,0,0,0,0,0,0,0,0,0,0,0,0,1,0,0
0,3,0,29,60,0,0,0,0,0,0,0,0,0,0,0,0,0,0,0
0,6,0,21,80,0,0,0,0,0,0,0,0,0,0,0,0,0,0,0
0,2,0,34,60,0,0,0,0,0,0,0,0,0,0,0,0,1,0,0
0,3,0,33,82,0,0,0,0,0,0,0,0,0,0,0,0,0,1,0
0,9,0,3,64,0,0,0,1,0,0,0,0,0,0,0,0,0,0,0
0,1,0,18,79,0,0,0,0,0,0,0,0,0,0,0,0,1,0,0
0,4,0,32,71,0,0,0,0,0,0,1,0,0,0,0,0,0,0,0
0,1,0,30,61,0,0,0,0,0,0,0,0,0,0,0,0,1,0,0
0,7,0,3,92,0,0,0,0,0,0,0,1,0,0,0,0,0,0,0
0,3,0,26,99,0,0,0,0,0,0,0,0,0,1,0,0,0,0,0
0,4,0,32,88,0,0,1,0,0,0,0,0,0,0,0,0,0,0,0
0,3,0,14,94,0,0,1,0,0,0,0,0,0,0,0,0,0,0,0
0,1,0,33,66,0,0,0,0,1,0,0,0,0,0,0,0,0,0,0
0,1,0,35,94,0,0,1,0,0,0,0,0,0,0,0,0,0,0,0
0,2,1,27,80,0,0,0,0,0,0,0,0,0,1,0,0,0,0,0
0,6,0,31,86,0,0,0,0,0,0,0,0,0,0,0,0,1,0,0
0,0,0,31,89,0,0,0,0,0,0,0,0,0,0,0,0,1,0,0
0,7,1,23,84,1,0,0,0,0,0,0,0,0,0,0,0,0,0,0
0,3,0,4,60,0,1,0,0,0,0,0,0,0,0,0,0,0,0,0
0,0,1,23,72,0,0,0,0,1,0,0,0,0,0,0,0,0,0,0
0,3,0,15,92,0,0,0,0,0,0,0,0,1,0,0,0,0,0,0
0,2,0,24,95,0,0,0,0,0,0,0,0,0,1,0,0,0,0,0
0,2,0,31,60,0,0,0,0,0,0,0,0,0,0,0,0,1,0,0
0,4,0,29,94,0,0,0,0,0,0,0,0,0,1,0,0,0,0,0
0,4,0,6,68,0,0,0,0,0,0,0,0,0,0,0,0,0,0,0
0,7,1,33,88,1,0,0,0,0,0,0,0,0,0,0,0,0,0,0
1,8,1,1,86,0,0,0,1,0,0,0,0,0,0,0,0,0,0,0
0,1,0,29,95,0,0,0,0,0,0,0,0,0,0,0,0,0,1,0
0,3,0,20,72,0,0,0,0,0,0,0,0,0,0,0,0,1,0,0
1,3,0,49,96,0,0,0,0,0,0,1,0,0,0,0,0,0,0,0
0,1,0,23,76,0,0,0,0,0,0,0,0,0,0,0,0,1,0,0
0,1,0,11,95,0,0,0,0,1,0,0,0,0,0,0,0,0,0,0
0,2,0,29,93,0,0,0,0,0,0,0,0,0,0,0,0,0,0,0
0,4,1,32,62,0,0,0,0,0,0,0,0,0,0,0,0,1,0,0
0,9,0,0,53,0,0,0,1,0,0,0,0,0,0,0,0,0,0,0
0,8,1,5,65,0,0,0,1,0,0,0,0,0,0,0,0,0,0,0
0,6,0,1,60,0,0,0,1,0,0,0,0,0,0,0,0,0,0,0
1,1,0,29,83,0,0,0,0,0,0,0,0,0,1,0,0,0,0,0
0,3,0,21,62,0,0,0,0,0,0,1,0,0,0,0,0,0,0,0
0,0,0,30,80,0,0,0,0,0,0,0,0,0,1,0,0,0,0,0
0,1,0,31,62,0,0,0,0,0,0,0,0,0,0,0,0,1,0,0
0,7,0,23,93,0,0,0,0,0,0,0,0,0,0,0,0,0,0,1
0,1,0,23,74,0,0,0,0,0,1,0,0,0,0,0,0,0,0,0
0,5,0,26,75,0,0,1,0,0,0,0,0,0,0,0,0,0,0,0
0,2,0,29,79,0,0,0,0,1,0,0,0,0,0,0,0,0,0,0
1,0,0,32,95,0,0,0,0,0,0,0,0,0,0,0,0,1,0,0
0,2,1,25,82,1,0,0,0,0,0,0,0,0,0,0,0,0,0,0
0,3,0,33,62,0,0,0,0,0,0,0,0,0,0,0,1,0,0,0
0,6,0,33,81,0,0,0,0,0,0,0,0,0,0,0,0,0,0,0
1,3,0,23,82,0,0,0,0,0,0,0,0,0,0,0,0,1,0,0
0,0,0,48,98,0,0,0,0,0,0,1,0,0,0,0,0,0,0,0
0,3,0,32,81,0,0,1,0,0,0,0,0,0,0,0,0,0,0,0
1,4,1,3,89,0,0,0,1,0,0,0,0,0,0,0,0,0,0,0
0,1,0,24,60,0,0,0,0,0,0,0,0,0,0,0,0,0,0,0
0,1,0,4,62,0,0,0,0,0,0,0,1,0,0,0,0,0,0,0
1,8,0,0,68,0,0,0,1,0,0,0,0,0,0,0,0,0,0,0
0,0,1,16,88,0,0,0,0,1,0,0,0,0,0,0,0,0,0,0
0,4,0,12,72,0,0,0,0,0,0,0,0,0,0,0,0,0,1,0
1,9,0,4,76,0,0,0,1,0,0,0,0,0,0,0,0,0,0,0
0,3,1,23,62,0,0,0,0,0,0,0,0,0,0,0,0,1,0,0
0,2,0,31,67,0,0,0,0,0,0,0,0,0,0,0,0,0,1,0
1,8,0,3,97,0,0,0,1,0,0,0,0,0,0,0,0,0,0,0
0,5,0,27,83,0,0,0,0,0,1,0,0,0,0,0,0,0,0,0
0,3,1,29,85,0,0,0,0,0,0,0,0,0,0,0,0,1,0,0
0,4,0,17,75,0,0,0,0,0,0,0,0,0,0,0,0,1,0,0
1,3,0,18,86,0,0,1,0,0,0,0,0,0,0,0,0,0,0,0
0,5,0,15,79,0,0,0,0,0,0,0,0,1,0,0,0,0,0,0
0,1,0,32,97,0,0,0,0,0,0,0,0,0,0,0,0,0,0,1
0,5,1,3,57,0,0,0,1,0,0,0,0,0,0,0,0,0,0,0
0,7,0,25,84,0,0,0,0,0,0,0,0,0,0,0,0,1,0,0
1,1,1,0,61,0,0,0,0,0,0,0,0,0,0,1,0,0,0,0
1,1,0,29,74,0,0,0,0,0,0,0,0,0,0,0,0,0,1,0
0,5,0,25,98,0,0,0,0,0,0,0,0,0,0,0,0,0,0,1
0,2,0,23,92,0,0,0,0,0,0,0,0,0,0,0,0,1,0,0
0,7,1,11,77,0,0,0,0,1,0,0,0,0,0,0,0,0,0,0
0,4,1,0,91,0,0,0,1,0,0,0,0,0,0,0,0,0,0,0
0,7,1,12,83,0,0,1,0,0,0,0,0,0,0,0,0,0,0,0
0,6,1,24,94,0,0,0,0,0,0,0,0,0,0,0,0,0,0,0
1,6,0,2,55,0,0,0,1,0,0,0,0,0,0,0,0,0,0,0
0,7,0,5,75,0,0,0,0,0,0,0,1,0,0,0,0,0,0,0
0,5,1,23,84,0,0,0,0,0,0,1,0,0,0,0,0,0,0,0
1,6,0,1,53,0,0,0,1,0,0,0,0,0,0,0,0,0,0,0
0,4,0,32,75,0,0,0,0,0,0,0,0,0,0,0,1,0,0,0
0,1,0,34,64,0,0,0,0,0,0,0,0,0,0,0,1,0,0,0
0,1,0,24,92,0,0,0,0,0,0,0,0,0,1,0,0,0,0,0
0,2,0,21,91,0,0,1,0,0,0,0,0,0,0,0,0,0,0,0
0,2,0,14,79,0,0,0,0,0,1,0,0,0,0,0,0,0,0,0
0,3,0,25,98,0,0,0,0,0,0,0,0,0,0,0,0,1,0,0
0,1,1,26,91,0,0,0,0,0,1,0,0,0,0,0,0,0,0,0
0,6,0,5,65,0,0,0,0,0,0,0,1,0,0,0,0,0,0,0
0,2,0,15,90,0,0,0,0,0,0,0,0,0,0,0,0,0,0,0
0,0,1,14,78,0,0,1,0,0,0,0,0,0,0,0,0,0,0,0
0,3,0,47,96,0,0,0,0,0,0,1,0,0,0,0,0,0,0,0
0,5,1,3,95,0,0,0,0,0,0,0,0,0,0,1,0,0,0,0
0,1,1,42,93,0,0,0,0,0,0,1,0,0,0,0,0,0,0,0
0,1,0,22,93,0,0,0,0,1,0,0,0,0,0,0,0,0,0,0
0,4,0,50,90,0,0,0,0,0,0,1,0,0,0,0,0,0,0,0
1,7,0,29,73,1,0,0,0,0,0,0,0,0,0,0,0,0,0,0
0,1,1,25,86,0,0,0,0,0,0,0,0,0,1,0,0,0,0,0
0,9,0,3,93,0,0,0,1,0,0,0,0,0,0,0,0,0,0,0
1,7,0,12,70,0,0,0,0,0,0,0,0,0,0,0,0,0,0,0
0,1,0,1,81,0,0,0,1,0,0,0,0,0,0,0,0,0,0,0
0,3,0,27,87,1,0,0,0,0,0,0,0,0,0,0,0,0,0,0
0,2,0,47,99,0,0,0,0,0,0,1,0,0,0,0,0,0,0,0
0,1,0,11,86,0,0,0,0,0,0,0,0,0,0,0,0,0,0,0
0,2,1,14,96,0,0,0,0,0,0,0,0,0,0,0,0,1,0,0
0,7,0,33,99,0,0,0,0,0,0,0,0,0,0,0,0,0,1,0
0,2,0,31,92,0,0,0,0,0,0,0,0,0,1,0,0,0,0,0
0,3,0,1,85,0,0,0,0,0,0,0,0,0,0,1,0,0,0,0
0,1,0,11,89,0,0,0,0,0,0,0,0,1,0,0,0,0,0,0
0,1,0,1,89,0,0,0,0,0,0,0,1,0,0,0,0,0,0,0
1,0,0,12,87,0,0,0,0,0,0,0,0,0,0,0,0,0,0,0
0,2,1,18,78,0,0,0,0,1,0,0,0,0,0,0,0,0,0,0
1,6,0,5,50,0,0,0,1,0,0,0,0,0,0,0,0,0,0,0
0,5,1,27,97,0,0,0,0,0,0,0,0,0,1,0,0,0,0,0
0,2,0,28,83,0,0,0,0,0,0,0,0,0,0,0,0,1,0,0
0,5,0,1,61,0,0,0,1,0,0,0,0,0,0,0,0,0,0,0
0,7,0,42,85,0,0,0,0,0,0,1,0,0,0,0,0,0,0,0
0,4,0,31,72,0,0,0,0,0,0,0,0,0,0,0,0,1,0,0
0,1,1,5,82,0,0,0,0,0,0,0,0,0,0,1,0,0,0,0
0,3,0,46,95,0,0,0,0,0,0,1,0,0,0,0,0,0,0,0
0,5,0,26,98,0,0,0,0,0,0,0,0,0,1,0,0,0,0,0
0,4,0,27,99,0,0,0,0,0,0,0,0,0,0,0,0,0,0,1
1,7,0,28,79,0,0,0,0,0,0,0,0,0,0,0,0,1,0,0
0,1,0,33,84,0,0,0,0,0,0,1,0,0,0,0,0,0,0,0
0,3,0,16,99,0,0,1,0,0,0,0,0,0,0,0,0,0,0,0
0,7,0,10,94,0,0,0,0,0,0,0,0,1,0,0,0,0,0,0
0,1,0,12,79,0,0,0,0,0,0,0,0,0,0,0,0,0,1,0
0,4,0,32,73,1,0,0,0,0,0,0,0,0,0,0,0,0,0,0
0,8,0,0,72,0,0,0,1,0,0,0,0,0,0,0,0,0,0,0
0,1,0,6,64,0,0,0,0,0,0,0,0,0,0,0,0,0,1,0
0,6,0,5,88,0,1,0,0,0,0,0,0,0,0,0,0,0,0,0
0,0,0,16,90,0,0,0,0,0,0,0,0,0,0,0,0,1,0,0
0,5,1,4,94,0,0,0,0,0,0,0,0,0,0,1,0,0,0,0
0,2,0,35,92,0,0,0,0,0,0,0,0,0,0,0,0,0,0,0
0,0,0,14,68,0,0,0,0,1,0,0,0,0,0,0,0,0,0,0
0,8,0,3,99,0,0,0,1,0,0,0,0,0,0,0,0,0,0,0
0,3,0,12,88,0,0,0,0,0,0,0,0,0,0,0,0,0,0,0
0,5,1,19,94,0,0,0,0,0,0,0,0,0,0,0,0,0,1,0
0,2,0,2,73,0,0,0,0,0,1,0,0,0,0,0,0,0,0,0
0,4,0,3,61,0,0,0,0,0,0,0,1,0,0,0,0,0,0,0
0,1,0,48,94,0,0,0,0,0,0,1,0,0,0,0,0,0,0,0
0,2,0,32,81,0,0,0,0,0,0,0,0,0,1,0,0,0,0,0
0,5,0,16,79,0,0,1,0,0,0,0,0,0,0,0,0,0,0,0
1,6,0,15,78,0,0,0,0,1,0,0,0,0,0,0,0,0,0,0
0,3,1,26,86,0,0,0,0,0,0,0,0,0,0,0,0,1,0,0
0,5,0,46,91,0,0,0,0,0,0,1,0,0,0,0,0,0,0,0
1,4,0,31,74,0,0,0,0,0,0,0,0,0,0,0,1,0,0,0
0,6,0,21,85,1,0,0,0,0,0,0,0,0,0,0,0,0,0,0
0,6,0,5,60,0,0,0,1,0,0,0,0,0,0,0,0,0,0,0
1,5,0,15,87,0,0,0,0,0,0,0,0,0,0,0,0,1,0,0
0,4,0,32,93,0,0,0,0,0,0,0,0,0,1,0,0,0,0,0
1,5,0,4,88,0,0,0,1,0,0,0,0,0,0,0,0,0,0,0
0,1,0,31,62,0,0,0,0,0,0,0,0,0,0,0,1,0,0,0
0,2,0,19,80,0,0,0,0,0,0,0,0,0,0,0,0,1,0,0
0,1,0,29,99,0,0,0,0,0,0,0,0,0,1,0,0,0,0,0
0,3,0,26,81,0,0,0,0,0,0,0,0,0,1,0,0,0,0,0
1,4,0,27,96,0,0,0,0,0,0,0,0,0,1,0,0,0,0,0
0,3,0,35,94,0,0,0,0,0,0,0,0,0,0,0,0,1,0,0
1,1,0,32,89,0,0,1,0,0,0,0,0,0,0,0,0,0,0,0
0,0,0,33,84,1,0,0,0,0,0,0,0,0,0,0,0,0,0,0
0,1,0,18,81,0,0,0,0,0,0,0,0,0,0,0,0,1,0,0
1,5,0,25,62,0,0,0,0,0,0,0,0,0,0,0,0,0,1,0
0,3,0,14,77,0,0,0,0,0,0,0,0,1,0,0,0,0,0,0
1,5,0,8,63,0,0,0,0,0,0,0,0,0,0,1,0,0,0,0
0,3,0,2,68,0,1,0,0,0,0,0,0,0,0,0,0,0,0,0
0,5,0,20,99,1,0,0,0,0,0,0,0,0,0,0,0,0,0,0
0,4,0,21,60,0,0,0,0,0,0,0,0,0,0,0,0,1,0,0
0,5,0,21,73,1,0,0,0,0,0,0,0,0,0,0,0,0,0,0
0,4,0,17,67,0,0,0,0,0,0,0,0,0,0,0,0,1,0,0
0,3,0,27,76,0,0,0,0,0,0,0,0,0,0,0,0,1,0,0
0,2,1,30,68,0,0,0,0,0,0,0,0,0,0,0,1,0,0,0
0,2,0,35,88,0,0,0,0,0,0,0,0,0,1,0,0,0,0,0
1,3,0,30,91,0,0,0,0,0,0,0,0,0,1,0,0,0,0,0
0,4,0,3,64,0,0,0,1,0,0,0,0,0,0,0,0,0,0,0
0,3,1,18,88,0,0,0,0,1,0,0,0,0,0,0,0,0,0,0
1,5,0,15,77,0,0,0,0,0,0,0,0,0,0,0,0,1,0,0
0,5,0,16,81,0,0,0,0,0,1,0,0,0,0,0,0,0,0,0
0,2,0,2,65,0,0,0,0,0,0,0,1,0,0,0,0,0,0,0
1,2,0,34,88,0,0,0,0,0,0,0,0,0,0,0,0,1,0,0
0,3,0,18,79,0,0,0,0,0,0,0,0,0,0,0,0,1,0,0
1,3,1,3,84,0,0,0,1,0,0,0,0,0,0,0,0,0,0,0
0,4,0,8,60,0,0,0,0,0,0,0,0,0,0,0,0,0,1,0
0,4,0,3,91,0,0,0,1,0,0,0,0,0,0,0,0,0,0,0
0,4,1,23,60,0,0,0,0,1,0,0,0,0,0,0,0,0,0,0
0,7,0,3,98,0,0,0,0,0,0,0,1,0,0,0,0,0,0,0
1,1,0,24,66,0,0,0,0,0,0,0,0,0,0,0,0,1,0,0
0,1,0,37,85,0,0,0,0,0,0,1,0,0,0,0,0,0,0,0
0,2,0,28,75,0,0,0,0,0,0,0,0,0,0,0,0,0,0,0
0,3,1,35,99,0,0,0,0,0,0,0,0,0,0,0,0,0,0,0
0,4,1,34,79,0,0,0,0,0,0,1,0,0,0,0,0,0,0,0
0,2,0,24,64,0,0,0,0,0,0,0,0,0,0,0,0,1,0,0
0,1,0,35,86,0,0,0,0,0,0,1,0,0,0,0,0,0,0,0
0,5,1,18,68,0,0,0,0,0,0,0,0,0,0,0,0,0,0,0
0,2,0,16,81,0,0,0,0,1,0,0,0,0,0,0,0,0,0,0
0,5,0,28,94,0,0,0,0,0,0,0,0,0,0,0,0,1,0,0
0,3,0,14,87,0,0,0,0,0,0,0,0,1,0,0,0,0,0,0
0,3,0,25,65,0,0,0,0,0,0,1,0,0,0,0,0,0,0,0
0,4,0,28,86,0,0,0,0,0,0,0,0,0,0,0,0,0,1,0
0,0,0,15,66,0,0,0,0,0,0,0,0,0,0,0,0,1,0,0
0,2,0,34,87,0,0,0,0,0,0,0,0,0,1,0,0,0,0,0
0,2,0,27,86,0,0,0,0,0,0,0,0,0,1,0,0,0,0,0
0,3,0,33,76,0,0,0,0,0,0,0,0,0,0,0,1,0,0,0
0,0,0,27,87,0,0,0,0,0,0,0,0,0,1,0,0,0,0,0
0,2,0,26,85,0,0,0,0,0,0,0,0,0,1,0,0,0,0,0
0,1,0,20,81,0,0,1,0,0,0,0,0,0,0,0,0,0,0,0
0,2,0,8,85,0,0,0,0,0,0,0,0,1,0,0,0,0,0,0
0,1,0,14,76,0,0,1,0,0,0,0,0,0,0,0,0,0,0,0
0,4,0,19,62,1,0,0,0,0,0,0,0,0,0,0,0,0,0,0
0,0,0,29,99,0,0,0,0,0,0,0,0,0,0,0,0,0,1,0
0,2,1,11,93,0,0,1,0,0,0,0,0,0,0,0,0,0,0,0
0,1,1,4,85,0,0,0,0,0,1,0,0,0,0,0,0,0,0,0
0,2,0,33,82,0,0,0,0,0,0,0,0,0,1,0,0,0,0,0
0,1,0,22,75,0,0,0,0,0,0,0,0,0,0,0,0,1,0,0
0,1,0,11,69,0,0,0,0,0,0,0,0,1,0,0,0,0,0,0
0,1,0,12,79,0,0,0,0,0,0,0,0,1,0,0,0,0,0,0
0,9,1,0,74,0,0,0,1,0,0,0,0,0,0,0,0,0,0,0
0,2,1,26,95,0,0,0,0,0,0,0,0,0,1,0,0,0,0,0
0,0,0,19,90,0,0,1,0,0,0,0,0,0,0,0,0,0,0,0
0,1,0,14,79,0,0,1,0,0,0,0,0,0,0,0,0,0,0,0
0,9,0,12,94,0,0,0,0,0,0,0,0,0,0,0,0,0,0,1
0,1,0,18,65,0,0,0,0,0,0,0,0,0,0,0,0,1,0,0
0,5,0,4,88,0,0,0,1,0,0,0,0,0,0,0,0,0,0,0
0,1,0,34,60,0,0,0,0,1,0,0,0,0,0,0,0,0,0,0
0,2,0,21,79,0,0,0,0,0,0,0,0,0,0,0,0,0,0,0
0,1,1,16,62,1,0,0,0,0,0,0,0,0,0,0,0,0,0,0
0,3,0,35,88,0,0,1,0,0,0,0,0,0,0,0,0,0,0,0
0,1,1,41,90,0,0,0,0,0,0,1,0,0,0,0,0,0,0,0
1,5,1,1,63,0,0,0,1,0,0,0,0,0,0,0,0,0,0,0
0,2,0,6,87,0,0,0,0,0,0,0,0,0,0,1,0,0,0,0
0,2,0,18,94,0,0,0,0,0,0,0,0,0,0,0,0,1,0,0
0,1,0,2,79,0,0,0,1,0,0,0,0,0,0,0,0,0,0,0
0,3,0,9,61,0,0,0,0,0,0,0,0,0,0,0,0,0,0,0
0,9,0,1,78,0,0,0,1,0,0,0,0,0,0,0,0,0,0,0
0,2,0,31,64,0,0,0,0,0,0,0,0,0,0,0,0,1,0,0
0,1,0,21,98,0,0,0,0,0,0,0,0,0,0,0,0,1,0,0
0,5,0,26,60,1,0,0,0,0,0,0,0,0,0,0,0,0,0,0
0,3,0,15,68,1,0,0,0,0,0,0,0,0,0,0,0,0,0,0
0,2,0,19,96,0,0,0,0,0,0,0,0,0,0,0,0,0,0,0
0,1,1,3,83,0,0,0,0,0,0,0,1,0,0,0,0,0,0,0
1,9,1,22,78,0,0,0,0,0,0,0,0,0,0,0,0,1,0,0
1,1,0,1,92,0,0,0,1,0,0,0,0,0,0,0,0,0,0,0
0,3,0,32,64,0,0,0,0,0,0,1,0,0,0,0,0,0,0,0
0,2,0,32,82,0,0,0,0,0,0,0,0,0,0,0,0,1,0,0
0,2,0,4,76,0,0,0,1,0,0,0,0,0,0,0,0,0,0,0
0,2,0,21,87,1,0,0,0,0,0,0,0,0,0,0,0,0,0,0
0,3,0,35,88,0,0,0,0,1,0,0,0,0,0,0,0,0,0,0
0,1,0,35,99,0,0,0,0,0,0,0,0,0,1,0,0,0,0,0
0,1,1,20,92,0,0,1,0,0,0,0,0,0,0,0,0,0,0,0
0,1,0,35,92,0,0,0,0,1,0,0,0,0,0,0,0,0,0,0
1,6,0,2,62,0,0,0,1,0,0,0,0,0,0,0,0,0,0,0
0,4,0,3,63,0,1,0,0,0,0,0,0,0,0,0,0,0,0,0
0,2,0,5,90,0,0,0,0,0,0,0,0,0,0,0,0,0,0,0
0,0,0,21,65,0,0,0,0,0,0,0,0,0,0,0,0,0,0,0
0,2,0,14,85,0,0,0,0,0,0,0,0,0,0,0,0,1,0,0
0,3,0,26,68,1,0,0,0,0,0,0,0,0,0,0,0,0,0,0
1,1,0,31,96,0,0,0,0,0,0,1,0,0,0,0,0,0,0,0
0,2,0,28,84,1,0,0,0,0,0,0,0,0,0,0,0,0,0,0
0,1,1,19,65,0,0,0,0,0,0,0,0,0,0,0,0,1,0,0
0,3,0,17,86,0,0,0,0,0,0,0,0,0,0,0,0,0,1,0
0,2,0,23,83,0,0,0,0,0,0,0,0,0,0,0,0,1,0,0
0,6,0,0,50,0,0,0,1,0,0,0,0,0,0,0,0,0,0,0
0,1,0,3,82,0,0,0,0,0,0,0,0,0,0,1,0,0,0,0
0,1,0,1,69,0,0,0,0,0,0,0,1,0,0,0,0,0,0,0
0,3,0,43,89,0,0,0,0,0,0,1,0,0,0,0,0,0,0,0
0,1,0,47,88,0,0,0,0,0,0,1,0,0,0,0,0,0,0,0
0,1,0,9,87,0,0,0,0,0,0,0,0,1,0,0,0,0,0,0
1,4,0,5,87,0,0,0,1,0,0,0,0,0,0,0,0,0,0,0
0,5,0,9,92,0,0,0,0,0,0,0,0,0,0,1,0,0,0,0
0,1,0,27,76,1,0,0,0,0,0,0,0,0,0,0,0,0,0,0
0,6,1,11,95,0,0,1,0,0,0,0,0,0,0,0,0,0,0,0
0,7,0,5,73,0,0,0,1,0,0,0,0,0,0,0,0,0,0,0
0,5,0,21,84,0,0,0,0,0,0,0,0,0,0,0,0,1,0,0
1,3,0,18,78,0,0,1,0,0,0,0,0,0,0,0,0,0,0,0
0,4,0,3,87,0,0,0,0,0,0,0,0,1,0,0,0,0,0,0
0,1,0,32,82,0,0,0,0,0,0,1,0,0,0,0,0,0,0,0
0,2,0,3,99,0,0,0,0,0,0,0,0,0,0,0,0,0,0,0
0,2,0,17,88,0,0,0,0,0,0,0,0,0,0,0,0,0,1,0
0,0,0,17,96,0,0,0,0,0,0,0,0,0,0,0,0,1,0,0
0,2,1,12,84,0,0,1,0,0,0,0,0,0,0,0,0,0,0,0
0,3,0,46,94,0,0,0,0,0,0,1,0,0,0,0,0,0,0,0
0,1,0,19,71,1,0,0,0,0,0,0,0,0,0,0,0,0,0,0
0,2,0,30,84,0,0,0,0,1,0,0,0,0,0,0,0,0,0,0
0,2,0,20,67,0,0,0,0,0,0,0,0,0,0,0,0,1,0,0
