gender,part_time_job,absence_days,extracurricular_activities,weekly_self_study_hours,chemistry_score,career_Accountant,career_Artist,career_Banker,career_Business Owner,career_Construction Engineer,career_Designer,career_Doctor,career_Game Developer,career_Government Officer,career_Lawyer,career_Real Estate Developer,career_Scientist,career_Software Engineer,career_Stock Investor,career_Teacher,career_Unknown,career_Writer
1,0,3,0,27,97,0,0,0,0,0,0,0,0,0,1,0,0,0,0,0,0,0
0,0,2,0,47,100,0,0,0,0,0,0,1,0,0,0,0,0,0,0,0,0,0
0,0,9,1,13,96,0,0,0,0,0,0,0,0,1,0,0,0,0,0,0,0,0
0,0,5,0,3,80,0,1,0,0,0,0,0,0,0,0,0,0,0,0,0,0,0
1,0,5,0,10,65,0,0,0,0,0,0,0,0,0,0,0,0,0,0,0,1,0
0,0,2,0,26,78,0,0,0,0,0,0,0,0,0,0,0,0,0,0,0,1,0
1,0,3,1,23,73,0,0,0,0,0,0,0,0,0,0,0,0,1,0,0,0,0
1,1,2,1,34,63,0,0,0,0,0,0,0,0,0,0,0,0,1,0,0,0,0
1,0,6,0,25,85,0,0,0,0,0,0,0,0,0,0,0,0,0,0,0,1,0
0,0,3,1,18,71,0,0,0,0,0,0,0,0,0,0,0,0,0,0,1,0,0
0,0,2,0,7,94,0,0,0,0,0,0,0,0,0,0,0,0,0,0,1,0,0
1,0,1,0,7,65,0,0,0,0,0,0,0,0,0,0,0,0,0,0,0,1,0
0,1,7,0,4,67,0,0,0,1,0,0,0,0,0,0,0,0,0,0,0,0,0
0,0,3,0,39,92,0,0,0,0,0,0,1,0,0,0,0,0,0,0,0,0,0
1,0,6,0,0,64,0,0,0,1,0,0,0,0,0,0,0,0,0,0,0,0,0
0,0,3,1,30,91,0,0,0,0,0,0,0,0,0,0,0,1,0,0,0,0,0
1,0,2,1,28,79,0,0,0,0,0,0,0,0,0,0,0,0,1,0,0,0,0
1,0,1,0,37,99,0,0,0,0,0,0,1,0,0,0,0,0,0,0,0,0,0
0,0,2,0,27,75,0,0,0,0,0,0,0,0,0,0,0,0,1,0,0,0,0
1,1,3,0,15,98,0,0,0,0,0,0,0,0,0,0,0,0,1,0,0,0,0
1,0,8,0,4,94,0,0,0,1,0,0,0,0,0,0,0,0,0,0,0,0,0
0,0,9,0,2,72,0,0,0,1,0,0,0,0,0,0,0,0,0,0,0,0,0
1,0,9,0,1,55,0,0,0,1,0,0,0,0,0,0,0,0,0,0,0,0,0
0,0,4,0,35,88,0,0,0,0,0,0,0,0,0,0,0,0,1,0,0,0,0
0,0,5,0,22,81,0,0,0,0,0,0,1,0,0,0,0,0,0,0,0,0,0
1,0,3,0,34,94,0,0,1,0,0,0,0,0,0,0,0,0,0,0,0,0,0
1,0,0,0,23,79,0,0,0,0,0,0,0,0,0,0,0,0,0,0,0,0,1
1,0,1,1,17,71,1,0,0,0,0,0,0,0,0,0,0,0,0,0,0,0,0
0,0,3,0,19,97,1,0,0,0,0,0,0,0,0,0,0,0,0,0,0,0,0
0,0,0,0,14,100,0,0,0,0,0,0,0,0,0,0,0,0,1,0,0,0,0
0,0,4,0,30,74,0,0,0,0,0,1,0,0,0,0,0,0,0,0,0,0,0
1,0,4,0,30,89,1,0,0,0,0,0,0,0,0,0,0,0,0,0,0,0,0
0,0,1,0,24,78,0,0,1,0,0,0,0,0,0,0,0,0,0,0,0,0,0
0,0,3,1,31,80,0,0,0,0,0,0,0,0,0,0,0,0,0,0,0,1,0
0,0,1,0,21,98,0,0,0,0,0,0,0,0,0,0,0,0,0,0,0,1,0
1,0,2,1,19,71,0,0,0,0,1,0,0,0,0,0,0,0,0,0,0,0,0
1,0,1,0,29,89,0,0,0,0,1,0,0,0,0,0,0,0,0,0,0,0,0
1,0,4,0,21,88,0,0,1,0,0,0,0,0,0,0,0,0,0,0,0,0,0
1,0,4,0,18,87,1,0,0,0,0,0,0,0,0,0,0,0,0,0,0,0,0
0,0,4,0,31,90,0,0,0,0,0,0,0,0,0,0,0,0,1,0,0,0,0
1,1,7,0,4,50,0,0,0,1,0,0,0,0,0,0,0,0,0,0,0,0,0
0,1,6,0,3,77,0,0,0,1,0,0,0,0,0,0,0,0,0,0,0,0,0
0,0,4,0,3,96,0,0,0,0,0,0,0,1,0,0,0,0,0,0,0,0,0
1,1,4,0,3,57,0,0,0,1,0,0,0,0,0,0,0,0,0,0,0,0,0
1,1,5,1,5,58,0,0,0,1,0,0,0,0,0,0,0,0,0,0,0,0,0
0,0,5,1,27,68,0,0,0,0,0,0,0,0,0,1,0,0,0,0,0,0,0
1,0,0,1,28,70,0,0,0,0,0,0,0,0,0,0,0,0,0,1,0,0,0
0,0,4,0,32,80,0,0,0,0,0,0,0,0,0,0,0,0,0,0,0,1,0
0,0,0,0,14,93,1,0,0,0,0,0,0,0,0,0,0,0,0,0,0,0,0
1,0,6,1,16,65,0,0,0,0,0,0,0,0,0,0,0,0,0,1,0,0,0
0,0,2,0,24,70,0,0,0,0,0,0,0,0,0,1,0,0,0,0,0,0,0
1,0,9,0,0,81,0,0,0,1,0,0,0,0,0,0,0,0,0,0,0,0,0
0,0,3,0,32,61,0,0,1,0,0,0,0,0,0,0,0,0,0,0,0,0,0
1,0,2,0,3,68,0,0,0,0,0,0,0,1,0,0,0,0,0,0,0,0,0
0,0,6,0,31,88,0,0,0,0,0,0,0,0,0,0,0,0,1,0,0,0,0
0,0,3,0,21,86,0,0,0,0,0,0,0,0,0,0,0,0,0,0,0,1,0
1,1,2,0,18,97,0,0,1,0,0,0,0,0,0,0,0,0,0,0,0,0,0
1,0,7,0,26,96,0,0,0,0,0,0,0,0,0,0,0,0,1,0,0,0,0
1,0,4,0,23,79,0,0,0,0,0,0,0,0,0,0,0,0,1,0,0,0,0
0,0,2,0,1,71,0,0,0,0,0,0,0,1,0,0,0,0,0,0,0,0,0
0,0,5,0,33,99,0,0,0,0,0,0,0,0,0,1,0,0,0,0,0,0,0
1,0,7,0,2,64,0,0,0,1,0,0,0,0,0,0,0,0,0,0,0,0,0
0,0,1,0,34,88,0,0,1,0,0,0,0,0,0,0,0,0,0,0,0,0,0
1,0,2,0,18,70,0,0,0,0,1,0,0,0,0,0,0,0,0,0,0,0,0
0,1,6,0,2,74,0,0,0,1,0,0,0,0,0,0,0,0,0,0,0,0,0
1,0,3,0,27,69,0,0,0,0,0,0,0,0,0,0,0,0,1,0,0,0,0
1,0,2,0,8,76,0,0,0,0,0,0,0,0,0,0,1,0,0,0,0,0,0
1,0,4,0,14,60,0,0,0,0,0,0,0,0,0,0,0,0,1,0,0,0,0
0,0,1,0,15,81,0,0,0,0,0,1,0,0,0,0,0,0,0,0,0,0,0
0,1,3,0,22,83,0,0,0,0,0,0,0,0,0,0,0,0,0,0,0,0,1
1,1,8,0,3,87,0,0,0,1,0,0,0,0,0,0,0,0,0,0,0,0,0
0,0,2,0,20,68,0,0,0,0,0,0,0,0,0,0,0,0,1,0,0,0,0
0,0,7,1,27,92,0,0,0,0,0,0,0,0,0,0,0,0,1,0,0,0,0
0,0,3,0,24,90,0,0,0,0,0,0,0,0,0,0,0,0,1,0,0,0,0
0,0,1,1,5,93,0,0,0,0,0,0,0,0,0,0,0,0,0,0,0,1,0
0,0,7,0,34,63,0,0,0,0,0,0,0,0,0,0,0,0,0,0,0,1,0
1,0,3,0,16,68,0,0,0,0,0,0,0,0,0,0,0,0,1,0,0,0,0
0,1,3,0,3,92,0,0,0,1,0,0,0,0,0,0,0,0,0,0,0,0,0
0,0,1,0,15,85,0,0,0,0,0,0,0,0,0,0,0,0,0,1,0,0,0
0,0,7,0,11,63,0,0,0,0,0,0,0,0,1,0,0,0,0,0,0,0,0
1,0,7,0,32,100,0,0,0,0,0,0,0,0,0,0,0,1,0,0,0,0,0
1,0,3,0,28,71,0,0,0,0,0,0,0,0,0,0,0,0,0,0,0,1,0
1,0,1,0,24,80,0,0,0,0,0,0,0,0,0,0,0,0,1,0,0,0,0
0,0,2,0,9,72,0,0,0,0,0,0,0,0,1,0,0,0,0,0,0,0,0
0,0,3,1,14,89,0,0,0,0,0,0,0,0,0,0,0,0,1,0,0,0,0
1,0,3,0,16,87,0,0,0,0,0,0,0,0,0,0,0,0,0,1,0,0,0
1,0,3,0,29,80,0,0,0,0,0,0,0,0,0,0,0,0,1,0,0,0,0
1,0,0,0,14,73,1,0,0,0,0,0,0,0,0,0,0,0,0,0,0,0,0
1,0,4,0,10,63,0,0,0,0,0,0,0,0,1,0,0,0,0,0,0,0,0
1,0,5,0,31,77,0,0,0,0,0,0,0,0,0,0,0,0,1,0,0,0,0
1,0,4,0,34,76,0,0,0,0,0,0,0,0,0,0,0,0,0,1,0,0,0
0,0,5,0,3,96,0,0,0,0,0,0,0,0,0,0,0,0,0,0,0,1,0
0,0,2,1,34,85,0,0,0,0,0,0,0,0,0,0,0,0,1,0,0,0,0
0,0,3,1,2,93,0,1,0,0,0,0,0,0,0,0,0,0,0,0,0,0,0
1,0,3,0,4,98,0,0,0,0,0,0,0,0,0,0,1,0,0,0,0,0,0
1,1,0,0,28,61,0,0,0,0,0,0,0,0,0,1,0,0,0,0,0,0,0
0,0,0,0,5,69,0,0,0,0,0,0,0,1,0,0,0,0,0,0,0,0,0
0,0,2,0,4,91,0,1,0,0,0,0,0,0,0,0,0,0,0,0,0,0,0
0,0,2,0,25,61,0,0,0,0,0,0,0,0,0,0,0,0,1,0,0,0,0
1,0,5,0,29,74,0,0,0,0,0,0,0,0,0,0,0,0,0,0,0,0,1
1,1,6,0,1,94,0,1,0,0,0,0,0,0,0,0,0,0,0,0,0,0,0
0,0,7,0,2,91,0,0,0,1,0,0,0,0,0,0,0,0,0,0,0,0,0
0,0,2,0,0,89,0,0,0,0,0,0,0,0,0,0,1,0,0,0,0,0,0
0,0,3,0,16,89,1,0,0,0,0,0,0,0,0,0,0,0,0,0,0,0,0
1,0,3,1,31,81,0,0,0,0,0,0,0,0,0,0,0,1,0,0,0,0,0
0,0,1,0,4,61,0,0,0,0,0,0,0,0,0,0,0,0,0,0,0,1,0
1,0,5,1,13,60,1,0,0,0,0,0,0,0,0,0,0,0,0,0,0,0,0
1,0,4,0,24,83,0,0,0,0,0,0,0,0,0,0,0,0,0,1,0,0,0
0,1,9,0,2,57,0,0,0,1,0,0,0,0,0,0,0,0,0,0,0,0,0
1,1,2,1,4,76,0,0,0,1,0,0,0,0,0,0,0,0,0,0,0,0,0
0,0,1,0,22,97,0,0,1,0,0,0,0,0,0,0,0,0,0,0,0,0,0
1,0,6,1,0,75,0,0,0,1,0,0,0,0,0,0,0,0,0,0,0,0,0
1,0,2,0,24,65,0,0,0,0,0,0,0,0,0,0,0,0,0,0,0,1,0
0,0,6,0,1,55,0,0,0,1,0,0,0,0,0,0,0,0,0,0,0,0,0
0,0,1,0,19,70,0,0,0,0,0,0,0,0,0,0,0,0,0,0,0,1,0
1,0,1,1,19,65,0,0,0,0,0,0,0,0,0,0,0,0,1,0,0,0,0
0,0,6,0,5,74,0,0,0,1,0,0,0,0,0,0,0,0,0,0,0,0,0
0,1,0,0,13,80,0,0,0,0,0,0,0,0,0,0,0,0,0,0,1,0,0
1,0,4,0,26,99,0,0,0,0,0,0,1,0,0,0,0,0,0,0,0,0,0
1,0,4,0,41,89,0,0,0,0,0,0,1,0,0,0,0,0,0,0,0,0,0
0,0,3,0,47,91,0,0,0,0,0,0,1,0,0,0,0,0,0,0,0,0,0
0,0,2,0,9,89,0,0,0,0,0,0,0,0,0,0,0,0,0,0,0,1,0
0,0,4,0,7,69,0,0,0,0,0,0,0,0,0,0,0,0,0,0,0,1,0
1,0,1,0,3,87,0,0,0,0,0,0,0,1,0,0,0,0,0,0,0,0,0
1,0,4,1,14,83,1,0,0,0,0,0,0,0,0,0,0,0,0,0,0,0,0
0,0,4,0,26,70,0,0,0,0,0,0,0,0,0,0,0,0,0,0,0,1,0
1,0,6,1,27,90,0,0,0,0,0,0,0,0,0,0,0,0,0,0,0,1,0
0,1,5,0,25,85,0,0,0,0,0,0,0,0,0,0,0,0,0,1,0,0,0
0,1,4,0,16,63,0,0,1,0,0,0,0,0,0,0,0,0,0,0,0,0,0
0,0,4,0,27,80,0,0,0,0,0,0,0,0,0,0,0,0,1,0,0,0,0
1,1,6,0,0,56,0,0,0,1,0,0,0,0,0,0,0,0,0,0,0,0,0
1,0,1,0,3,96,0,0,0,0,0,1,0,0,0,0,0,0,0,0,0,0,0
0,0,2,0,6,75,0,0,0,0,0,1,0,0,0,0,0,0,0,0,0,0,0
1,0,2,0,12,78,0,0,1,0,0,0,0,0,0,0,0,0,0,0,0,0,0
0,0,1,1,11,67,0,0,1,0,0,0,0,0,0,0,0,0,0,0,0,0,0
0,0,4,0,23,96,0,0,0,0,0,0,0,0,0,0,0,0,1,0,0,0,0
1,0,2,0,23,80,0,0,0,0,0,0,1,0,0,0,0,0,0,0,0,0,0
1,0,0,0,16,81,0,0,0,0,0,0,0,0,0,0,0,0,1,0,0,0,0
1,1,2,1,3,89,0,1,0,0,0,0,0,0,0,0,0,0,0,0,0,0,0
0,0,1,0,29,96,0,0,0,0,0,0,0,0,0,1,0,0,0,0,0,0,0
1,0,3,1,18,99,0,0,0,0,0,0,0,0,0,0,0,0,1,0,0,0,0
0,0,0,0,3,61,0,0,0,0,0,0,0,1,0,0,0,0,0,0,0,0,0
1,0,3,0,6,94,0,0,0,0,0,0,0,0,0,0,1,0,0,0,0,0,0
1,0,8,0,2,93,0,0,0,1,0,0,0,0,0,0,0,0,0,0,0,0,0
1,0,0,0,34,79,0,0,0,0,0,0,0,0,0,1,0,0,0,0,0,0,0
0,0,4,1,22,99,0,0,0,0,0,0,0,0,0,0,0,0,0,0,0,1,0
0,1,5,0,4,65,0,0,0,1,0,0,0,0,0,0,0,0,0,0,0,0,0
0,0,3,0,3,73,0,0,0,0,0,0,0,0,0,0,0,0,0,0,0,1,0
0,0,5,0,18,72,0,0,0,0,0,0,0,0,0,0,0,0,0,0,0,1,0
1,0,0,0,8,70,0,0,0,0,0,0,0,0,0,0,1,0,0,0,0,0,0
0,0,1,0,33,84,0,0,0,0,0,0,0,0,0,0,0,0,1,0,0,0,0
1,0,0,1,13,74,0,0,0,0,0,0,0,0,0,0,0,0,0,0,0,1,0
0,0,0,1,17,90,0,0,0,0,0,0,0,0,0,0,0,0,0,0,0,1,0
1,1,8,0,1,66,0,0,0,1,0,0,0,0,0,0,0,0,0,0,0,0,0
1,1,7,1,3,61,0,0,0,1,0,0,0,0,0,0,0,0,0,0,0,0,0
1,1,4,1,33,82,0,0,0,0,0,0,0,0,0,0,0,0,0,0,0,1,0
1,0,1,0,12,61,0,0,0,0,0,0,0,0,0,0,0,0,0,0,0,1,0
1,1,3,0,24,88,0,0,0,0,1,0,0,0,0,0,0,0,0,0,0,0,0
1,0,4,0,33,79,0,0,0,0,1,0,0,0,0,0,0,0,0,0,0,0,0
1,0,1,1,44,96,0,0,0,0,0,0,1,0,0,0,0,0,0,0,0,0,0
0,0,1,0,15,60,0,0,0,0,0,0,0,0,0,0,0,0,0,0,1,0,0
0,0,2,0,5,98,0,0,0,0,0,0,0,1,0,0,0,0,0,0,0,0,0
0,1,7,0,5,65,0,0,0,1,0,0,0,0,0,0,0,0,0,0,0,0,0
0,0,5,0,22,68,0,0,0,0,0,0,0,0,0,0,0,0,0,0,0,1,0
1,0,1,0,9,96,0,0,0,0,0,0,0,0,0,0,0,0,0,0,0,1,0
1,0,4,1,34,97,0,0,0,0,0,0,0,0,0,0,0,0,1,0,0,0,0
0,0,1,0,34,99,0,0,0,0,0,0,0,0,0,1,0,0,0,0,0,0,0
0,0,4,0,25,85,0,0,0,0,0,0,0,0,0,0,0,0,0,1,0,0,0
0,0,5,1,31,76,1,0,0,0,0,0,0,0,0,0,0,0,0,0,0,0,0
1,0,1,0,33,68,0,0,0,0,0,0,0,0,0,1,0,0,0,0,0,0,0
1,0,2,0,20,75,0,0,0,0,0,0,0,0,0,0,0,0,0,0,0,1,0
1,0,3,0,15,75,1,0,0,0,0,0,0,0,0,0,0,0,0,0,0,0,0
0,0,3,0,26,88,0,0,1,0,0,0,0,0,0,0,0,0,0,0,0,0,0
0,0,5,0,35,94,0,0,0,0,0,0,0,0,0,0,0,0,1,0,0,0,0
1,0,4,0,12,73,0,0,0,0,1,0,0,0,0,0,0,0,0,0,0,0,0
1,0,2,1,5,87,0,0,0,0,0,0,0,0,0,0,0,0,0,0,0,1,0
1,0,1,0,31,70,0,0,0,0,0,0,0,0,0,1,0,0,0,0,0,0,0
0,0,3,1,28,96,0,0,0,0,0,0,0,0,0,0,0,0,0,0,0,1,0
1,0,8,1,5,86,0,0,0,1,0,0,0,0,0,0,0,0,0,0,0,0,0
0,0,1,0,33,77,0,0,0,0,0,0,0,0,0,0,0,0,1,0,0,0,0
0,0,3,0,2,70,0,1,0,0,0,0,0,0,0,0,0,0,0,0,0,0,0
0,0,5,1,9,99,0,0,0,0,0,0,0,0,0,0,1,0,0,0,0,0,0
0,1,2,1,0,97,0,0,0,1,0,0,0,0,0,0,0,0,0,0,0,0,0
1,0,5,0,26,96,0,0,0,0,0,0,0,0,0,0,0,0,0,0,0,1,0
0,0,5,0,30,95,0,0,0,0,0,0,0,0,0,0,0,1,0,0,0,0,0
0,0,7,0,1,83,0,0,0,0,0,0,0,1,0,0,0,0,0,0,0,0,0
1,0,1,1,26,80,0,0,0,0,0,0,0,0,0,0,0,0,1,0,0,0,0
0,0,2,0,2,74,0,0,0,0,0,0,0,1,0,0,0,0,0,0,0,0,0
1,0,5,0,9,100,0,0,0,0,0,0,0,0,0,0,0,0,0,1,0,0,0
0,0,2,0,30,80,0,0,0,0,0,0,0,0,0,0,0,1,0,0,0,0,0
0,0,3,0,24,68,0,0,0,0,0,0,0,0,0,0,0,0,0,1,0,0,0
1,0,4,0,21,87,0,0,0,0,0,0,0,0,0,0,0,0,1,0,0,0,0
0,0,2,0,14,70,0,0,0,0,0,0,0,0,0,0,0,0,0,0,1,0,0
0,0,1,0,24,96,0,0,0,0,0,0,0,0,0,0,0,0,1,0,0,0,0
0,0,3,0,34,88,0,0,0,0,0,0,0,0,0,1,0,0,0,0,0,0,0
1,0,1,1,34,81,1,0,0,0,0,0,0,0,0,0,0,0,0,0,0,0,0
1,0,6,1,27,91,0,0,0,0,0,0,0,0,0,0,0,0,1,0,0,0,0
0,0,3,0,16,80,1,0,0,0,0,0,0,0,0,0,0,0,0,0,0,0,0
0,0,1,1,21,92,1,0,0,0,0,0,0,0,0,0,0,0,0,0,0,0,0
0,0,1,0,1,81,0,1,0,0,0,0,0,0,0,0,0,0,0,0,0,0,0
1,0,3,0,17,67,0,0,0,0,0,0,0,0,0,0,0,0,1,0,0,0,0
1,0,5,0,0,94,0,0,0,0,0,0,0,0,0,0,0,0,0,0,0,1,0
1,0,3,1,12,74,1,0,0,0,0,0,0,0,0,0,0,0,0,0,0,0,0
0,0,2,0,22,71,0,0,1,0,0,0,0,0,0,0,0,0,0,0,0,0,0
0,0,1,1,14,78,0,0,0,0,0,0,0,0,0,0,0,0,0,0,1,0,0
1,0,0,0,41,100,0,0,0,0,0,0,1,0,0,0,0,0,0,0,0,0,0
1,0,4,0,32,73,0,0,0,0,1,0,0,0,0,0,0,0,0,0,0,0,0
1,1,1,0,4,97,0,0,0,1,0,0,0,0,0,0,0,0,0,0,0,0,0
0,0,1,0,22,82,0,0,0,0,0,0,1,0,0,0,0,0,0,0,0,0,0
0,0,3,0,17,74,0,0,1,0,0,0,0,0,0,0,0,0,0,0,0,0,0
1,0,2,0,2,79,0,1,0,0,0,0,0,0,0,0,0,0,0,0,0,0,0
0,0,4,0,33,90,0,0,1,0,0,0,0,0,0,0,0,0,0,0,0,0,0
0,0,5,0,29,80,0,0,1,0,0,0,0,0,0,0,0,0,0,0,0,0,0
0,1,1,0,27,72,0,0,0,0,0,0,0,0,0,0,0,0,0,0,0,1,0
1,0,6,1,34,76,0,0,1,0,0,0,0,0,0,0,0,0,0,0,0,0,0
1,0,3,0,2,88,0,0,0,0,0,0,0,0,0,0,1,0,0,0,0,0,0
0,0,3,0,22,95,0,0,0,0,0,0,0,0,0,0,0,0,1,0,0,0,0
1,0,7,0,33,68,0,0,0,0,0,0,0,0,0,0,0,0,1,0,0,0,0
1,0,5,0,17,69,0,0,0,0,0,1,0,0,0,0,0,0,0,0,0,0,0
1,0,7,0,4,71,0,0,0,1,0,0,0,0,0,0,0,0,0,0,0,0,0
0,0,7,1,3,72,0,0,0,1,0,0,0,0,0,0,0,0,0,0,0,0,0
0,0,7,0,3,65,0,0,0,1,0,0,0,0,0,0,0,0,0,0,0,0,0
0,0,7,1,17,69,0,0,0,0,0,0,0,0,0,0,0,0,1,0,0,0,0
1,0,3,0,6,98,0,0,0,0,0,0,0,0,0,0,1,0,0,0,0,0,0
1,0,7,0,9,86,0,0,0,0,0,0,0,0,0,0,0,0,0,0,0,1,0
1,1,2,0,35,94,0,0,0,0,0,0,0,0,0,0,0,0,1,0,0,0,0
0,0,3,0,17,61,0,0,0,0,0,0,0,0,0,0,0,0,1,0,0,0,0
0,0,1,0,7,88,0,0,0,0,0,0,0,0,1,0,0,0,0,0,0,0,0
1,0,5,0,16,84,0,0,0,0,0,1,0,0,0,0,0,0,0,0,0,0,0
0,0,1,0,20,95,0,0,0,0,0,0,0,0,0,0,0,0,1,0,0,0,0
1,1,7,0,0,56,0,0,0,1,0,0,0,0,0,0,0,0,0,0,0,0,0
1,0,2,0,27,81,0,0,0,0,0,0,0,0,0,1,0,0,0,0,0,0,0
1,0,0,0,24,94,0,0,0,0,1,0,0,0,0,0,0,0,0,0,0,0,0
1,0,2,0,30,95,0,0,0,0,0,0,0,0,0,0,0,0,0,0,0,1,0
1,0,6,0,20,64,0,0,0,0,0,0,0,0,0,0,0,0,1,0,0,0,0
1,0,0,0,27,76,0,0,0,0,0,0,0,0,0,0,0,0,1,0,0,0,0
1,0,6,0,2,64,0,0,0,1,0,0,0,0,0,0,0,0,0,0,0,0,0
0,0,6,0,16,87,0,0,1,0,0,0,0,0,0,0,0,0,0,0,0,0,0
1,1,1,0,27,71,0,0,1,0,0,0,0,0,0,0,0,0,0,0,0,0,0
1,0,4,1,24,96,1,0,0,0,0,0,0,0,0,0,0,0,0,0,0,0,0
1,0,4,0,23,78,1,0,0,0,0,0,0,0,0,0,0,0,0,0,0,0,0
1,0,1,0,15,66,0,0,0,0,0,0,0,0,1,0,0,0,0,0,0,0,0
1,0,3,0,25,96,0,0,0,0,0,0,0,0,0,0,0,0,0,1,0,0,0
0,0,2,0,32,72,0,0,0,0,0,0,0,0,0,0,0,0,1,0,0,0,0
1,0,3,0,35,99,0,0,0,0,0,0,0,0,0,1,0,0,0,0,0,0,0
0,0,3,0,3,66,0,1,0,0,0,0,0,0,0,0,0,0,0,0,0,0,0
0,0,1,0,28,73,0,0,0,0,0,1,0,0,0,0,0,0,0,0,0,0,0
1,0,1,0,3,65,0,0,0,0,0,0,0,1,0,0,0,0,0,0,0,0,0
0,0,0,0,21,92,1,0,0,0,0,0,0,0,0,0,0,0,0,0,0,0,0
1,0,3,0,35,86,0,0,0,0,0,0,0,0,0,0,0,0,0,0,0,1,0
0,0,7,1,35,97,0,0,0,0,0,0,0,0,0,0,0,0,1,0,0,0,0
0,0,7,1,14,62,1,0,0,0,0,0,0,0,0,0,0,0,0,0,0,0,0
0,1,7,0,1,97,0,0,0,1,0,0,0,0,0,0,0,0,0,0,0,0,0
0,0,9,1,0,51,0,0,0,1,0,0,0,0,0,0,0,0,0,0,0,0,0
1,0,2,0,12,65,0,0,0,0,1,0,0,0,0,0,0,0,0,0,0,0,0
0,0,3,0,35,96,0,0,0,0,0,0,0,0,0,0,0,0,1,0,0,0,0
1,0,4,0,2,95,0,1,0,0,0,0,0,0,0,0,0,0,0,0,0,0,0
1,1,2,0,16,72,0,0,0,0,0,0,0,0,0,0,0,0,0,0,0,1,0
0,0,3,0,31,76,0,0,0,0,0,0,0,0,0,1,0,0,0,0,0,0,0
1,0,5,0,4,77,0,0,0,1,0,0,0,0,0,0,0,0,0,0,0,0,0
1,0,3,0,19,97,0,0,0,0,0,0,0,0,0,0,0,0,0,0,0,1,0
0,0,3,1,15,96,0,0,1,0,0,0,0,0,0,0,0,0,0,0,0,0,0
0,0,1,0,30,96,0,0,0,0,0,0,1,0,0,0,0,0,0,0,0,0,0
0,0,7,0,17,71,0,0,1,0,0,0,0,0,0,0,0,0,0,0,0,0,0
0,0,2,0,23,75,0,0,0,0,0,0,0,0,0,0,0,0,1,0,0,0,0
1,0,1,0,3,95,0,0,0,1,0,0,0,0,0,0,0,0,0,0,0,0,0
0,0,7,0,4,66,0,0,0,1,0,0,0,0,0,0,0,0,0,0,0,0,0
1,0,0,0,25,95,0,0,0,0,0,0,0,0,0,0,0,0,0,0,0,1,0
1,0,1,0,24,74,0,0,0,0,0,0,0,0,0,1,0,0,0,0,0,0,0
1,0,1,0,15,66,0,0,0,0,0,0,0,0,0,0,0,0,1,0,0,0,0
0,1,7,0,1,91,0,0,0,1,0,0,0,0,0,0,0,0,0,0,0,0,0
1,0,1,1,33,74,0,0,0,0,0,0,0,0,0,1,0,0,0,0,0,0,0
0,0,1,0,11,60,0,0,0,0,0,1,0,0,0,0,0,0,0,0,0,0,0
1,0,3,0,10,71,0,0,1,0,0,0,0,0,0,0,0,0,0,0,0,0,0
0,0,7,1,15,93,0,0,0,0,0,0,0,0,0,0,0,0,1,0,0,0,0
1,0,5,0,34,100,0,0,0,0,0,0,0,0,0,0,0,1,0,0,0,0,0
1,0,3,0,30,76,0,0,0,0,0,0,0,0,0,1,0,0,0,0,0,0,0
0,1,4,1,4,92,0,1,0,0,0,0,0,0,0,0,0,0,0,0,0,0,0
0,0,2,0,28,63,0,0,0,0,0,0,0,0,0,0,0,0,0,1,0,0,0
1,0,5,1,29,84,0,0,0,0,0,0,1,0,0,0,0,0,0,0,0,0,0
0,0,7,1,30,100,0,0,0,0,0,0,0,0,0,1,0,0,0,0,0,0,0
1,0,4,0,31,60,0,0,0,0,0,0,0,0,0,0,0,0,0,0,0,1,0
0,0,8,0,1,67,0,0,0,1,0,0,0,0,0,0,0,0,0,0,0,0,0
0,0,6,0,16,94,0,0,0,0,0,0,0,0,0,0,0,0,1,0,0,0,0
0,0,2,1,18,61,0,0,0,0,0,0,0,0,0,0,0,0,0,0,1,0,0
0,1,1,0,4,67,0,0,0,0,0,0,0,1,0,0,0,0,0,0,0,0,0
0,0,8,0,32,87,1,0,0,0,0,0,0,0,0,0,0,0,0,0,0,0,0
0,0,2,0,12,99,0,0,1,0,0,0,0,0,0,0,0,0,0,0,0,0,0
0,1,6,0,5,100,0,0,0,0,0,1,0,0,0,0,0,0,0,0,0,0,0
0,0,2,1,15,90,0,0,0,0,0,0,0,0,1,0,0,0,0,0,0,0,0
0,0,3,0,31,68,1,0,0,0,0,0,0,0,0,0,0,0,0,0,0,0,0
1,0,2,0,2,60,0,0,0,0,0,0,0,1,0,0,0,0,0,0,0,0,0
0,0,1,0,2,77,0,0,0,0,0,0,0,0,0,0,0,0,0,0,0,1,0
1,0,3,0,20,85,0,0,0,0,0,0,0,0,0,0,0,0,1,0,0,0,0
1,0,1,1,11,72,0,0,0,0,0,0,0,0,0,0,0,0,0,1,0,0,0
0,0,3,0,22,71,1,0,0,0,0,0,0,0,0,0,0,0,0,0,0,0,0
0,0,1,1,12,65,0,0,0,0,0,0,0,0,1,0,0,0,0,0,0,0,0
0,0,3,0,34,91,0,0,1,0,0,0,0,0,0,0,0,0,0,0,0,0,0
0,0,0,0,9,70,0,0,0,0,0,0,0,0,0,0,0,0,0,0,1,0,0
0,0,5,0,43,87,0,0,0,0,0,0,1,0,0,0,0,0,0,0,0,0,0
0,0,2,0,1,96,0,0,0,0,0,0,0,0,0,0,1,0,0,0,0,0,0
0,0,2,0,19,97,0,0,0,0,0,0,0,0,0,0,0,0,1,0,0,0,0
0,1,4,0,2,62,0,0,0,1,0,0,0,0,0,0,0,0,0,0,0,0,0
1,0,1,0,34,88,0,0,0,0,0,0,0,0,0,0,0,1,0,0,0,0,0
0,0,4,1,31,85,0,0,0,0,0,0,0,0,0,0,0,1,0,0,0,0,0
0,0,4,0,11,99,0,0,0,0,0,0,0,0,0,0,0,0,0,0,1,0,0
1,0,2,0,35,90,0,0,0,0,0,0,0,0,0,0,0,0,0,0,0,1,0
1,0,4,0,20,76,0,0,0,0,0,0,0,0,0,0,0,0,1,0,0,0,0
0,1,0,0,22,88,0,0,0,0,0,0,0,0,0,0,0,0,0,0,0,1,0
0,0,3,0,2,80,0,0,0,0,0,0,0,1,0,0,0,0,0,0,0,0,0
1,0,7,0,1,96,0,0,0,1,0,0,0,0,0,0,0,0,0,0,0,0,0
0,0,4,0,34,76,0,0,0,0,0,0,0,0,0,0,0,0,1,0,0,0,0
1,1,6,0,17,64,0,0,0,0,0,0,0,0,0,0,0,0,1,0,0,0,0
1,0,6,0,34,100,0,0,0,0,0,0,1,0,0,0,0,0,0,0,0,0,0
0,1,5,0,25,83,0,0,0,0,0,0,0,0,0,0,0,0,0,0,0,1,0
1,0,3,0,8,78,0,0,0,0,0,0,0,0,0,0,0,0,0,0,0,1,0
1,0,3,0,4,73,0,0,0,0,0,0,0,0,0,0,0,0,0,0,0,1,0
0,0,1,1,26,79,0,0,0,0,0,0,0,0,0,1,0,0,0,0,0,0,0
1,0,1,0,13,69,0,0,0,0,0,0,0,0,0,0,0,0,0,0,0,0,1
0,0,1,1,4,98,0,0,0,0,0,0,0,0,1,0,0,0,0,0,0,0,0
1,0,2,0,27,68,0,0,0,0,0,0,0,0,0,1,0,0,0,0,0,0,0
1,0,5,0,32,87,0,0,0,0,0,0,0,0,0,0,0,0,0,0,0,1,0
0,0,1,0,25,66,0,0,0,0,0,0,0,0,0,0,0,0,1,0,0,0,0
0,0,1,0,13,61,0,0,0,0,0,1,0,0,0,0,0,0,0,0,0,0,0
1,0,1,0,31,60,0,0,0,0,1,0,0,0,0,0,0,0,0,0,0,0,0
0,0,3,0,8,85,0,0,0,0,0,0,0,0,0,0,0,0,0,0,1,0,0
1,1,9,0,0,62,0,0,0,1,0,0,0,0,0,0,0,0,0,0,0,0,0
1,0,7,0,6,65,0,0,0,0,0,0,0,0,1,0,0,0,0,0,0,0,0
1,0,2,0,7,82,0,0,0,0,0,0,0,0,1,0,0,0,0,0,0,0,0
1,0,1,0,32,63,0,0,0,0,0,0,0,0,0,1,0,0,0,0,0,0,0
1,0,5,1,30,66,0,0,0,0,0,0,0,0,0,0,0,0,1,0,0,0,0
1,0,9,0,4,66,0,0,0,1,0,0,0,0,0,0,0,0,0,0,0,0,0
0,0,5,0,15,82,0,0,0,0,0,0,0,0,1,0,0,0,0,0,0,0,0
1,0,2,0,2,97,0,0,0,0,0,0,0,1,0,0,0,0,0,0,0,0,0
1,0,8,1,32,72,0,0,0,0,0,0,0,0,0,1,0,0,0,0,0,0,0
1,0,2,0,24,93,0,0,0,0,1,0,0,0,0,0,0,0,0,0,0,0,0
0,0,1,0,18,60,0,0,0,0,0,0,0,0,0,0,0,0,0,0,1,0,0
0,1,3,0,24,76,0,0,1,0,0,0,0,0,0,0,0,0,0,0,0,0,0
1,0,1,0,16,99,0,0,0,0,0,1,0,0,0,0,0,0,0,0,0,0,0
1,0,1,0,15,87,0,0,0,0,0,0,0,0,0,0,0,0,0,0,0,0,1
1,0,3,0,26,67,0,0,0,0,0,0,0,0,0,0,0,0,1,0,0,0,0
0,0,3,0,15,60,0,0,0,0,0,0,0,0,0,0,0,0,0,0,1,0,0
0,0,1,0,5,76,0,0,0,0,0,0,0,1,0,0,0,0,0,0,0,0,0
1,0,1,1,14,83,0,0,0,0,0,0,0,0,0,0,0,0,0,0,0,1,0
1,0,4,0,1,94,0,0,0,0,0,0,0,1,0,0,0,0,0,0,0,0,0
1,0,5,0,10,60,0,0,0,0,1,0,0,0,0,0,0,0,0,0,0,0,0
0,0,6,0,5,100,0,0,0,1,0,0,0,0,0,0,0,0,0,0,0,0,0
1,0,2,0,26,100,0,0,0,0,0,0,0,0,0,0,0,0,0,0,0,1,0
0,0,2,1,26,74,0,0,0,0,0,0,0,0,0,1,0,0,0,0,0,0,0
0,0,2,0,14,83,0,0,0,0,0,0,0,0,1,0,0,0,0,0,0,0,0
1,0,7,1,21,77,0,0,0,0,1,0,0,0,0,0,0,0,0,0,0,0,0
0,0,2,0,32,82,0,0,0,0,0,0,0,0,0,0,0,0,1,0,0,0,0
1,0,0,0,30,100,0,0,0,0,0,0,0,0,0,0,0,0,1,0,0,0,0
0,0,3,0,13,65,0,0,0,0,0,0,0,0,0,0,0,0,0,0,1,0,0
0,0,7,0,33,83,0,0,1,0,0,0,0,0,0,0,0,0,0,0,0,0,0
0,0,3,0,15,76,1,0,0,0,0,0,0,0,0,0,0,0,0,0,0,0,0
1,0,2,0,11,67,0,0,0,0,0,1,0,0,0,0,0,0,0,0,0,0,0
0,0,2,0,30,97,0,0,0,0,0,0,0,0,0,0,0,0,0,0,0,1,0
0,0,7,0,2,77,0,0,0,1,0,0,0,0,0,0,0,0,0,0,0,0,0
1,0,3,0,4,99,0,0,0,0,0,0,0,0,0,0,0,0,0,1,0,0,0
1,0,3,0,32,63,0,0,0,0,0,0,0,0,0,0,0,0,1,0,0,0,0
0,1,7,0,0,74,0,0,0,1,0,0,0,0,0,0,0,0,0,0,0,0,0
0,0,2,0,4,94,0,0,0,1,0,0,0,0,0,0,0,0,0,0,0,0,0
0,0,5,1,21,63,0,0,0,0,0,0,0,0,0,0,0,0,0,0,0,1,0
0,0,2,0,29,91,0,0,0,0,0,0,0,0,0,0,0,0,0,0,0,0,1
1,0,3,0,32,62,0,0,0,0,0,0,0,0,0,0,0,0,0,0,0,1,0
0,0,7,0,14,78,0,0,0,0,0,0,0,0,0,0,0,0,0,0,0,1,0
1,0,1,0,25,89,0,0,0,0,0,0,0,0,0,1,0,0,0,0,0,0,0
1,0,7,1,4,100,0,0,0,0,0,0,0,0,0,0,0,0,0,0,0,1,0
0,0,2,1,32,65,0,0,0,0,0,0,0,0,0,0,0,0,0,1,0,0,0
1,0,2,0,7,91,0,0,0,0,0,0,0,0,0,0,0,0,0,0,0,1,0
0,1,1,0,22,74,0,0,0,0,0,0,0,0,0,0,0,0,1,0,0,0,0
1,0,5,0,3,65,0,0,0,0,0,0,0,0,0,0,0,0,0,0,0,1,0
1,1,8,0,1,67,0,0,0,1,0,0,0,0,0,0,0,0,0,0,0,0,0
1,0,4,1,23,77,0,0,0,0,0,0,0,0,0,0,0,0,0,0,0,0,1
0,0,0,0,42,85,0,0,0,0,0,0,1,0,0,0,0,0,0,0,0,0,0
1,0,1,0,30,93,0,0,0,0,0,0,0,0,0,0,0,1,0,0,0,0,0
0,0,1,0,1,84,0,0,0,1,0,0,0,0,0,0,0,0,0,0,0,0,0
0,1,3,1,17,71,0,0,0,0,0,0,0,0,0,0,0,0,1,0,0,0,0
1,0,2,0,48,89,0,0,0,0,0,0,1,0,0,0,0,0,0,0,0,0,0
1,0,4,1,24,82,0,0,0,0,0,0,0,0,0,0,0,0,1,0,0,0,0
0,0,6,0,31,88,0,0,0,0,0,0,0,0,0,0,0,0,0,0,0,0,1
1,1,7,0,0,61,0,0,0,1,0,0,0,0,0,0,0,0,0,0,0,0,0
1,0,9,0,2,60,0,0,0,1,0,0,0,0,0,0,0,0,0,0,0,0,0
0,0,1,0,24,85,0,0,0,0,0,0,0,0,0,1,0,0,0,0,0,0,0
0,0,7,0,2,100,0,0,0,1,0,0,0,0,0,0,0,0,0,0,0,0,0
1,0,0,0,32,61,0,0,0,0,0,0,0,0,0,0,0,0,1,0,0,0,0
0,0,2,0,4,64,0,0,0,0,0,0,0,0,1,0,0,0,0,0,0,0,0
1,0,4,0,32,63,0,0,0,0,0,0,0,0,0,0,0,0,1,0,0,0,0
1,0,3,0,16,100,0,0,0,0,0,0,0,0,0,0,0,0,0,1,0,0,0
0,0,1,0,20,91,0,0,1,0,0,0,0,0,0,0,0,0,0,0,0,0,0
1,0,4,0,28,72,0,0,0,0,1,0,0,0,0,0,0,0,0,0,0,0,0
1,0,7,0,30,92,0,0,0,0,0,0,0,0,0,0,0,0,1,0,0,0,0
0,0,3,0,17,91,0,0,1,0,0,0,0,0,0,0,0,0,0,0,0,0,0
0,0,5,0,25,95,0,0,0,0,0,0,0,0,0,0,0,0,0,0,0,1,0
1,0,5,0,18,71,1,0,0,0,0,0,0,0,0,0,0,0,0,0,0,0,0
1,1,1,0,23,67,0,0,0,0,0,0,0,0,0,0,0,0,1,0,0,0,0
1,0,4,1,23,74,0,0,0,0,0,0,0,0,0,0,0,0,1,0,0,0,0
0,0,6,0,21,97,0,0,0,0,0,0,0,0,0,0,0,0,1,0,0,0,0
0,0,3,0,27,89,0,0,0,0,0,0,0,0,0,0,0,0,1,0,0,0,0
0,0,5,0,14,71,0,0,0,0,0,0,0,0,0,0,0,0,1,0,0,0,0
1,0,2,1,37,100,0,0,0,0,0,0,1,0,0,0,0,0,0,0,0,0,0
1,0,3,0,29,87,1,0,0,0,0,0,0,0,0,0,0,0,0,0,0,0,0
1,1,6,0,4,71,0,0,0,1,0,0,0,0,0,0,0,0,0,0,0,0,0
0,0,3,0,16,63,0,0,1,0,0,0,0,0,0,0,0,0,0,0,0,0,0
0,0,4,0,30,85,1,0,0,0,0,0,0,0,0,0,0,0,0,0,0,0,0
1,1,7,0,1,75,0,0,0,1,0,0,0,0,0,0,0,0,0,0,0,0,0
1,0,3,1,24,94,0,0,0,0,0,0,0,0,0,0,0,0,1,0,0,0,0
0,0,2,0,35,91,0,0,0,0,0,0,0,0,0,0,0,0,0,0,0,0,1
0,0,1,0,14,100,0,0,0,0,0,0,0,0,0,0,0,0,0,0,1,0,0
0,0,1,0,3,60,0,0,0,0,0,1,0,0,0,0,0,0,0,0,0,0,0
0,0,4,0,15,78,1,0,0,0,0,0,0,0,0,0,0,0,0,0,0,0,0
1,0,5,0,23,64,0,0,0,0,0,0,0,0,0,0,0,0,1,0,0,0,0
1,0,6,0,19,73,0,0,0,0,0,0,0,0,0,0,0,0,0,0,0,1,0
1,0,3,0,33,95,0,0,0,0,0,0,1,0,0,0,0,0,0,0,0,0,0
0,0,0,0,14,92,0,0,1,0,0,0,0,0,0,0,0,0,0,0,0,0,0
0,0,1,1,0,75,0,1,0,0,0,0,0,0,0,0,0,0,0,0,0,0,0
0,0,1,0,34,74,0,0,0,0,0,0,0,0,0,1,0,0,0,0,0,0,0
1,0,5,0,33,94,0,0,0,0,0,0,0,0,0,0,0,1,0,0,0,0,0
0,0,7,0,7,76,0,0,0,0,0,0,0,0,0,0,0,0,0,1,0,0,0
1,0,2,0,18,61,0,0,0,0,0,0,0,0,0,0,0,0,1,0,0,0,0
1,0,9,0,4,51,0,0,0,1,0,0,0,0,0,0,0,0,0,0,0,0,0
1,0,6,0,10,68,0,0,0,0,0,0,0,0,0,0,1,0,0,0,0,0,0
1,1,2,0,22,91,0,0,0,0,0,0,0,0,0,0,0,0,1,0,0,0,0
0,0,5,0,28,81,0,0,0,0,0,0,0,0,0,0,0,0,0,1,0,0,0
1,0,2,0,2,97,0,0,0,0,0,0,0,0,0,0,1,0,0,0,0,0,0
0,0,1,0,0,75,0,0,0,1,0,0,0,0,0,0,0,0,0,0,0,0,0
1,0,3,0,24,99,0,0,0,0,0,0,1,0,0,0,0,0,0,0,0,0,0
1,0,2,0,15,65,0,0,0,0,1,0,0,0,0,0,0,0,0,0,0,0,0
0,1,2,0,1,64,0,1,0,0,0,0,0,0,0,0,0,0,0,0,0,0,0
1,0,1,0,8,75,0,0,0,0,0,0,0,0,0,0,0,0,0,1,0,0,0
0,0,7,0,9,67,0,0,0,0,0,0,0,0,0,0,0,0,0,0,1,0,0
1,0,4,0,33,76,0,0,0,0,0,0,0,0,0,0,0,0,1,0,0,0,0
0,0,3,0,32,78,1,0,0,0,0,0,0,0,0,0,0,0,0,0,0,0,0
0,1,9,0,4,59,0,0,0,1,0,0,0,0,0,0,0,0,0,0,0,0,0
1,0,2,0,2,56,0,0,0,1,0,0,0,0,0,0,0,0,0,0,0,0,0
1,0,3,0,20,73,0,0,0,0,0,1,0,0,0,0,0,0,0,0,0,0,0
0,0,1,0,21,89,0,0,0,0,0,0,0,0,0,0,0,0,1,0,0,0,0
0,0,3,0,29,90,0,0,0,0,0,0,0,0,0,1,0,0,0,0,0,0,0
0,0,3,0,13,83,0,0,0,0,0,0,0,0,0,0,0,0,0,0,0,1,0
1,0,1,0,24,93,1,0,0,0,0,0,0,0,0,0,0,0,0,0,0,0,0
1,0,7,0,30,85,0,0,0,0,0,0,1,0,0,0,0,0,0,0,0,0,0
1,0,1,0,25,75,0,0,0,0,0,0,0,0,0,0,0,0,0,1,0,0,0
1,0,1,0,1,96,0,0,0,0,0,1,0,0,0,0,0,0,0,0,0,0,0
1,0,4,0,27,72,0,0,0,0,0,0,0,0,0,0,0,0,1,0,0,0,0
1,0,0,1,4,89,0,0,0,0,0,0,0,0,0,0,1,0,0,0,0,0,0
0,0,2,1,32,67,0,0,1,0,0,0,0,0,0,0,0,0,0,0,0,0,0
0,0,1,0,1,81,0,1,0,0,0,0,0,0,0,0,0,0,0,0,0,0,0
0,0,2,0,32,81,0,0,0,0,0,1,0,0,0,0,0,0,0,0,0,0,0
0,0,1,1,4,89,0,0,0,0,0,0,0,0,0,0,1,0,0,0,0,0,0
1,0,4,0,28,77,0,0,0,0,0,0,0,0,0,0,0,0,1,0,0,0,0
0,0,3,1,32,79,0,0,0,0,0,0,0,0,0,1,0,0,0,0,0,0,0
0,0,1,0,33,92,0,0,0,0,0,0,1,0,0,0,0,0,0,0,0,0,0
1,1,2,0,4,73,0,0,0,1,0,0,0,0,0,0,0,0,0,0,0,0,0
1,0,1,0,31,67,0,0,0,0,0,0,0,0,0,0,0,0,1,0,0,0,0
1,0,5,0,17,80,0,0,0,0,1,0,0,0,0,0,0,0,0,0,0,0,0
1,0,2,0,23,97,0,0,0,0,0,0,1,0,0,0,0,0,0,0,0,0,0
0,0,0,0,29,85,0,0,0,0,0,0,0,0,0,0,0,0,1,0,0,0,0
1,0,2,0,19,83,0,0,0,0,0,0,0,0,0,0,0,0,1,0,0,0,0
1,1,4,1,26,60,0,0,1,0,0,0,0,0,0,0,0,0,0,0,0,0,0
0,0,7,0,7,98,0,0,0,0,0,0,0,0,0,0,1,0,0,0,0,0,0
0,0,6,0,4,73,0,0,0,0,0,0,0,0,0,0,1,0,0,0,0,0,0
1,0,6,0,22,82,0,0,0,0,0,0,1,0,0,0,0,0,0,0,0,0,0
1,1,6,1,4,94,0,0,0,1,0,0,0,0,0,0,0,0,0,0,0,0,0
0,0,3,0,29,100,0,0,0,0,0,0,0,0,0,1,0,0,0,0,0,0,0
1,0,8,1,21,79,0,0,0,0,0,0,0,0,0,0,0,0,0,1,0,0,0
0,0,3,0,5,84,0,0,0,0,0,0,0,0,0,0,1,0,0,0,0,0,0
1,0,5,0,15,85,0,0,0,0,0,0,0,0,0,0,0,0,0,0,0,1,0
1,0,3,1,10,100,0,0,0,0,0,0,0,0,0,0,0,0,0,0,0,1,0
0,1,7,0,2,87,0,0,0,1,0,0,0,0,0,0,0,0,0,0,0,0,0
0,0,4,1,0,62,0,0,0,0,0,0,0,0,0,0,1,0,0,0,0,0,0
1,0,5,1,3,72,0,1,0,0,0,0,0,0,0,0,0,0,0,0,0,0,0
0,0,6,1,1,98,0,0,0,0,0,0,0,0,0,0,0,0,0,0,0,1,0
0,0,3,1,26,91,1,0,0,0,0,0,0,0,0,0,0,0,0,0,0,0,0
0,1,5,0,2,61,0,0,0,1,0,0,0,0,0,0,0,0,0,0,0,0,0
0,0,3,0,21,91,0,0,0,0,0,0,0,0,0,0,0,0,0,0,0,1,0
0,0,5,0,0,78,0,0,0,1,0,0,0,0,0,0,0,0,0,0,0,0,0
0,0,5,1,10,75,0,0,0,0,0,0,0,0,0,0,0,0,0,0,1,0,0
1,0,5,0,2,83,0,1,0,0,0,0,0,0,0,0,0,0,0,0,0,0,0
0,0,5,1,24,64,0,0,1,0,0,0,0,0,0,0,0,0,0,0,0,0,0
1,0,4,0,46,86,0,0,0,0,0,0,1,0,0,0,0,0,0,0,0,0,0
1,0,3,0,31,68,0,0,0,0,0,0,0,0,0,0,0,0,0,0,0,0,1
1,0,1,0,33,76,0,0,0,0,0,0,0,0,0,1,0,0,0,0,0,0,0
0,0,5,0,26,80,0,0,0,0,0,0,0,0,0,0,0,0,0,1,0,0,0
1,0,2,0,19,97,1,0,0,0,0,0,0,0,0,0,0,0,0,0,0,0,0
1,0,3,0,25,68,0,0,0,0,0,0,0,0,0,0,0,0,1,0,0,0,0
0,0,3,0,24,90,1,0,0,0,0,0,0,0,0,0,0,0,0,0,0,0,0
1,0,1,0,21,100,0,0,0,0,0,0,0,0,0,0,0,0,0,1,0,0,0
0,1,8,1,0,67,0,0,0,1,0,0,0,0,0,0,0,0,0,0,0,0,0
1,0,4,0,30,95,0,0,1,0,0,0,0,0,0,0,0,0,0,0,0,0,0
0,0,4,0,32,61,0,0,0,0,0,0,0,0,0,0,0,0,1,0,0,0,0
0,0,8,0,15,93,0,0,0,0,0,0,0,0,0,0,0,0,0,0,0,1,0
0,0,6,0,15,83,0,0,0,0,0,0,0,0,1,0,0,0,0,0,0,0,0
0,0,3,1,4,93,0,0,0,0,0,0,0,1,0,0,0,0,0,0,0,0,0
1,0,1,1,27,82,0,0,0,0,0,0,0,0,0,0,0,0,1,0,0,0,0
1,0,5,0,33,61,0,0,0,0,1,0,0,0,0,0,0,0,0,0,0,0,0
1,0,7,0,25,74,0,0,0,0,0,0,0,0,0,0,0,0,1,0,0,0,0
0,0,0,0,29,74,0,0,0,0,0,0,0,0,0,1,0,0,0,0,0,0,0
0,0,2,0,13,96,0,0,0,0,0,0,0,0,0,0,0,0,0,0,0,1,0
0,0,3,0,49,94,0,0,0,0,0,0,1,0,0,0,0,0,0,0,0,0,0
1,0,6,0,34,69,0,0,0,0,0,0,0,0,0,1,0,0,0,0,0,0,0
1,1,4,0,28,69,0,0,0,0,1,0,0,0,0,0,0,0,0,0,0,0,0
0,0,2,0,44,95,0,0,0,0,0,0,1,0,0,0,0,0,0,0,0,0,0
0,0,1,0,14,72,0,0,0,0,0,0,0,0,0,0,0,0,1,0,0,0,0
0,0,4,0,1,98,0,0,0,0,0,0,0,0,0,0,1,0,0,0,0,0,0
1,0,6,0,22,61,0,0,0,0,0,0,0,0,0,0,0,0,1,0,0,0,0
0,0,2,0,11,97,0,0,0,0,0,0,0,0,0,0,0,0,0,0,1,0,0
0,0,3,0,2,63,0,0,0,0,0,0,0,0,0,0,0,0,0,0,0,1,0
0,0,9,0,3,62,0,0,0,1,0,0,0,0,0,0,0,0,0,0,0,0,0
0,0,5,0,28,98,0,0,1,0,0,0,0,0,0,0,0,0,0,0,0,0,0
1,1,2,0,0,82,0,0,0,1,0,0,0,0,0,0,0,0,0,0,0,0,0
1,0,5,0,22,70,0,0,1,0,0,0,0,0,0,0,0,0,0,0,0,0,0
0,1,8,0,3,95,0,0,0,1,0,0,0,0,0,0,0,0,0,0,0,0,0
1,0,2,0,25,79,0,0,0,0,0,0,0,0,0,0,0,0,0,0,0,1,0
0,0,3,1,1,72,0,0,0,1,0,0,0,0,0,0,0,0,0,0,0,0,0
0,0,7,0,37,94,0,0,0,0,0,0,1,0,0,0,0,0,0,0,0,0,0
0,0,3,1,28,72,0,0,0,0,0,0,0,0,0,0,0,0,1,0,0,0,0
0,0,3,0,30,95,0,0,0,0,0,0,0,0,0,0,0,1,0,0,0,0,0
1,0,1,0,19,69,0,0,0,0,0,0,0,0,0,0,0,0,0,1,0,0,0
1,1,7,0,2,81,0,0,0,1,0,0,0,0,0,0,0,0,0,0,0,0,0
0,1,4,0,26,73,0,0,0,0,0,0,0,0,0,0,0,0,0,0,0,1,0
1,0,4,0,5,64,0,0,0,0,0,0,0,1,0,0,0,0,0,0,0,0,0
0,0,0,0,17,91,0,0,0,0,0,0,0,0,0,0,0,0,1,0,0,0,0
1,0,2,0,26,72,0,0,0,0,0,0,0,0,0,1,0,0,0,0,0,0,0
1,0,2,0,32,61,0,0,0,0,0,0,0,0,0,0,0,0,0,0,0,1,0
0,0,6,1,16,92,0,0,0,0,0,0,0,0,0,0,0,0,1,0,0,0,0
0,1,8,0,2,64,0,0,0,1,0,0,0,0,0,0,0,0,0,0,0,0,0
1,0,2,0,35,95,0,0,0,0,1,0,0,0,0,0,0,0,0,0,0,0,0
0,0,0,0,17,65,1,0,0,0,0,0,0,0,0,0,0,0,0,0,0,0,0
0,0,9,0,3,84,0,0,0,1,0,0,0,0,0,0,0,0,0,0,0,0,0
0,1,3,0,47,90,0,0,0,0,0,0,1,0,0,0,0,0,0,0,0,0,0
1,0,0,0,29,63,0,0,0,0,0,0,0,0,0,1,0,0,0,0,0,0,0
1,0,3,1,12,99,0,0,0,0,0,1,0,0,0,0,0,0,0,0,0,0,0
1,0,2,0,35,94,0,0,0,0,0,0,1,0,0,0,0,0,0,0,0,0,0
0,1,0,0,3,89,0,0,0,0,0,0,0,1,0,0,0,0,0,0,0,0,0
1,1,8,0,2,88,0,0,0,1,0,0,0,0,0,0,0,0,0,0,0,0,0
1,1,1,0,7,98,0,0,0,0,0,0,0,0,1,0,0,0,0,0,0,0,0
0,0,4,0,15,73,0,0,0,0,0,0,0,0,0,0,0,0,1,0,0,0,0
0,0,1,0,3,90,0,0,0,0,0,0,0,0,0,0,0,0,0,1,0,0,0
1,0,2,0,35,100,0,0,0,0,0,0,0,0,0,0,0,0,0,0,0,1,0
1,0,3,1,28,69,0,0,0,0,0,0,0,0,0,1,0,0,0,0,0,0,0
0,0,9,0,4,65,0,0,0,1,0,0,0,0,0,0,0,0,0,0,0,0,0
1,0,1,1,4,60,0,1,0,0,0,0,0,0,0,0,0,0,0,0,0,0,0
1,0,3,1,16,75,0,0,0,0,0,0,0,0,0,0,0,0,1,0,0,0,0
1,0,1,0,26,84,1,0,0,0,0,0,0,0,0,0,0,0,0,0,0,0,0
1,0,3,0,30,75,0,0,0,0,0,0,0,0,0,0,0,0,0,0,0,1,0
0,1,6,0,2,73,0,0,0,1,0,0,0,0,0,0,0,0,0,0,0,0,0
0,0,2,0,34,73,0,0,0,0,0,0,0,0,0,0,0,0,1,0,0,0,0
1,0,2,0,30,77,0,0,0,0,0,0,0,0,0,0,0,0,1,0,0,0,0
1,1,3,1,15,64,0,0,0,0,1,0,0,0,0,0,0,0,0,0,0,0,0
1,0,8,1,1,72,0,0,0,1,0,0,0,0,0,0,0,0,0,0,0,0,0
1,0,3,1,6,82,0,0,0,0,0,0,0,0,1,0,0,0,0,0,0,0,0
0,0,7,1,1,100,0,0,0,0,0,0,0,1,0,0,0,0,0,0,0,0,0
1,1,9,1,5,51,0,0,0,1,0,0,0,0,0,0,0,0,0,0,0,0,0
1,0,1,0,30,88,0,0,1,0,0,0,0,0,0,0,0,0,0,0,0,0,0
1,0,3,1,8,73,0,0,0,0,0,0,0,0,1,0,0,0,0,0,0,0,0
1,1,9,0,5,72,0,0,0,1,0,0,0,0,0,0,0,0,0,0,0,0,0
0,0,1,0,5,97,0,1,0,0,0,0,0,0,0,0,0,0,0,0,0,0,0
1,0,4,0,4,68,0,0,0,0,0,0,0,0,1,0,0,0,0,0,0,0,0
0,0,1,0,47,96,0,0,0,0,0,0,1,0,0,0,0,0,0,0,0,0,0
0,0,3,1,16,61,0,0,0,0,0,0,0,0,0,0,0,0,0,1,0,0,0
1,1,5,0,3,68,0,0,0,1,0,0,0,0,0,0,0,0,0,0,0,0,0
0,0,5,1,32,99,0,0,0,0,0,0,0,0,0,0,0,1,0,0,0,0,0
0,0,2,0,31,69,0,0,1,0,0,0,0,0,0,0,0,0,0,0,0,0,0
1,0,3,0,6,92,0,0,0,0,0,0,0,0,0,0,1,0,0,0,0,0,0
0,0,3,0,16,65,0,0,0,0,0,0,0,0,0,0,0,0,0,0,0,1,0
1,0,6,0,34,74,0,0,0,0,0,0,0,0,0,1,0,0,0,0,0,0,0
1,0,3,0,26,78,0,0,0,0,0,0,0,0,0,0,0,0,1,0,0,0,0
0,0,6,0,21,65,0,0,1,0,0,0,0,0,0,0,0,0,0,0,0,0,0
1,0,3,0,46,90,0,0,0,0,0,0,1,0,0,0,0,0,0,0,0,0,0
0,0,6,0,48,90,0,0,0,0,0,0,1,0,0,0,0,0,0,0,0,0,0
1,1,1,0,46,95,0,0,0,0,0,0,1,0,0,0,0,0,0,0,0,0,0
0,1,3,0,28,97,0,0,0,0,0,0,0,0,0,0,0,0,0,0,0,1,0
1,1,4,0,2,95,0,0,0,0,0,0,0,0,0,0,0,0,0,0,0,1,0
1,1,0,0,32,85,0,0,0,0,0,0,0,0,0,0,0,0,0,1,0,0,0
0,0,4,0,31,94,0,0,0,0,0,0,0,0,0,1,0,0,0,0,0,0,0
1,0,4,1,1,94,0,1,0,0,0,0,0,0,0,0,0,0,0,0,0,0,0
0,1,9,1,4,67,0,0,0,1,0,0,0,0,0,0,0,0,0,0,0,0,0
1,0,2,1,8,66,0,0,0,0,0,0,0,0,0,0,1,0,0,0,0,0,0
0,0,3,1,23,93,1,0,0,0,0,0,0,0,0,0,0,0,0,0,0,0,0
0,0,1,0,23,84,0,0,0,0,0,0,1,0,0,0,0,0,0,0,0,0,0
1,0,1,0,28,89,0,0,0,0,0,0,0,0,0,1,0,0,0,0,0,0,0
0,0,1,0,7,62,0,0,0,0,0,0,0,0,0,0,0,0,0,0,0,1,0
0,0,0,0,5,92,0,1,0,0,0,0,0,0,0,0,0,0,0,0,0,0,0
0,0,2,0,4,67,0,0,0,0,0,0,0,0,0,0,0,0,0,0,0,1,0
0,0,2,0,26,60,0,0,0,0,0,0,0,0,0,0,0,0,0,0,0,1,0
0,0,4,1,33,79,0,0,0,0,0,0,0,0,0,1,0,0,0,0,0,0,0
0,0,4,1,34,84,0,0,0,0,0,0,0,0,0,1,0,0,0,0,0,0,0
0,1,4,0,16,75,1,0,0,0,0,0,0,0,0,0,0,0,0,0,0,0,0
1,0,4,0,3,70,0,0,0,1,0,0,0,0,0,0,0,0,0,0,0,0,0
1,0,3,0,25,84,0,0,0,0,0,0,0,0,0,1,0,0,0,0,0,0,0
0,0,0,0,4,69,0,0,0,0,0,0,0,0,0,0,0,0,0,1,0,0,0
1,0,0,0,4,88,0,0,0,0,0,0,0,0,0,0,1,0,0,0,0,0,0
0,0,3,0,21,78,0,0,0,0,0,0,0,0,0,0,0,0,1,0,0,0,0
0,0,7,0,4,67,0,0,0,1,0,0,0,0,0,0,0,0,0,0,0,0,0
0,0,3,0,24,96,0,0,0,0,0,0,0,0,0,0,0,0,0,0,0,0,1
1,0,2,0,16,70,0,0,0,0,0,0,0,0,0,0,0,0,0,0,0,1,0
1,0,3,0,35,93,0,0,0,0,0,0,0,0,0,0,0,0,1,0,0,0,0
1,0,2,0,24,94,0,0,0,0,0,0,1,0,0,0,0,0,0,0,0,0,0
1,0,2,1,46,90,0,0,0,0,0,0,1,0,0,0,0,0,0,0,0,0,0
0,0,6,0,1,67,0,0,0,1,0,0,0,0,0,0,0,0,0,0,0,0,0
1,0,5,0,26,85,0,0,0,0,0,0,0,0,0,0,0,0,0,0,0,1,0
1,0,1,0,5,67,0,0,0,0,0,0,0,0,0,0,0,0,0,0,0,1,0
0,1,5,0,17,66,0,0,0,0,0,0,0,0,0,0,0,0,0,0,1,0,0
1,0,3,0,4,72,0,1,0,0,0,0,0,0,0,0,0,0,0,0,0,0,0
1,0,6,0,27,95,0,0,0,0,0,0,0,0,0,1,0,0,0,0,0,0,0
1,0,3,0,0,87,0,1,0,0,0,0,0,0,0,0,0,0,0,0,0,0,0
1,0,6,1,16,62,1,0,0,0,0,0,0,0,0,0,0,0,0,0,0,0,0
1,0,6,1,14,95,0,0,0,0,0,0,0,0,0,0,0,0,0,0,0,1,0
0,1,2,0,5,83,0,0,0,0,0,0,0,0,0,0,1,0,0,0,0,0,0
0,0,3,1,31,70,0,0,1,0,0,0,0,0,0,0,0,0,0,0,0,0,0
0,0,2,1,4,100,0,1,0,0,0,0,0,0,0,0,0,0,0,0,0,0,0
1,0,1,0,5,68,0,1,0,0,0,0,0,0,0,0,0,0,0,0,0,0,0
0,0,1,0,11,84,0,0,0,0,0,0,0,0,0,0,0,0,0,0,0,0,1
1,0,8,1,12,67,0,0,0,0,0,0,0,0,0,0,0,0,0,0,0,1,0
0,0,0,0,5,70,0,0,0,0,0,0,0,1,0,0,0,0,0,0,0,0,0
0,1,6,0,1,99,0,0,0,1,0,0,0,0,0,0,0,0,0,0,0,0,0
1,0,5,0,2,88,0,1,0,0,0,0,0,0,0,0,0,0,0,0,0,0,0
0,0,2,1,30,77,0,0,0,0,0,0,0,0,0,0,0,0,0,1,0,0,0
1,0,6,0,0,93,0,0,0,1,0,0,0,0,0,0,0,0,0,0,0,0,0
0,0,2,1,6,60,0,0,0,0,0,0,0,0,0,0,0,0,0,0,0,1,0
1,0,6,1,24,80,1,0,0,0,0,0,0,0,0,0,0,0,0,0,0,0,0
0,0,7,0,26,89,0,0,0,0,0,0,0,0,0,1,0,0,0,0,0,0,0
1,0,7,0,0,50,0,0,0,1,0,0,0,0,0,0,0,0,0,0,0,0,0
1,0,1,0,18,61,0,0,0,0,0,0,0,0,0,0,0,0,1,0,0,0,0
1,0,4,0,20,80,0,0,0,0,0,0,0,0,0,0,0,0,1,0,0,0,0
0,0,0,0,23,95,0,0,0,0,0,0,0,0,0,0,0,0,1,0,0,0,0
1,1,4,0,4,86,0,0,0,1,0,0,0,0,0,0,0,0,0,0,0,0,0
0,0,4,0,30,84,0,0,1,0,0,0,0,0,0,0,0,0,0,0,0,0,0
0,0,4,0,34,62,0,0,1,0,0,0,0,0,0,0,0,0,0,0,0,0,0
0,0,1,0,26,87,1,0,0,0,0,0,0,0,0,0,0,0,0,0,0,0,0
1,0,5,0,27,80,0,0,0,0,0,0,0,0,0,1,0,0,0,0,0,0,0
0,0,1,1,18,83,0,0,0,0,0,0,0,0,0,0,0,0,1,0,0,0,0
0,0,4,0,39,90,0,0,0,0,0,0,1,0,0,0,0,0,0,0,0,0,0
0,0,7,1,29,87,0,0,1,0,0,0,0,0,0,0,0,0,0,0,0,0,0
1,0,0,1,27,96,0,0,0,0,0,0,1,0,0,0,0,0,0,0,0,0,0
1,1,3,1,17,99,0,0,0,0,0,0,0,0,0,0,0,0,1,0,0,0,0
0,1,5,1,31,78,0,0,1,0,0,0,0,0,0,0,0,0,0,0,0,0,0
0,1,4,0,13,75,0,0,1,0,0,0,0,0,0,0,0,0,0,0,0,0,0
0,0,4,1,12,93,0,0,1,0,0,0,0,0,0,0,0,0,0,0,0,0,0
1,0,2,1,21,68,0,0,0,0,1,0,0,0,0,0,0,0,0,0,0,0,0
0,1,3,0,28,96,0,0,0,0,0,0,0,0,0,1,0,0,0,0,0,0,0
0,1,8,0,35,88,1,0,0,0,0,0,0,0,0,0,0,0,0,0,0,0,0
1,0,9,1,24,69,0,0,0,0,0,0,0,0,0,1,0,0,0,0,0,0,0
1,0,1,0,28,84,1,0,0,0,0,0,0,0,0,0,0,0,0,0,0,0,0
1,0,9,0,0,95,0,0,0,1,0,0,0,0,0,0,0,0,0,0,0,0,0
0,1,6,0,0,79,0,0,0,1,0,0,0,0,0,0,0,0,0,0,0,0,0
1,0,2,0,3,82,0,0,0,0,0,0,0,0,0,0,1,0,0,0,0,0,0
0,0,3,0,16,68,0,0,0,0,0,0,0,0,0,0,0,0,0,0,0,1,0
0,0,2,0,26,84,0,0,0,0,0,0,0,0,0,1,0,0,0,0,0,0,0
1,0,2,0,24,96,0,0,0,0,1,0,0,0,0,0,0,0,0,0,0,0,0
1,0,5,1,22,88,0,0,0,0,0,0,0,0,0,0,0,0,1,0,0,0,0
0,1,2,0,14,72,0,0,0,0,0,0,0,0,0,0,0,0,1,0,0,0,0
1,0,2,0,21,61,0,0,0,0,0,0,0,0,0,0,0,0,0,0,0,1,0
1,0,4,0,29,89,0,0,0,0,0,0,0,0,0,1,0,0,0,0,0,0,0
0,0,6,0,3,78,0,0,0,1,0,0,0,0,0,0,0,0,0,0,0,0,0
1,0,2,0,4,73,0,0,0,0,0,1,0,0,0,0,0,0,0,0,0,0,0
1,0,5,0,19,84,1,0,0,0,0,0,0,0,0,0,0,0,0,0,0,0,0
1,0,3,0,33,87,0,0,0,0,0,0,0,0,0,0,0,0,1,0,0,0,0
0,0,1,0,24,62,1,0,0,0,0,0,0,0,0,0,0,0,0,0,0,0,0
1,0,4,0,29,64,0,0,0,0,0,0,0,0,0,0,0,0,0,0,0,1,0
1,0,1,1,27,90,0,0,0,0,0,0,0,0,0,1,0,0,0,0,0,0,0
0,0,2,0,20,83,0,0,0,0,0,0,0,0,0,0,0,0,0,0,0,1,0
0,0,0,0,35,90,1,0,0,0,0,0,0,0,0,0,0,0,0,0,0,0,0
0,0,0,0,29,85,0,0,0,0,0,0,1,0,0,0,0,0,0,0,0,0,0
1,0,2,1,0,64,0,1,0,0,0,0,0,0,0,0,0,0,0,0,0,0,0
1,0,3,0,10,88,0,0,0,0,0,0,0,0,0,0,0,0,0,0,0,1,0
1,0,1,1,29,80,0,0,0,0,1,0,0,0,0,0,0,0,0,0,0,0,0
1,0,0,1,17,85,0,0,0,0,0,0,0,0,0,0,0,0,1,0,0,0,0
0,0,1,0,14,67,0,0,0,0,0,0,0,0,0,0,0,0,0,0,1,0,0
1,0,1,0,24,61,0,0,0,0,0,0,0,0,0,0,0,0,0,0,0,1,0
1,0,2,0,35,97,0,0,0,0,1,0,0,0,0,0,0,0,0,0,0,0,0
1,0,3,0,19,94,0,0,0,0,1,0,0,0,0,0,0,0,0,0,0,0,0
1,0,6,0,23,87,0,0,1,0,0,0,0,0,0,0,0,0,0,0,0,0,0
1,0,9,0,14,69,0,0,0,0,1,0,0,0,0,0,0,0,0,0,0,0,0
1,0,2,0,21,62,0,0,1,0,0,0,0,0,0,0,0,0,0,0,0,0,0
1,0,6,0,18,82,0,0,0,0,0,0,0,0,0,0,0,0,0,0,0,1,0
0,0,2,1,16,95,0,0,0,0,0,0,0,0,0,0,0,0,0,0,0,0,1
0,0,4,0,2,79,0,0,0,0,0,0,0,0,0,0,0,0,0,0,0,1,0
1,0,5,1,16,66,0,0,0,0,0,0,0,0,0,0,0,0,0,0,0,1,0
0,0,0,0,29,78,0,0,0,0,0,0,0,0,0,0,0,0,1,0,0,0,0
1,0,5,0,35,98,1,0,0,0,0,0,0,0,0,0,0,0,0,0,0,0,0
1,0,2,0,11,65,0,0,1,0,0,0,0,0,0,0,0,0,0,0,0,0,0
1,0,3,0,4,61,0,1,0,0,0,0,0,0,0,0,0,0,0,0,0,0,0
0,0,0,0,15,96,0,0,0,0,0,0,0,0,0,0,0,0,0,0,1,0,0
0,0,1,0,31,61,1,0,0,0,0,0,0,0,0,0,0,0,0,0,0,0,0
0,0,7,0,30,89,0,0,0,0,0,0,1,0,0,0,0,0,0,0,0,0,0
0,0,3,0,17,95,0,0,0,0,0,0,0,0,0,0,0,0,0,0,1,0,0
0,1,2,0,10,76,0,0,0,0,0,0,0,0,1,0,0,0,0,0,0,0,0
0,0,2,0,22,90,0,0,0,0,0,0,0,0,0,0,0,0,0,0,0,0,1
1,0,3,0,16,68,0,0,0,0,0,0,0,0,0,0,0,0,1,0,0,0,0
0,0,2,0,11,65,0,0,0,0,0,0,0,0,0,0,0,0,0,0,0,1,0
0,0,3,0,35,90,0,0,0,0,0,0,0,0,0,0,0,0,1,0,0,0,0
1,0,1,0,25,95,0,0,0,0,0,0,0,0,0,0,0,0,0,1,0,0,0
0,0,9,0,5,93,0,0,0,1,0,0,0,0,0,0,0,0,0,0,0,0,0
1,0,2,1,35,90,0,0,0,0,0,0,0,0,0,0,0,0,0,0,0,1,0
1,0,4,0,15,83,0,0,1,0,0,0,0,0,0,0,0,0,0,0,0,0,0
1,0,4,1,21,92,0,0,1,0,0,0,0,0,0,0,0,0,0,0,0,0,0
0,0,2,0,3,75,0,0,0,0,0,1,0,0,0,0,0,0,0,0,0,0,0
0,0,1,0,1,76,0,0,0,0,0,0,0,0,0,0,1,0,0,0,0,0,0
0,0,1,0,32,81,0,0,0,0,0,0,0,0,0,0,0,0,1,0,0,0,0
1,0,6,1,25,86,0,0,0,0,0,0,0,0,0,1,0,0,0,0,0,0,0
0,0,9,0,26,68,0,0,0,0,0,0,0,0,0,1,0,0,0,0,0,0,0
0,1,7,0,34,65,0,0,0,0,0,0,0,0,0,1,0,0,0,0,0,0,0
1,0,2,1,25,87,0,0,0,0,0,0,0,0,0,0,0,0,0,1,0,0,0
1,1,3,0,12,92,0,0,0,0,0,0,0,0,0,0,0,0,0,1,0,0,0
1,0,1,0,25,74,0,0,0,0,0,0,0,0,0,0,0,0,0,0,0,1,0
1,0,6,0,50,99,0,0,0,0,0,0,1,0,0,0,0,0,0,0,0,0,0
0,0,7,0,15,87,0,0,0,0,0,1,0,0,0,0,0,0,0,0,0,0,0
0,0,0,0,34,87,0,0,0,0,0,0,0,0,0,0,0,0,1,0,0,0,0
0,0,6,0,27,92,0,0,0,0,0,0,0,0,0,0,0,0,0,1,0,0,0
0,0,1,0,5,61,0,0,0,0,0,0,0,1,0,0,0,0,0,0,0,0,0
1,0,5,0,15,71,0,0,0,0,0,0,0,0,0,0,0,0,1,0,0,0,0
0,0,2,1,31,80,0,0,0,0,0,0,0,0,0,0,0,1,0,0,0,0,0
0,0,6,0,0,65,0,1,0,0,0,0,0,0,0,0,0,0,0,0,0,0,0
1,1,1,0,5,94,0,0,0,1,0,0,0,0,0,0,0,0,0,0,0,0,0
1,0,3,0,35,93,0,0,0,0,0,0,0,0,0,0,0,0,1,0,0,0,0
1,0,0,0,27,65,0,0,0,0,0,0,0,0,0,0,0,0,0,0,0,1,0
0,1,7,0,1,91,0,0,0,1,0,0,0,0,0,0,0,0,0,0,0,0,0
1,1,6,0,2,73,0,0,0,1,0,0,0,0,0,0,0,0,0,0,0,0,0
1,1,2,1,18,61,0,0,0,0,0,0,0,0,0,0,0,0,1,0,0,0,0
1,0,1,0,14,72,0,0,0,0,0,0,0,0,0,0,0,0,1,0,0,0,0
0,0,1,0,6,92,0,0,0,0,0,1,0,0,0,0,0,0,0,0,0,0,0
1,0,5,1,2,71,0,1,0,0,0,0,0,0,0,0,0,0,0,0,0,0,0
1,0,2,0,19,92,0,0,0,0,0,0,0,0,0,0,0,0,1,0,0,0,0
0,0,1,0,1,97,0,1,0,0,0,0,0,0,0,0,0,0,0,0,0,0,0
0,0,2,0,13,88,0,0,1,0,0,0,0,0,0,0,0,0,0,0,0,0,0
0,1,8,0,3,93,0,0,0,1,0,0,0,0,0,0,0,0,0,0,0,0,0
1,0,2,0,21,89,0,0,1,0,0,0,0,0,0,0,0,0,0,0,0,0,0
0,1,2,0,29,94,0,0,0,0,0,1,0,0,0,0,0,0,0,0,0,0,0
0,0,0,1,11,81,0,0,0,0,0,0,0,0,1,0,0,0,0,0,0,0,0
1,0,3,0,23,93,0,0,0,0,0,0,1,0,0,0,0,0,0,0,0,0,0
1,1,2,0,30,92,0,0,0,0,0,0,0,0,0,0,0,0,1,0,0,0,0
0,0,1,0,13,89,1,0,0,0,0,0,0,0,0,0,0,0,0,0,0,0,0
1,0,4,0,19,99,0,0,0,0,1,0,0,0,0,0,0,0,0,0,0,0,0
0,0,5,0,33,70,0,0,0,0,0,0,0,0,0,0,0,0,1,0,0,0,0
1,0,2,0,21,77,0,0,0,0,0,0,0,0,0,0,0,0,1,0,0,0,0
0,0,7,0,31,83,0,0,0,0,0,0,0,0,0,0,0,1,0,0,0,0,0
1,0,6,0,3,65,0,0,0,1,0,0,0,0,0,0,0,0,0,0,0,0,0
0,1,7,0,3,59,0,0,0,1,0,0,0,0,0,0,0,0,0,0,0,0,0
1,1,0,0,30,77,0,0,0,0,0,0,0,0,0,0,0,0,0,0,0,1,0
0,1,5,1,1,100,0,0,0,1,0,0,0,0,0,0,0,0,0,0,0,0,0
0,0,0,1,8,91,0,0,0,0,0,0,0,0,0,0,0,0,0,0,0,1,0
1,0,2,0,29,96,0,0,0,0,0,0,0,0,0,0,0,0,1,0,0,0,0
0,0,2,0,18,70,1,0,0,0,0,0,0,0,0,0,0,0,0,0,0,0,0
0,0,6,1,4,83,0,0,0,0,0,0,0,1,0,0,0,0,0,0,0,0,0
0,0,1,0,10,65,0,0,0,0,0,0,0,0,0,0,0,0,0,0,0,1,0
0,0,2,0,32,60,0,0,1,0,0,0,0,0,0,0,0,0,0,0,0,0,0
0,0,1,0,32,96,0,0,0,0,0,0,0,0,0,1,0,0,0,0,0,0,0
1,0,2,1,16,71,0,0,0,0,0,0,0,0,0,0,0,0,1,0,0,0,0
1,0,6,0,35,95,0,0,0,0,0,0,0,0,0,0,0,0,0,0,0,1,0
0,0,8,0,2,83,0,0,0,1,0,0,0,0,0,0,0,0,0,0,0,0,0
0,0,3,0,27,63,0,0,0,0,0,0,0,0,0,0,0,0,0,0,0,1,0
1,0,3,0,28,85,0,0,0,0,0,0,0,0,0,0,0,0,1,0,0,0,0
1,0,2,0,2,60,0,0,0,0,0,0,0,0,0,0,1,0,0,0,0,0,0
1,0,3,0,42,95,0,0,0,0,0,0,1,0,0,0,0,0,0,0,0,0,0
1,0,7,0,31,93,0,0,1,0,0,0,0,0,0,0,0,0,0,0,0,0,0
1,0,3,0,15,97,1,0,0,0,0,0,0,0,0,0,0,0,0,0,0,0,0
1,0,7,0,1,57,0,0,0,1,0,0,0,0,0,0,0,0,0,0,0,0,0
0,0,5,0,10,93,0,0,0,0,0,0,0,0,0,0,0,0,0,0,1,0,0
0,0,5,0,40,91,0,0,0,0,0,0,1,0,0,0,0,0,0,0,0,0,0
1,0,8,0,40,92,0,0,0,0,0,0,1,0,0,0,0,0,0,0,0,0,0
0,0,0,0,8,65,0,0,0,0,0,0,0,0,0,0,1,0,0,0,0,0,0
0,0,2,0,22,89,0,0,0,0,0,0,0,0,0,0,0,0,0,0,0,1,0
0,0,3,0,21,80,0,0,0,0,0,0,0,0,0,0,0,0,0,0,0,1,0
1,0,7,0,31,97,0,0,0,0,0,0,0,0,0,1,0,0,0,0,0,0,0
1,0,1,0,10,94,0,0,0,0,0,0,0,0,1,0,0,0,0,0,0,0,0
0,0,3,1,35,100,0,0,1,0,0,0,0,0,0,0,0,0,0,0,0,0,0
1,0,3,0,14,92,0,0,1,0,0,0,0,0,0,0,0,0,0,0,0,0,0
1,0,2,0,7,68,0,0,0,0,0,0,0,0,1,0,0,0,0,0,0,0,0
1,0,5,0,4,99,0,0,0,1,0,0,0,0,0,0,0,0,0,0,0,0,0
0,0,4,1,14,85,0,0,0,0,0,0,0,0,0,0,0,0,0,0,1,0,0
0,0,1,1,29,77,0,0,0,0,0,0,0,0,0,0,0,0,1,0,0,0,0
0,1,3,0,20,77,1,0,0,0,0,0,0,0,0,0,0,0,0,0,0,0,0
0,0,3,1,24,62,0,0,0,0,0,0,0,0,0,0,0,0,1,0,0,0,0
0,0,3,1,27,62,0,0,0,0,0,0,0,0,0,0,0,0,1,0,0,0,0
0,0,3,0,31,62,0,0,0,0,0,0,0,0,0,0,0,0,1,0,0,0,0
0,0,4,0,27,93,0,0,0,0,0,0,0,0,0,1,0,0,0,0,0,0,0
1,0,2,0,23,73,0,0,0,0,0,0,0,0,0,0,0,0,0,0,0,1,0
0,0,2,0,35,95,0,0,0,0,0,0,0,0,0,0,0,1,0,0,0,0,0
1,0,1,1,33,85,0,0,0,0,0,0,0,0,0,0,0,0,0,0,0,1,0
1,0,5,1,11,95,0,0,1,0,0,0,0,0,0,0,0,0,0,0,0,0,0
0,0,9,0,10,85,0,0,1,0,0,0,0,0,0,0,0,0,0,0,0,0,0
1,1,6,0,3,75,0,0,0,1,0,0,0,0,0,0,0,0,0,0,0,0,0
1,0,3,0,5,90,0,0,0,0,0,0,0,0,0,0,1,0,0,0,0,0,0
1,0,5,0,34,83,0,0,0,0,0,0,0,0,0,0,0,0,1,0,0,0,0
0,0,7,0,15,85,1,0,0,0,0,0,0,0,0,0,0,0,0,0,0,0,0
0,0,1,0,20,85,0,0,0,0,0,0,0,0,0,0,0,0,1,0,0,0,0
1,0,1,0,3,76,0,0,0,0,0,0,0,0,1,0,0,0,0,0,0,0,0
1,1,2,1,2,50,0,0,0,1,0,0,0,0,0,0,0,0,0,0,0,0,0
0,0,1,0,27,94,0,0,1,0,0,0,0,0,0,0,0,0,0,0,0,0,0
1,1,0,0,29,64,0,0,0,0,0,0,0,0,0,0,0,0,1,0,0,0,0
0,0,1,1,2,70,0,1,0,0,0,0,0,0,0,0,0,0,0,0,0,0,0
0,0,5,0,9,91,0,0,0,0,0,1,0,0,0,0,0,0,0,0,0,0,0
1,0,7,0,14,94,0,0,0,0,1,0,0,0,0,0,0,0,0,0,0,0,0
1,0,8,0,25,90,0,0,0,0,0,0,1,0,0,0,0,0,0,0,0,0,0
1,0,1,1,9,96,0,0,0,0,0,0,0,0,0,0,0,0,0,0,0,1,0
1,1,9,0,2,57,0,0,0,1,0,0,0,0,0,0,0,0,0,0,0,0,0
1,0,5,0,31,73,0,0,0,0,0,0,0,0,0,1,0,0,0,0,0,0,0
1,0,5,0,3,87,0,0,0,0,0,1,0,0,0,0,0,0,0,0,0,0,0
0,0,5,0,12,70,0,0,0,0,0,1,0,0,0,0,0,0,0,0,0,0,0
1,0,5,0,5,58,0,0,0,1,0,0,0,0,0,0,0,0,0,0,0,0,0
1,0,2,0,4,77,0,0,0,0,0,0,0,1,0,0,0,0,0,0,0,0,0
1,0,2,0,25,70,0,0,0,0,0,0,0,0,0,0,0,0,0,0,0,1,0
1,0,1,0,33,79,0,0,0,0,0,0,0,0,0,0,0,0,0,0,0,1,0
1,1,1,0,24,71,0,0,0,0,0,0,0,0,0,0,0,0,0,0,0,1,0
0,0,3,0,0,60,0,1,0,0,0,0,0,0,0,0,0,0,0,0,0,0,0
1,1,6,0,0,97,0,0,0,1,0,0,0,0,0,0,0,0,0,0,0,0,0
0,0,2,0,3,84,0,0,0,0,0,0,0,0,1,0,0,0,0,0,0,0,0
1,0,2,0,26,90,0,0,0,0,0,0,0,0,0,1,0,0,0,0,0,0,0
1,0,7,0,31,68,0,0,0,0,1,0,0,0,0,0,0,0,0,0,0,0,0
0,0,4,0,20,83,0,0,0,0,0,0,0,0,0,0,0,0,1,0,0,0,0
0,0,1,0,9,67,0,0,0,0,0,0,0,0,0,0,0,0,0,0,0,1,0
1,1,1,1,4,95,0,0,0,1,0,0,0,0,0,0,0,0,0,0,0,0,0
1,0,3,1,2,97,0,0,0,0,0,0,0,0,0,0,1,0,0,0,0,0,0
0,0,5,0,32,82,0,0,0,0,0,0,0,0,0,0,0,0,1,0,0,0,0
1,1,7,0,2,87,0,0,0,1,0,0,0,0,0,0,0,0,0,0,0,0,0
0,1,1,0,2,98,0,0,0,0,0,0,0,1,0,0,0,0,0,0,0,0,0
0,0,6,0,19,69,0,0,1,0,0,0,0,0,0,0,0,0,0,0,0,0,0
1,0,4,0,12,64,1,0,0,0,0,0,0,0,0,0,0,0,0,0,0,0,0
0,0,4,0,22,93,1,0,0,0,0,0,0,0,0,0,0,0,0,0,0,0,0
1,1,7,0,1,62,0,0,0,1,0,0,0,0,0,0,0,0,0,0,0,0,0
1,0,0,0,21,93,0,0,0,0,0,0,0,0,0,0,0,0,1,0,0,0,0
0,1,4,0,5,59,0,0,0,1,0,0,0,0,0,0,0,0,0,0,0,0,0
0,0,3,1,5,68,0,0,0,0,0,0,0,0,0,0,1,0,0,0,0,0,0
0,0,2,0,8,82,0,0,0,0,0,0,0,0,0,0,0,0,0,0,0,1,0
1,0,4,0,25,74,0,0,0,0,0,0,0,0,0,0,0,0,1,0,0,0,0
1,0,5,0,34,84,0,0,0,0,0,0,0,0,0,0,0,1,0,0,0,0,0
1,0,3,0,0,73,0,0,0,0,0,0,0,0,0,0,1,0,0,0,0,0,0
0,0,0,0,34,97,0,0,0,0,0,0,0,0,0,0,0,0,1,0,0,0,0
1,0,2,0,31,63,0,0,0,0,0,0,0,0,0,1,0,0,0,0,0,0,0
0,1,7,0,1,96,0,0,0,1,0,0,0,0,0,0,0,0,0,0,0,0,0
0,0,1,1,28,96,0,0,0,0,0,0,0,0,0,1,0,0,0,0,0,0,0
1,1,4,0,5,71,0,0,0,1,0,0,0,0,0,0,0,0,0,0,0,0,0
0,0,1,0,26,67,0,0,0,0,0,0,0,0,0,0,0,0,1,0,0,0,0
1,0,1,0,21,65,0,0,0,0,0,0,0,0,0,0,0,0,0,0,0,1,0
1,0,4,0,22,84,0,0,0,0,0,0,0,0,0,0,0,0,1,0,0,0,0
0,0,3,0,30,74,0,0,0,0,0,0,0,0,0,0,0,0,0,0,0,1,0
0,1,7,0,2,54,0,0,0,1,0,0,0,0,0,0,0,0,0,0,0,0,0
1,0,5,0,24,64,0,0,0,0,0,0,0,0,0,0,0,0,1,0,0,0,0
1,0,1,0,24,92,0,0,0,0,0,0,0,0,0,0,0,0,1,0,0,0,0
1,0,5,0,3,73,0,0,0,0,0,0,0,0,1,0,0,0,0,0,0,0,0
1,1,6,1,4,60,0,0,0,1,0,0,0,0,0,0,0,0,0,0,0,0,0
0,0,5,0,42,93,0,0,0,0,0,0,1,0,0,0,0,0,0,0,0,0,0
0,0,6,0,24,91,1,0,0,0,0,0,0,0,0,0,0,0,0,0,0,0,0
0,0,1,0,0,92,0,0,0,0,0,0,0,0,0,0,1,0,0,0,0,0,0
0,0,3,0,4,86,0,0,0,0,0,0,0,0,0,0,1,0,0,0,0,0,0
0,0,3,0,25,82,0,0,0,0,0,0,0,0,0,0,0,0,1,0,0,0,0
0,1,1,1,1,63,0,1,0,0,0,0,0,0,0,0,0,0,0,0,0,0,0
1,0,5,0,35,98,0,0,0,0,0,0,0,0,0,1,0,0,0,0,0,0,0
1,0,7,0,20,77,0,0,0,0,0,0,0,0,0,0,0,0,1,0,0,0,0
0,0,7,0,11,65,0,0,0,0,0,0,0,0,0,0,0,0,0,0,0,1,0
1,1,3,0,21,83,0,0,0,0,0,0,0,0,0,0,0,0,0,0,0,1,0
1,1,9,0,1,51,0,0,0,1,0,0,0,0,0,0,0,0,0,0,0,0,0
0,0,3,0,15,70,0,0,0,0,0,0,0,0,0,0,0,0,1,0,0,0,0
1,0,1,0,33,93,0,0,0,0,0,0,0,0,0,0,0,0,1,0,0,0,0
1,0,2,1,24,68,0,0,0,0,0,0,0,0,0,0,0,0,1,0,0,0,0
0,0,1,0,13,73,0,0,1,0,0,0,0,0,0,0,0,0,0,0,0,0,0
1,1,6,0,5,72,0,0,0,1,0,0,0,0,0,0,0,0,0,0,0,0,0
1,0,1,1,12,68,0,0,0,0,0,0,0,0,1,0,0,0,0,0,0,0,0
1,0,4,1,8,97,0,0,0,0,0,0,0,0,0,0,1,0,0,0,0,0,0
0,0,2,0,8,95,0,0,0,0,0,0,0,0,0,0,0,0,0,0,1,0,0
1,0,5,0,8,64,0,0,0,0,0,0,0,0,0,0,1,0,0,0,0,0,0
0,1,4,1,0,85,0,0,0,1,0,0,0,0,0,0,0,0,0,0,0,0,0
0,0,5,0,14,82,0,0,0,0,0,1,0,0,0,0,0,0,0,0,0,0,0
0,1,4,1,3,68,0,0,0,1,0,0,0,0,0,0,0,0,0,0,0,0,0
1,0,2,0,19,65,0,0,0,0,0,0,0,0,0,0,0,0,0,1,0,0,0
1,0,4,0,29,61,0,0,0,0,0,0,0,0,0,0,0,0,0,0,0,1,0
0,1,7,1,0,85,0,0,0,1,0,0,0,0,0,0,0,0,0,0,0,0,0
1,0,7,0,5,93,0,0,0,0,0,0,0,0,0,0,1,0,0,0,0,0,0
0,0,6,0,4,52,0,0,0,1,0,0,0,0,0,0,0,0,0,0,0,0,0
0,0,7,0,1,98,0,0,0,1,0,0,0,0,0,0,0,0,0,0,0,0,0
1,0,8,1,12,96,0,0,0,0,0,0,0,0,0,0,0,0,0,1,0,0,0
0,0,3,0,27,95,0,0,0,0,0,0,0,0,0,0,0,0,1,0,0,0,0
0,0,4,1,12,93,0,0,1,0,0,0,0,0,0,0,0,0,0,0,0,0,0
1,0,3,0,21,75,0,0,1,0,0,0,0,0,0,0,0,0,0,0,0,0,0
0,0,9,0,15,84,0,0,0,0,0,0,0,0,0,0,0,0,0,0,1,0,0
0,0,3,0,26,88,0,0,0,0,0,0,0,0,0,0,0,0,1,0,0,0,0
0,0,1,0,31,94,0,0,0,0,0,0,0,0,0,1,0,0,0,0,0,0,0
1,0,9,0,31,97,0,0,0,0,0,0,0,0,0,0,0,1,0,0,0,0,0
1,0,3,0,3,84,0,0,0,0,0,0,0,0,0,0,0,0,0,0,0,1,0
0,0,8,0,16,97,0,0,0,0,0,0,0,0,0,0,0,0,1,0,0,0,0
1,0,5,0,29,62,0,0,0,0,0,0,0,0,0,1,0,0,0,0,0,0,0
1,0,4,0,31,63,0,0,0,0,0,0,0,0,0,0,0,0,1,0,0,0,0
1,0,1,0,46,96,0,0,0,0,0,0,1,0,0,0,0,0,0,0,0,0,0
0,0,1,0,24,97,0,0,0,0,0,0,0,0,0,0,0,0,1,0,0,0,0
0,0,2,0,2,78,0,0,0,0,0,0,0,0,0,0,1,0,0,0,0,0,0
0,0,3,0,9,82,0,0,0,0,0,0,0,0,0,0,0,0,0,0,1,0,0
0,1,7,0,0,72,0,0,0,1,0,0,0,0,0,0,0,0,0,0,0,0,0
1,0,8,0,4,68,0,0,0,1,0,0,0,0,0,0,0,0,0,0,0,0,0
0,0,6,0,4,63,0,0,0,1,0,0,0,0,0,0,0,0,0,0,0,0,0
1,0,4,0,34,74,0,0,0,0,0,0,0,0,0,0,0,0,1,0,0,0,0
1,0,2,0,34,78,0,0,0,0,0,0,0,0,0,0,0,0,0,0,0,1,0
1,0,5,0,32,72,0,0,0,0,0,0,0,0,0,0,0,0,1,0,0,0,0
0,1,4,0,23,81,0,0,0,0,0,0,0,0,0,0,0,0,1,0,0,0,0
1,0,2,1,20,91,0,0,0,0,0,0,0,0,0,0,0,0,1,0,0,0,0
0,0,1,0,5,68,0,1,0,0,0,0,0,0,0,0,0,0,0,0,0,0,0
0,0,5,1,15,77,0,0,0,0,0,0,0,0,0,0,0,0,1,0,0,0,0
1,0,3,0,21,67,0,0,0,0,0,1,0,0,0,0,0,0,0,0,0,0,0
1,0,1,0,30,92,0,0,0,0,0,0,0,0,0,0,0,0,1,0,0,0,0
1,0,3,1,15,74,1,0,0,0,0,0,0,0,0,0,0,0,0,0,0,0,0
1,0,6,1,18,82,0,0,1,0,0,0,0,0,0,0,0,0,0,0,0,0,0
1,0,3,0,24,67,1,0,0,0,0,0,0,0,0,0,0,0,0,0,0,0,0
1,0,3,0,15,93,0,0,1,0,0,0,0,0,0,0,0,0,0,0,0,0,0
0,0,3,0,2,73,0,1,0,0,0,0,0,0,0,0,0,0,0,0,0,0,0
0,0,6,0,14,88,0,0,0,0,0,0,0,0,0,0,0,0,1,0,0,0,0
1,0,1,0,5,88,0,0,0,1,0,0,0,0,0,0,0,0,0,0,0,0,0
0,0,5,0,0,73,0,0,0,0,0,0,0,0,0,0,1,0,0,0,0,0,0
0,0,1,0,10,86,0,0,0,0,0,0,0,0,0,0,1,0,0,0,0,0,0
0,1,5,0,2,52,0,0,0,1,0,0,0,0,0,0,0,0,0,0,0,0,0
1,0,3,0,30,72,0,0,0,0,0,0,0,0,0,1,0,0,0,0,0,0,0
0,0,7,0,28,94,0,0,0,0,0,0,1,0,0,0,0,0,0,0,0,0,0
0,0,0,1,29,61,0,0,0,0,0,0,0,0,0,1,0,0,0,0,0,0,0
0,0,0,0,35,89,0,0,0,0,0,0,0,0,0,0,0,0,1,0,0,0,0
0,0,1,0,12,60,0,0,1,0,0,0,0,0,0,0,0,0,0,0,0,0,0
1,1,3,0,32,67,0,0,0,0,0,0,0,0,0,0,0,0,0,1,0,0,0
1,0,2,0,27,67,1,0,0,0,0,0,0,0,0,0,0,0,0,0,0,0,0
0,0,4,0,25,92,0,0,0,0,0,0,0,0,0,0,0,0,0,0,0,1,0
1,0,3,0,2,81,0,0,0,0,0,0,0,1,0,0,0,0,0,0,0,0,0
0,0,2,0,24,78,0,0,1,0,0,0,0,0,0,0,0,0,0,0,0,0,0
0,0,4,0,16,76,1,0,0,0,0,0,0,0,0,0,0,0,0,0,0,0,0
1,0,7,1,1,66,0,1,0,0,0,0,0,0,0,0,0,0,0,0,0,0,0
1,0,0,0,2,63,0,0,0,0,0,0,0,1,0,0,0,0,0,0,0,0,0
0,0,1,0,35,100,0,0,0,0,0,0,0,0,0,0,0,0,0,0,0,0,1
0,0,0,0,5,90,0,0,0,0,0,0,0,0,0,0,0,0,0,0,0,1,0
0,0,4,0,14,80,1,0,0,0,0,0,0,0,0,0,0,0,0,0,0,0,0
0,0,2,0,26,96,0,0,0,0,0,0,0,0,0,0,0,0,0,0,0,1,0
1,0,3,0,41,96,0,0,0,0,0,0,1,0,0,0,0,0,0,0,0,0,0
0,0,2,1,6,88,0,0,0,0,0,0,0,0,0,0,0,0,0,0,0,1,0
1,0,3,0,35,93,0,0,0,0,0,0,0,0,0,0,0,0,1,0,0,0,0
1,0,0,1,30,65,0,0,0,0,1,0,0,0,0,0,0,0,0,0,0,0,0
1,0,2,1,12,86,0,0,1,0,0,0,0,0,0,0,0,0,0,0,0,0,0
0,0,2,0,29,66,0,0,0,0,0,0,0,0,0,0,0,0,1,0,0,0,0
0,1,9,1,4,93,0,0,0,1,0,0,0,0,0,0,0,0,0,0,0,0,0
0,1,2,0,0,89,0,1,0,0,0,0,0,0,0,0,0,0,0,0,0,0,0
1,0,3,0,17,60,0,0,0,0,0,0,0,0,0,0,0,0,1,0,0,0,0
0,0,1,1,20,76,0,0,0,0,0,0,0,0,0,0,0,0,1,0,0,0,0
0,0,2,0,35,88,0,0,0,0,0,0,0,0,0,0,0,1,0,0,0,0,0
1,0,2,0,26,88,0,0,0,0,0,0,0,0,0,0,0,0,1,0,0,0,0
0,0,3,1,24,81,0,0,0,0,0,0,0,0,0,0,0,0,0,0,0,1,0
0,1,6,0,0,79,0,0,0,1,0,0,0,0,0,0,0,0,0,0,0,0,0
1,0,7,0,32,96,0,0,0,0,1,0,0,0,0,0,0,0,0,0,0,0,0
1,0,4,1,4,61,0,0,0,0,0,0,0,0,0,0,1,0,0,0,0,0,0
1,0,3,0,34,86,0,0,0,0,0,0,0,0,0,0,0,1,0,0,0,0,0
0,1,3,0,29,71,0,0,0,0,0,0,0,0,0,0,0,0,1,0,0,0,0
1,0,2,1,35,97,0,0,0,0,0,0,0,0,0,0,0,0,0,0,0,1,0
0,0,5,0,23,84,0,0,0,0,0,0,0,0,0,0,0,0,1,0,0,0,0
1,1,8,0,5,59,0,0,0,1,0,0,0,0,0,0,0,0,0,0,0,0,0
0,0,0,0,1,84,0,0,0,0,0,0,0,1,0,0,0,0,0,0,0,0,0
1,0,1,0,31,76,0,0,1,0,0,0,0,0,0,0,0,0,0,0,0,0,0
0,0,1,1,14,70,0,0,0,0,0,0,0,0,0,0,0,0,0,0,0,1,0
1,0,6,0,3,91,0,0,0,1,0,0,0,0,0,0,0,0,0,0,0,0,0
1,1,2,0,18,69,0,0,0,0,0,0,0,0,0,0,0,0,1,0,0,0,0
1,0,1,1,47,85,0,0,0,0,0,0,1,0,0,0,0,0,0,0,0,0,0
0,0,2,0,4,63,0,0,0,0,0,0,0,1,0,0,0,0,0,0,0,0,0
1,1,1,1,32,67,0,0,0,0,0,0,0,0,0,0,0,0,1,0,0,0,0
1,0,3,1,20,98,1,0,0,0,0,0,0,0,0,0,0,0,0,0,0,0,0
0,1,6,0,3,80,0,0,0,1,0,0,0,0,0,0,0,0,0,0,0,0,0
1,1,5,0,19,74,0,0,0,0,0,0,0,0,0,0,0,0,1,0,0,0,0
1,0,1,1,5,84,0,0,0,0,0,0,0,0,0,0,1,0,0,0,0,0,0
1,0,3,0,22,94,0,0,0,0,0,0,0,0,0,0,0,0,1,0,0,0,0
0,0,9,0,3,89,0,0,0,1,0,0,0,0,0,0,0,0,0,0,0,0,0
0,0,3,0,33,100,0,0,0,0,0,0,0,0,0,0,0,1,0,0,0,0,0
1,0,0,0,13,85,0,0,0,0,1,0,0,0,0,0,0,0,0,0,0,0,0
1,0,0,0,19,62,0,0,0,0,0,0,0,0,0,0,0,0,0,0,0,1,0
0,0,2,1,10,74,0,0,0,0,0,0,0,0,0,0,1,0,0,0,0,0,0
0,1,2,0,29,60,0,0,0,0,0,0,0,0,0,0,0,0,0,0,0,1,0
1,0,3,1,31,92,0,0,0,0,0,0,0,0,0,1,0,0,0,0,0,0,0
1,0,3,1,3,81,0,0,0,0,0,0,0,1,0,0,0,0,0,0,0,0,0
0,0,0,1,29,77,0,0,1,0,0,0,0,0,0,0,0,0,0,0,0,0,0
1,1,3,0,34,65,0,0,0,0,0,0,0,0,0,0,0,0,0,0,0,1,0
1,0,3,0,34,67,0,0,0,0,0,1,0,0,0,0,0,0,0,0,0,0,0
1,0,2,0,30,84,0,0,0,0,0,0,0,0,0,0,0,0,1,0,0,0,0
0,0,3,0,18,73,0,0,0,0,0,0,0,0,0,0,0,0,0,0,0,1,0
1,0,3,0,32,72,1,0,0,0,0,0,0,0,0,0,0,0,0,0,0,0,0
1,0,1,0,31,96,0,0,0,0,0,0,0,0,0,0,0,0,1,0,0,0,0
1,0,7,0,3,88,0,0,0,0,0,0,0,1,0,0,0,0,0,0,0,0,0
0,0,3,1,5,64,0,1,0,0,0,0,0,0,0,0,0,0,0,0,0,0,0
1,0,3,1,24,68,0,0,0,0,1,0,0,0,0,0,0,0,0,0,0,0,0
0,0,4,0,27,90,1,0,0,0,0,0,0,0,0,0,0,0,0,0,0,0,0
1,0,1,1,21,89,0,0,0,0,0,0,0,0,0,0,0,0,1,0,0,0,0
0,0,4,0,32,61,0,0,1,0,0,0,0,0,0,0,0,0,0,0,0,0,0
0,1,7,0,5,65,0,0,0,1,0,0,0,0,0,0,0,0,0,0,0,0,0
0,0,7,0,7,77,0,0,0,0,0,0,0,0,0,0,0,0,0,0,0,1,0
1,1,8,0,1,82,0,0,0,1,0,0,0,0,0,0,0,0,0,0,0,0,0
0,0,3,0,22,72,0,0,1,0,0,0,0,0,0,0,0,0,0,0,0,0,0
1,0,5,1,15,65,1,0,0,0,0,0,0,0,0,0,0,0,0,0,0,0,0
1,0,1,0,12,63,0,0,0,0,0,0,0,0,1,0,0,0,0,0,0,0,0
1,0,3,1,21,65,0,0,0,0,0,0,0,0,0,0,0,0,0,0,0,1,0
1,1,5,0,24,87,0,0,0,0,0,0,0,0,0,0,0,0,0,1,0,0,0
0,0,7,0,18,67,1,0,0,0,0,0,0,0,0,0,0,0,0,0,0,0,0
0,0,6,0,4,87,0,0,0,0,0,0,0,0,1,0,0,0,0,0,0,0,0
1,1,6,0,5,57,0,0,0,1,0,0,0,0,0,0,0,0,0,0,0,0,0
0,1,7,0,32,76,0,0,0,0,0,0,0,0,0,0,0,0,0,0,0,0,1
1,0,8,1,0,76,0,1,0,0,0,0,0,0,0,0,0,0,0,0,0,0,0
0,0,2,0,34,83,0,0,0,0,0,0,0,0,0,0,0,1,0,0,0,0,0
0,0,5,0,28,78,0,0,0,0,0,0,0,0,0,1,0,0,0,0,0,0,0
1,1,1,1,30,89,0,0,0,0,0,0,1,0,0,0,0,0,0,0,0,0,0
1,0,8,0,31,98,0,0,0,0,0,0,0,0,0,1,0,0,0,0,0,0,0
1,0,3,1,33,84,0,0,0,0,0,0,0,0,0,0,0,0,1,0,0,0,0
0,0,2,0,28,98,0,0,1,0,0,0,0,0,0,0,0,0,0,0,0,0,0
1,0,2,0,31,63,0,0,1,0,0,0,0,0,0,0,0,0,0,0,0,0,0
1,1,3,0,7,88,0,0,0,0,0,0,0,0,1,0,0,0,0,0,0,0,0
0,0,6,0,28,60,0,0,0,0,0,0,0,0,0,1,0,0,0,0,0,0,0
0,0,4,1,44,99,0,0,0,0,0,0,1,0,0,0,0,0,0,0,0,0,0
0,1,0,0,13,90,0,0,0,0,0,0,0,0,0,0,0,0,0,0,0,1,0
1,0,2,0,15,82,0,0,1,0,0,0,0,0,0,0,0,0,0,0,0,0,0
0,0,3,0,16,83,1,0,0,0,0,0,0,0,0,0,0,0,0,0,0,0,0
0,0,1,0,18,69,0,0,1,0,0,0,0,0,0,0,0,0,0,0,0,0,0
0,0,1,0,28,70,0,0,0,0,0,0,0,0,0,0,0,0,0,0,0,1,0
0,0,5,0,29,72,0,0,0,0,0,0,0,0,0,1,0,0,0,0,0,0,0
0,0,8,0,30,75,0,0,0,0,0,0,0,0,0,1,0,0,0,0,0,0,0
0,0,1,1,32,68,0,0,0,0,0,0,0,0,0,0,0,0,1,0,0,0,0
0,0,0,0,19,96,0,0,0,0,0,0,0,0,0,0,0,0,1,0,0,0,0
0,0,2,0,18,93,0,0,0,0,0,0,0,0,0,0,0,0,1,0,0,0,0
0,0,5,0,23,99,0,0,0,0,0,0,1,0,0,0,0,0,0,0,0,0,0
1,0,7,0,16,61,0,0,1,0,0,0,0,0,0,0,0,0,0,0,0,0,0
0,1,8,0,1,83,0,0,0,1,0,0,0,0,0,0,0,0,0,0,0,0,0
1,1,1,0,35,92,0,0,0,0,0,0,0,0,0,0,0,1,0,0,0,0,0
1,0,3,0,32,80,0,0,0,0,0,0,0,0,0,0,0,0,0,0,0,1,0
1,0,0,0,31,94,0,0,0,0,0,0,0,0,0,0,0,0,0,0,0,1,0
1,0,3,0,24,60,0,0,1,0,0,0,0,0,0,0,0,0,0,0,0,0,0
0,0,4,0,13,82,1,0,0,0,0,0,0,0,0,0,0,0,0,0,0,0,0
1,0,1,0,4,82,0,0,0,0,0,0,0,0,0,0,0,0,0,0,0,1,0
0,0,1,0,1,78,0,0,0,1,0,0,0,0,0,0,0,0,0,0,0,0,0
0,0,5,0,27,82,0,0,0,0,0,0,0,0,0,0,0,0,0,0,0,1,0
0,1,7,0,4,53,0,0,0,1,0,0,0,0,0,0,0,0,0,0,0,0,0
1,0,7,0,8,75,0,0,0,0,0,0,0,0,0,0,0,0,0,1,0,0,0
1,0,1,1,35,91,0,0,0,0,0,0,0,0,0,0,0,1,0,0,0,0,0
1,0,2,1,7,76,0,0,0,0,0,0,0,0,0,0,1,0,0,0,0,0,0
0,0,9,0,4,79,0,0,0,1,0,0,0,0,0,0,0,0,0,0,0,0,0
1,0,2,0,25,69,0,0,0,0,0,0,0,0,0,0,0,0,0,0,0,1,0
1,0,2,0,28,81,0,0,0,0,0,0,0,0,0,0,0,0,1,0,0,0,0
1,0,4,0,19,95,0,0,0,0,0,0,0,0,0,0,0,0,0,1,0,0,0
1,0,2,0,16,98,0,0,0,0,0,0,0,0,0,0,0,0,1,0,0,0,0
0,0,3,0,6,89,0,0,0,0,0,0,0,0,0,0,0,0,0,0,0,1,0
0,1,5,0,4,81,0,0,0,1,0,0,0,0,0,0,0,0,0,0,0,0,0
1,0,9,0,34,60,0,0,0,0,0,0,0,0,0,1,0,0,0,0,0,0,0
1,1,3,0,31,66,0,0,0,0,0,0,0,0,0,1,0,0,0,0,0,0,0
1,0,2,0,27,67,0,0,0,0,0,0,0,0,0,0,0,0,1,0,0,0,0
0,0,4,0,22,94,0,0,0,0,0,0,0,0,0,0,0,0,1,0,0,0,0
0,0,3,1,25,64,0,0,1,0,0,0,0,0,0,0,0,0,0,0,0,0,0
0,0,3,0,19,62,1,0,0,0,0,0,0,0,0,0,0,0,0,0,0,0,0
1,0,1,0,28,62,0,0,0,0,0,0,0,0,0,1,0,0,0,0,0,0,0
1,1,3,1,34,84,0,0,0,0,0,0,0,0,0,0,0,1,0,0,0,0,0
1,1,1,0,34,76,0,0,0,0,0,0,0,0,0,1,0,0,0,0,0,0,0
1,0,7,0,34,62,0,0,1,0,0,0,0,0,0,0,0,0,0,0,0,0,0
0,0,0,0,19,97,0,0,0,0,0,0,0,0,0,0,0,0,1,0,0,0,0
1,0,0,0,13,63,1,0,0,0,0,0,0,0,0,0,0,0,0,0,0,0,0
1,0,3,0,18,72,1,0,0,0,0,0,0,0,0,0,0,0,0,0,0,0,0
0,0,5,0,1,85,0,0,0,0,0,0,0,1,0,0,0,0,0,0,0,0,0
1,0,1,0,29,79,0,0,0,0,0,0,0,0,0,0,0,0,0,0,0,1,0
1,0,5,0,34,72,0,0,0,0,0,0,0,0,0,0,0,0,1,0,0,0,0
0,0,1,0,31,91,0,0,0,0,0,0,0,0,0,0,0,1,0,0,0,0,0
1,0,2,0,14,96,1,0,0,0,0,0,0,0,0,0,0,0,0,0,0,0,0
0,0,6,1,32,100,0,0,0,0,0,0,0,0,0,1,0,0,0,0,0,0,0
0,0,5,0,33,63,0,0,0,0,0,0,0,0,0,0,0,0,1,0,0,0,0
1,0,1,0,32,94,0,0,0,0,0,0,0,0,0,0,0,1,0,0,0,0,0
0,0,0,0,11,79,0,0,0,0,0,0,0,0,0,0,0,0,0,0,1,0,0
1,0,0,0,12,96,0,0,1,0,0,0,0,0,0,0,0,0,0,0,0,0,0
1,0,2,0,24,70,0,0,1,0,0,0,0,0,0,0,0,0,0,0,0,0,0
1,0,2,1,29,88,0,0,1,0,0,0,0,0,0,0,0,0,0,0,0,0,0
0,0,0,0,33,83,1,0,0,0,0,0,0,0,0,0,0,0,0,0,0,0,0
1,0,0,0,13,64,0,0,0,0,1,0,0,0,0,0,0,0,0,0,0,0,0
0,0,3,0,10,74,0,0,0,0,0,0,0,0,0,0,0,0,0,0,1,0,0
0,0,3,0,38,94,0,0,0,0,0,0,1,0,0,0,0,0,0,0,0,0,0
1,0,2,0,5,99,0,0,0,0,0,0,0,0,0,0,1,0,0,0,0,0,0
0,0,3,1,35,98,0,0,0,0,0,0,0,0,0,0,0,0,0,0,0,1,0
1,0,2,0,21,72,0,0,0,0,0,0,0,0,0,0,0,0,1,0,0,0,0
0,0,6,0,5,85,0,0,0,0,0,0,0,0,0,0,0,0,0,0,0,1,0
0,1,1,1,15,88,0,0,1,0,0,0,0,0,0,0,0,0,0,0,0,0,0
0,0,3,0,28,91,0,0,0,0,0,0,1,0,0,0,0,0,0,0,0,0,0
0,0,1,0,5,83,0,0,0,0,0,0,0,0,0,0,1,0,0,0,0,0,0
1,0,2,0,35,94,0,0,0,0,0,0,1,0,0,0,0,0,0,0,0,0,0
0,0,8,1,28,72,0,0,1,0,0,0,0,0,0,0,0,0,0,0,0,0,0
1,0,2,0,16,76,0,0,0,0,1,0,0,0,0,0,0,0,0,0,0,0,0
1,0,2,0,29,66,0,0,0,0,0,0,0,0,0,0,0,0,0,0,0,1,0
1,0,6,0,35,94,0,0,0,0,1,0,0,0,0,0,0,0,0,0,0,0,0
0,0,2,0,29,73,0,0,0,0,0,0,0,0,0,0,0,0,0,0,0,1,0
0,0,3,1,14,87,1,0,0,0,0,0,0,0,0,0,0,0,0,0,0,0,0
1,0,2,0,11,61,0,0,1,0,0,0,0,0,0,0,0,0,0,0,0,0,0
1,0,2,1,1,94,0,0,0,0,0,0,0,1,0,0,0,0,0,0,0,0,0
0,0,4,0,14,88,0,0,0,0,0,0,0,0,0,0,0,0,0,0,1,0,0
0,0,4,1,11,87,0,0,0,0,0,1,0,0,0,0,0,0,0,0,0,0,0
0,0,3,0,28,81,0,0,0,0,0,0,0,0,0,1,0,0,0,0,0,0,0
1,0,6,0,18,97,0,0,0,0,0,0,0,0,0,0,0,0,1,0,0,0,0
0,0,1,0,31,67,0,0,0,0,0,0,0,0,0,0,0,0,0,0,0,0,1
0,1,6,0,2,59,0,0,0,1,0,0,0,0,0,0,0,0,0,0,0,0,0
0,0,0,0,32,92,1,0,0,0,0,0,0,0,0,0,0,0,0,0,0,0,0
0,0,3,0,3,82,0,0,0,0,0,0,0,0,0,0,1,0,0,0,0,0,0
0,1,1,0,33,79,1,0,0,0,0,0,0,0,0,0,0,0,0,0,0,0,0
0,0,3,0,4,59,0,0,0,1,0,0,0,0,0,0,0,0,0,0,0,0,0
0,1,4,0,0,65,0,0,0,1,0,0,0,0,0,0,0,0,0,0,0,0,0
0,0,2,0,10,84,0,0,0,0,0,0,0,0,0,0,0,0,0,1,0,0,0
0,0,8,0,11,80,0,0,1,0,0,0,0,0,0,0,0,0,0,0,0,0,0
1,0,3,0,5,86,0,0,0,0,0,0,0,1,0,0,0,0,0,0,0,0,0
1,0,4,0,33,82,0,0,0,0,0,0,1,0,0,0,0,0,0,0,0,0,0
0,0,2,1,29,80,0,0,0,0,0,0,0,0,0,0,0,0,1,0,0,0,0
1,0,3,0,26,67,0,0,0,0,0,0,0,0,0,0,0,0,0,0,0,1,0
1,0,1,0,25,62,0,0,0,0,0,0,0,0,0,0,0,0,0,1,0,0,0
1,0,2,1,30,71,0,0,0,0,0,0,0,0,0,0,0,0,0,0,0,1,0
1,0,2,0,13,74,0,0,0,0,0,0,0,0,0,0,0,0,0,0,0,1,0
0,0,1,0,25,83,0,0,0,0,0,0,0,0,0,0,0,0,1,0,0,0,0
0,0,0,0,15,84,0,0,0,0,0,0,0,0,0,0,0,0,0,0,1,0,0
1,0,6,0,10,83,0,0,1,0,0,0,0,0,0,0,0,0,0,0,0,0,0
0,1,3,1,0,95,0,1,0,0,0,0,0,0,0,0,0,0,0,0,0,0,0
1,1,1,0,17,92,0,0,0,0,0,1,0,0,0,0,0,0,0,0,0,0,0
0,1,5,0,4,52,0,0,0,1,0,0,0,0,0,0,0,0,0,0,0,0,0
1,0,3,0,32,69,0,0,0,0,0,0,0,0,0,1,0,0,0,0,0,0,0
0,0,5,0,34,77,1,0,0,0,0,0,0,0,0,0,0,0,0,0,0,0,0
0,0,7,0,8,60,0,0,0,0,0,0,0,0,1,0,0,0,0,0,0,0,0
0,0,1,1,3,63,0,0,0,0,0,0,0,0,0,0,0,0,0,0,0,1,0
1,0,1,1,3,80,0,0,0,1,0,0,0,0,0,0,0,0,0,0,0,0,0
0,1,9,0,4,50,0,0,0,1,0,0,0,0,0,0,0,0,0,0,0,0,0
0,0,1,0,2,75,0,1,0,0,0,0,0,0,0,0,0,0,0,0,0,0,0
1,0,0,0,0,91,0,0,0,0,0,0,0,0,0,0,1,0,0,0,0,0,0
1,0,5,1,3,77,0,0,0,0,0,0,0,1,0,0,0,0,0,0,0,0,0
0,0,4,0,4,94,0,1,0,0,0,0,0,0,0,0,0,0,0,0,0,0,0
1,0,3,0,21,81,0,0,0,0,1,0,0,0,0,0,0,0,0,0,0,0,0
1,0,3,0,4,67,0,0,0,0,0,0,0,1,0,0,0,0,0,0,0,0,0
1,0,5,1,1,84,0,0,0,1,0,0,0,0,0,0,0,0,0,0,0,0,0
0,0,7,0,49,96,0,0,0,0,0,0,1,0,0,0,0,0,0,0,0,0,0
0,0,3,0,12,60,0,0,0,0,0,0,0,0,0,0,0,0,0,0,1,0,0
0,0,6,0,9,61,0,0,0,0,0,0,0,0,1,0,0,0,0,0,0,0,0
1,1,1,0,20,66,0,0,1,0,0,0,0,0,0,0,0,0,0,0,0,0,0
1,0,7,1,16,62,0,0,0,0,1,0,0,0,0,0,0,0,0,0,0,0,0
1,0,1,0,13,74,0,0,0,0,0,0,0,0,0,0,0,0,0,1,0,0,0
1,0,0,0,30,83,0,0,0,0,0,0,0,0,0,0,0,0,0,0,0,1,0
1,0,3,0,7,60,0,0,0,0,0,0,0,0,0,0,0,0,0,0,0,1,0
0,0,3,0,38,91,0,0,0,0,0,0,1,0,0,0,0,0,0,0,0,0,0
0,0,4,0,7,77,0,0,0,0,0,0,0,0,0,0,0,0,0,1,0,0,0
1,0,1,0,8,60,0,0,0,0,0,0,0,0,0,0,0,0,0,0,0,1,0
1,0,0,0,8,65,0,0,0,0,0,0,0,0,0,0,1,0,0,0,0,0,0
1,0,9,1,11,75,0,0,0,0,1,0,0,0,0,0,0,0,0,0,0,0,0
0,0,3,1,30,81,0,0,0,0,0,0,0,0,0,0,0,0,1,0,0,0,0
0,0,3,1,11,86,0,0,0,0,0,0,0,0,0,0,0,0,0,0,0,1,0
1,0,2,0,35,94,1,0,0,0,0,0,0,0,0,0,0,0,0,0,0,0,0
0,0,7,0,4,78,0,0,0,1,0,0,0,0,0,0,0,0,0,0,0,0,0
0,0,9,1,6,86,0,0,0,0,0,0,0,0,0,0,1,0,0,0,0,0,0
1,0,1,0,33,91,0,0,0,0,0,0,1,0,0,0,0,0,0,0,0,0,0
0,0,1,0,1,75,0,0,0,0,0,0,0,0,0,0,1,0,0,0,0,0,0
1,0,3,0,11,62,0,0,0,0,0,1,0,0,0,0,0,0,0,0,0,0,0
0,0,7,0,21,63,0,0,0,0,0,0,0,0,0,0,0,0,0,1,0,0,0
1,0,3,0,24,72,0,0,1,0,0,0,0,0,0,0,0,0,0,0,0,0,0
1,0,7,0,4,74,0,0,0,1,0,0,0,0,0,0,0,0,0,0,0,0,0
1,0,1,0,1,78,0,0,0,0,0,0,0,1,0,0,0,0,0,0,0,0,0
1,0,1,1,12,79,0,0,0,0,1,0,0,0,0,0,0,0,0,0,0,0,0
1,0,7,0,28,86,0,0,0,0,1,0,0,0,0,0,0,0,0,0,0,0,0
1,0,2,0,20,94,1,0,0,0,0,0,0,0,0,0,0,0,0,0,0,0,0
0,0,3,0,35,87,0,0,0,0,0,0,1,0,0,0,0,0,0,0,0,0,0
0,0,0,0,33,88,0,0,0,0,0,0,0,0,0,1,0,0,0,0,0,0,0
0,0,6,0,4,82,0,0,0,0,0,0,0,0,0,0,1,0,0,0,0,0,0
1,1,4,0,1,90,0,0,0,1,0,0,0,0,0,0,0,0,0,0,0,0,0
0,0,5,0,7,87,0,0,0,0,0,0,0,0,1,0,0,0,0,0,0,0,0
1,0,3,0,27,71,0,0,0,0,1,0,0,0,0,0,0,0,0,0,0,0,0
0,0,2,0,34,65,0,0,0,0,0,0,0,0,0,0,0,0,0,1,0,0,0
0,1,2,0,17,65,0,0,0,0,0,0,0,0,0,0,0,0,1,0,0,0,0
1,0,1,0,18,68,0,0,0,0,0,0,0,0,0,0,0,0,0,0,0,1,0
0,0,2,1,9,77,0,0,0,0,0,0,0,0,0,0,1,0,0,0,0,0,0
0,0,2,0,3,98,0,0,0,0,0,0,0,0,0,0,1,0,0,0,0,0,0
0,0,5,0,28,84,0,0,1,0,0,0,0,0,0,0,0,0,0,0,0,0,0
0,0,5,0,28,83,0,0,0,0,0,0,0,0,0,0,0,0,0,1,0,0,0
0,0,2,0,26,96,0,0,0,0,0,0,1,0,0,0,0,0,0,0,0,0,0
0,0,3,0,15,82,0,0,0,0,0,0,0,0,0,0,0,0,0,0,1,0,0
0,0,3,0,33,74,0,0,0,0,0,0,0,0,0,0,0,0,0,0,0,1,0
0,0,3,1,31,96,0,0,0,0,0,0,0,0,0,0,0,0,0,0,0,0,1
1,0,5,1,7,90,0,0,0,0,0,0,0,0,1,0,0,0,0,0,0,0,0
0,0,1,0,26,68,0,0,0,0,0,0,0,0,0,0,0,0,0,0,0,1,0
0,0,9,0,3,93,0,0,0,1,0,0,0,0,0,0,0,0,0,0,0,0,0
1,0,5,0,31,89,0,0,0,0,0,0,0,0,0,1,0,0,0,0,0,0,0
1,0,4,0,1,81,0,0,0,1,0,0,0,0,0,0,0,0,0,0,0,0,0
1,0,4,1,30,78,1,0,0,0,0,0,0,0,0,0,0,0,0,0,0,0,0
1,0,2,1,28,60,0,0,0,0,0,0,0,0,0,1,0,0,0,0,0,0,0
0,1,3,0,24,94,0,0,0,0,0,0,1,0,0,0,0,0,0,0,0,0,0
0,0,1,1,28,94,0,0,1,0,0,0,0,0,0,0,0,0,0,0,0,0,0
1,0,6,0,6,85,0,0,0,0,0,0,0,0,0,0,1,0,0,0,0,0,0
0,1,9,1,5,51,0,0,0,1,0,0,0,0,0,0,0,0,0,0,0,0,0
0,0,2,0,12,81,0,0,0,0,0,0,0,0,0,0,0,0,0,0,1,0,0
1,0,7,0,3,100,0,0,0,0,0,0,0,0,0,0,0,0,0,0,0,1,0
0,0,4,0,26,94,0,0,0,0,0,0,0,0,0,1,0,0,0,0,0,0,0
0,0,4,0,18,96,1,0,0,0,0,0,0,0,0,0,0,0,0,0,0,0,0
0,0,5,0,31,94,1,0,0,0,0,0,0,0,0,0,0,0,0,0,0,0,0
0,0,1,0,17,66,0,0,0,0,0,0,0,0,0,0,0,0,0,0,1,0,0
0,0,2,1,23,69,0,0,0,0,0,0,0,0,0,0,0,0,1,0,0,0,0
1,0,0,0,17,77,0,0,0,0,0,1,0,0,0,0,0,0,0,0,0,0,0
1,0,4,0,29,89,0,0,0,0,0,0,1,0,0,0,0,0,0,0,0,0,0
0,0,0,0,13,76,0,0,0,0,0,1,0,0,0,0,0,0,0,0,0,0,0
0,0,3,0,35,91,0,0,0,0,0,0,0,0,0,0,0,0,0,0,0,1,0
0,0,5,0,35,94,0,0,0,0,0,1,0,0,0,0,0,0,0,0,0,0,0
1,0,3,0,28,89,1,0,0,0,0,0,0,0,0,0,0,0,0,0,0,0,0
1,1,6,1,2,73,0,0,0,1,0,0,0,0,0,0,0,0,0,0,0,0,0
1,0,6,1,28,64,0,0,0,0,0,0,0,0,0,0,0,0,1,0,0,0,0
1,0,3,1,26,64,1,0,0,0,0,0,0,0,0,0,0,0,0,0,0,0,0
1,0,7,0,26,92,0,0,0,0,0,0,0,0,0,0,0,0,0,1,0,0,0
0,0,1,0,22,88,0,0,0,0,0,0,1,0,0,0,0,0,0,0,0,0,0
1,1,1,0,26,72,0,0,0,0,0,0,0,0,0,0,0,0,1,0,0,0,0
0,0,1,0,16,87,0,0,0,0,0,0,0,0,0,0,0,0,0,0,1,0,0
1,0,4,1,10,79,0,0,1,0,0,0,0,0,0,0,0,0,0,0,0,0,0
0,0,3,1,21,93,0,0,0,0,0,0,0,0,0,0,0,0,0,0,0,0,1
1,1,1,0,30,99,0,0,0,0,0,0,0,0,0,0,0,0,1,0,0,0,0
0,0,6,0,24,75,1,0,0,0,0,0,0,0,0,0,0,0,0,0,0,0,0
1,1,1,0,33,97,0,0,0,0,0,0,0,0,0,0,0,0,0,1,0,0,0
0,0,5,0,3,81,0,1,0,0,0,0,0,0,0,0,0,0,0,0,0,0,0
0,0,2,0,34,60,0,0,0,0,0,0,0,0,0,0,0,0,1,0,0,0,0
0,0,6,1,2,87,0,0,0,1,0,0,0,0,0,0,0,0,0,0,0,0,0
0,0,2,0,17,69,0,0,0,0,0,0,0,0,0,0,0,0,1,0,0,0,0
1,0,1,0,18,81,1,0,0,0,0,0,0,0,0,0,0,0,0,0,0,0,0
1,0,2,0,16,77,0,0,0,0,0,0,0,0,0,0,0,0,0,0,0,0,1
1,0,3,1,21,85,0,0,0,0,0,0,1,0,0,0,0,0,0,0,0,0,0
1,0,1,0,24,67,0,0,0,0,0,0,0,0,0,0,0,0,1,0,0,0,0
0,0,3,1,27,65,0,0,0,0,0,0,0,0,0,0,0,0,0,0,0,1,0
0,1,4,1,24,87,0,0,0,0,0,0,0,0,0,0,0,0,0,1,0,0,0
1,0,5,0,27,81,0,0,0,0,1,0,0,0,0,0,0,0,0,0,0,0,0
1,0,3,0,14,92,0,0,0,0,0,0,0,0,1,0,0,0,0,0,0,0,0
1,0,8,0,30,96,0,0,0,0,0,0,0,0,0,0,0,0,1,0,0,0,0
0,0,1,0,24,87,0,0,0,0,0,0,0,0,0,1,0,0,0,0,0,0,0
0,0,4,0,0,86,0,0,0,1,0,0,0,0,0,0,0,0,0,0,0,0,0
1,0,3,0,35,98,0,0,0,0,0,0,1,0,0,0,0,0,0,0,0,0,0
0,0,2,0,21,88,0,0,0,0,0,0,0,0,0,0,0,0,1,0,0,0,0
1,1,1,0,15,89,1,0,0,0,0,0,0,0,0,0,0,0,0,0,0,0,0
0,0,1,0,5,83,0,0,0,0,0,0,0,1,0,0,0,0,0,0,0,0,0
0,0,4,0,8,97,0,0,0,0,0,0,0,0,1,0,0,0,0,0,0,0,0
0,0,0,0,1,62,0,0,0,0,0,0,0,1,0,0,0,0,0,0,0,0,0
0,1,9,1,5,51,0,0,0,1,0,0,0,0,0,0,0,0,0,0,0,0,0
0,1,1,1,26,60,0,0,1,0,0,0,0,0,0,0,0,0,0,0,0,0,0
0,0,2,0,24,98,0,0,1,0,0,0,0,0,0,0,0,0,0,0,0,0,0
0,0,5,0,24,81,0,0,1,0,0,0,0,0,0,0,0,0,0,0,0,0,0
1,1,0,1,9,66,0,0,0,0,0,0,0,0,0,0,1,0,0,0,0,0,0
1,0,2,0,3,60,0,1,0,0,0,0,0,0,0,0,0,0,0,0,0,0,0
1,0,2,0,1,94,0,1,0,0,0,0,0,0,0,0,0,0,0,0,0,0,0
0,0,2,0,15,78,0,0,1,0,0,0,0,0,0,0,0,0,0,0,0,0,0
0,0,5,0,32,89,0,0,1,0,0,0,0,0,0,0,0,0,0,0,0,0,0
0,0,3,0,26,70,1,0,0,0,0,0,0,0,0,0,0,0,0,0,0,0,0
1,0,5,1,32,73,0,0,0,0,0,0,0,0,0,0,0,0,1,0,0,0,0
1,0,0,0,35,86,0,0,1,0,0,0,0,0,0,0,0,0,0,0,0,0,0
1,0,3,0,2,64,0,0,0,0,0,0,0,1,0,0,0,0,0,0,0,0,0
1,0,1,0,13,61,0,0,0,0,0,0,0,0,1,0,0,0,0,0,0,0,0
0,1,2,1,20,60,0,0,0,0,0,0,0,0,0,0,0,0,0,1,0,0,0
0,0,5,0,5,97,0,1,0,0,0,0,0,0,0,0,0,0,0,0,0,0,0
1,0,1,0,5,64,0,0,0,0,0,0,0,0,0,0,1,0,0,0,0,0,0
0,0,2,0,34,99,0,0,1,0,0,0,0,0,0,0,0,0,0,0,0,0,0
0,0,6,0,34,68,0,0,0,0,0,0,0,0,0,0,0,0,0,0,0,0,1
1,0,2,0,21,62,0,0,0,0,1,0,0,0,0,0,0,0,0,0,0,0,0
0,0,4,0,27,82,1,0,0,0,0,0,0,0,0,0,0,0,0,0,0,0,0
1,0,0,0,31,84,0,0,0,0,0,0,0,0,0,0,0,0,1,0,0,0,0
1,0,4,0,31,73,0,0,0,0,0,0,0,0,0,1,0,0,0,0,0,0,0
0,1,3,0,12,61,0,0,0,0,0,0,0,0,0,0,0,0,0,0,1,0,0
1,0,2,0,13,92,0,0,0,0,1,0,0,0,0,0,0,0,0,0,0,0,0
1,0,3,0,28,79,1,0,0,0,0,0,0,0,0,0,0,0,0,0,0,0,0
1,0,5,0,27,81,0,0,0,0,0,0,0,0,0,0,0,0,1,0,0,0,0
0,1,3,0,4,61,0,0,0,0,0,0,0,1,0,0,0,0,0,0,0,0,0
1,0,2,0,33,87,0,0,0,0,0,0,0,0,0,0,0,0,1,0,0,0,0
0,0,4,0,18,91,1,0,0,0,0,0,0,0,0,0,0,0,0,0,0,0,0
0,0,0,0,29,89,0,0,0,0,0,0,0,0,0,1,0,0,0,0,0,0,0
0,0,1,0,13,97,0,0,0,0,0,0,0,0,0,0,0,0,0,0,0,0,1
1,0,4,0,5,85,0,0,0,0,0,0,0,1,0,0,0,0,0,0,0,0,0
0,0,6,0,15,94,0,0,0,0,0,0,0,0,0,0,0,0,1,0,0,0,0
1,0,2,0,2,97,0,0,0,0,0,0,0,0,0,0,0,0,0,0,0,1,0
0,0,3,0,27,86,1,0,0,0,0,0,0,0,0,0,0,0,0,0,0,0,0
1,0,1,0,22,88,0,0,1,0,0,0,0,0,0,0,0,0,0,0,0,0,0
0,0,5,1,24,91,1,0,0,0,0,0,0,0,0,0,0,0,0,0,0,0,0
0,0,6,0,27,80,0,0,1,0,0,0,0,0,0,0,0,0,0,0,0,0,0
0,0,2,0,25,67,1,0,0,0,0,0,0,0,0,0,0,0,0,0,0,0,0
1,0,3,0,17,99,0,0,0,0,1,0,0,0,0,0,0,0,0,0,0,0,0
1,0,1,0,14,72,0,0,0,0,1,0,0,0,0,0,0,0,0,0,0,0,0
0,0,5,0,14,88,0,0,1,0,0,0,0,0,0,0,0,0,0,0,0,0,0
1,0,1,0,3,67,0,0,0,0,0,0,0,0,1,0,0,0,0,0,0,0,0
0,0,7,0,5,59,0,0,0,1,0,0,0,0,0,0,0,0,0,0,0,0,0
1,0,3,0,4,97,0,0,0,0,0,0,0,1,0,0,0,0,0,0,0,0,0
1,0,2,0,31,71,0,0,1,0,0,0,0,0,0,0,0,0,0,0,0,0,0
1,0,1,0,16,95,0,0,0,0,1,0,0,0,0,0,0,0,0,0,0,0,0
1,0,5,0,15,68,0,0,0,0,0,0,0,0,0,0,0,0,0,0,0,1,0
0,0,7,1,5,63,0,0,0,1,0,0,0,0,0,0,0,0,0,0,0,0,0
0,0,8,0,4,61,0,0,0,1,0,0,0,0,0,0,0,0,0,0,0,0,0
0,0,1,1,29,79,1,0,0,0,0,0,0,0,0,0,0,0,0,0,0,0,0
1,0,7,1,18,74,0,0,0,0,0,0,0,0,0,0,0,0,0,0,0,1,0
0,0,2,0,16,88,0,0,0,0,0,0,0,0,0,0,0,0,0,0,1,0,0
1,0,0,0,23,62,0,0,0,0,0,0,0,0,0,0,0,0,1,0,0,0,0
0,1,3,0,28,88,0,0,0,0,0,0,0,0,0,0,0,0,1,0,0,0,0
0,0,7,0,31,87,0,0,0,0,0,0,0,0,0,1,0,0,0,0,0,0,0
0,0,9,0,5,96,0,0,0,1,0,0,0,0,0,0,0,0,0,0,0,0,0
1,0,2,0,6,95,0,0,0,0,0,0,0,0,0,0,0,0,0,1,0,0,0
1,0,1,0,33,61,0,0,0,0,0,0,0,0,0,1,0,0,0,0,0,0,0
0,0,7,0,0,50,0,0,0,1,0,0,0,0,0,0,0,0,0,0,0,0,0
0,0,6,1,19,64,0,0,0,0,0,0,0,0,0,0,0,0,1,0,0,0,0
0,0,2,0,26,62,1,0,0,0,0,0,0,0,0,0,0,0,0,0,0,0,0
0,0,1,0,3,99,0,1,0,0,0,0,0,0,0,0,0,0,0,0,0,0,0
1,0,2,0,10,94,0,0,0,0,0,0,0,0,0,0,0,0,0,0,0,1,0
0,0,5,0,24,98,0,0,0,0,0,0,1,0,0,0,0,0,0,0,0,0,0
0,0,5,0,1,98,0,1,0,0,0,0,0,0,0,0,0,0,0,0,0,0,0
0,0,1,0,25,100,0,0,0,0,0,0,0,0,0,0,0,0,1,0,0,0,0
0,0,3,1,14,60,0,0,0,0,0,0,0,0,0,0,0,0,0,0,1,0,0
1,0,9,0,31,92,0,0,0,0,0,0,0,0,0,0,0,0,0,1,0,0,0
0,0,2,1,9,97,0,0,0,0,0,0,0,0,0,0,1,0,0,0,0,0,0
0,0,1,0,8,82,0,0,0,0,0,0,0,0,0,0,0,0,0,0,1,0,0
1,0,2,0,22,80,1,0,0,0,0,0,0,0,0,0,0,0,0,0,0,0,0
0,0,3,0,11,79,0,0,1,0,0,0,0,0,0,0,0,0,0,0,0,0,0
0,0,2,0,21,100,0,0,0,0,0,0,0,0,0,0,0,0,0,0,0,1,0
0,0,1,0,28,64,0,0,0,0,0,0,0,0,0,0,0,0,0,0,0,1,0
0,1,9,0,4,73,0,0,0,1,0,0,0,0,0,0,0,0,0,0,0,0,0
1,0,4,0,35,93,0,0,0,0,0,0,0,0,0,0,0,0,1,0,0,0,0
1,0,6,0,27,85,0,0,0,0,0,0,1,0,0,0,0,0,0,0,0,0,0
1,0,0,1,14,99,1,0,0,0,0,0,0,0,0,0,0,0,0,0,0,0,0
1,0,4,0,29,93,0,0,0,0,0,0,1,0,0,0,0,0,0,0,0,0,0
0,0,1,0,33,66,0,0,0,0,0,0,0,0,0,1,0,0,0,0,0,0,0
1,0,1,0,18,81,0,0,0,0,0,0,0,0,0,0,0,0,0,0,0,0,1
1,0,2,0,11,88,0,0,0,0,0,0,0,0,0,0,0,0,0,0,0,1,0
0,1,5,0,3,61,0,0,0,1,0,0,0,0,0,0,0,0,0,0,0,0,0
1,0,2,0,19,94,0,0,0,0,0,0,0,0,0,0,0,0,1,0,0,0,0
1,0,1,0,31,68,0,0,0,0,0,0,0,0,0,0,0,0,1,0,0,0,0
1,0,5,1,28,72,0,0,0,0,0,0,0,0,0,0,0,0,0,1,0,0,0
1,0,1,0,16,86,0,0,0,0,0,1,0,0,0,0,0,0,0,0,0,0,0
1,0,3,0,4,78,0,1,0,0,0,0,0,0,0,0,0,0,0,0,0,0,0
0,0,1,0,15,88,0,0,1,0,0,0,0,0,0,0,0,0,0,0,0,0,0
1,0,4,0,31,65,0,0,0,0,0,0,0,0,0,0,0,0,0,0,0,0,1
1,0,4,0,29,63,0,0,0,0,0,0,0,0,0,0,0,0,1,0,0,0,0
1,0,5,0,27,62,0,0,0,0,0,0,0,0,0,0,0,0,0,0,0,1,0
1,0,1,0,29,78,0,0,0,0,0,1,0,0,0,0,0,0,0,0,0,0,0
0,0,2,0,23,87,0,0,0,0,0,0,0,0,0,0,0,0,1,0,0,0,0
0,0,2,0,32,92,0,0,0,0,0,0,0,0,0,0,0,1,0,0,0,0,0
0,0,5,0,9,98,0,0,0,0,0,0,0,0,0,0,0,0,0,0,1,0,0
0,0,3,0,16,97,0,0,0,0,0,0,0,0,0,0,0,0,1,0,0,0,0
1,0,2,0,29,61,0,0,0,0,0,0,0,0,0,0,0,0,1,0,0,0,0
0,0,3,1,5,87,0,1,0,0,0,0,0,0,0,0,0,0,0,0,0,0,0
1,0,3,0,14,75,0,0,0,0,0,0,0,0,0,0,0,0,1,0,0,0,0
1,0,2,0,20,99,0,0,1,0,0,0,0,0,0,0,0,0,0,0,0,0,0
0,0,2,0,28,93,0,0,0,0,0,0,0,0,0,0,0,0,1,0,0,0,0
0,1,2,0,13,80,0,0,1,0,0,0,0,0,0,0,0,0,0,0,0,0,0
1,1,9,1,3,95,0,0,0,1,0,0,0,0,0,0,0,0,0,0,0,0,0
0,0,5,0,26,90,0,0,1,0,0,0,0,0,0,0,0,0,0,0,0,0,0
1,1,3,0,8,62,0,0,0,0,0,0,0,0,0,0,0,0,0,1,0,0,0
0,0,3,0,4,59,0,0,0,1,0,0,0,0,0,0,0,0,0,0,0,0,0
1,0,4,1,20,77,0,0,0,0,0,0,0,0,0,0,0,0,1,0,0,0,0
1,0,3,0,34,74,0,0,0,0,1,0,0,0,0,0,0,0,0,0,0,0,0
1,0,2,0,42,85,0,0,0,0,0,0,1,0,0,0,0,0,0,0,0,0,0
1,0,6,0,4,91,0,0,0,0,0,0,0,1,0,0,0,0,0,0,0,0,0
0,0,6,1,14,93,0,0,0,0,0,0,0,0,0,0,0,0,1,0,0,0,0
1,0,1,0,29,96,0,0,0,0,1,0,0,0,0,0,0,0,0,0,0,0,0
0,0,3,0,34,81,0,0,0,0,0,0,0,0,0,1,0,0,0,0,0,0,0
1,0,3,0,1,67,0,1,0,0,0,0,0,0,0,0,0,0,0,0,0,0,0
1,0,5,0,27,65,0,0,0,0,0,0,0,0,0,0,0,0,1,0,0,0,0
0,0,4,0,30,61,0,0,1,0,0,0,0,0,0,0,0,0,0,0,0,0,0
0,0,1,0,15,98,0,0,0,0,0,0,0,0,0,0,0,0,0,0,1,0,0
0,0,2,0,5,65,0,0,0,0,0,0,0,0,0,0,1,0,0,0,0,0,0
1,0,3,0,29,80,0,0,0,0,0,0,0,0,0,0,0,0,0,0,0,1,0
0,1,1,0,28,100,0,0,0,0,0,0,1,0,0,0,0,0,0,0,0,0,0
0,1,9,0,1,62,0,0,0,1,0,0,0,0,0,0,0,0,0,0,0,0,0
0,0,2,0,22,99,0,0,0,0,0,0,1,0,0,0,0,0,0,0,0,0,0
1,0,6,0,21,86,0,0,0,0,0,0,0,0,0,0,0,0,0,0,0,1,0
1,0,2,0,34,94,0,0,0,0,0,0,0,0,0,0,0,0,1,0,0,0,0
1,0,3,0,33,97,0,0,0,0,0,0,0,0,0,0,0,0,0,1,0,0,0
0,1,1,0,0,88,0,0,0,1,0,0,0,0,0,0,0,0,0,0,0,0,0
1,0,9,0,3,70,0,0,0,1,0,0,0,0,0,0,0,0,0,0,0,0,0
0,0,0,0,20,96,1,0,0,0,0,0,0,0,0,0,0,0,0,0,0,0,0
1,0,1,0,18,92,0,0,0,0,0,0,0,0,0,0,0,0,1,0,0,0,0
0,0,1,0,35,91,0,0,0,0,0,1,0,0,0,0,0,0,0,0,0,0,0
0,0,2,0,3,74,0,0,0,1,0,0,0,0,0,0,0,0,0,0,0,0,0
0,0,1,0,27,66,0,0,0,0,0,0,0,0,0,0,0,0,0,0,0,1,0
1,0,4,0,32,87,0,0,0,0,0,0,1,0,0,0,0,0,0,0,0,0,0
1,0,1,0,30,84,0,0,0,0,0,0,0,0,0,0,0,0,1,0,0,0,0
1,0,7,0,3,86,0,0,0,0,0,0,0,1,0,0,0,0,0,0,0,0,0
0,0,2,1,19,68,0,0,0,0,0,0,0,0,0,0,0,0,1,0,0,0,0
0,0,2,0,9,87,0,0,0,0,0,0,0,0,0,0,0,0,0,0,1,0,0
1,0,3,0,26,69,0,0,0,0,0,0,0,0,0,1,0,0,0,0,0,0,0
0,0,1,0,28,75,0,0,0,0,0,0,0,0,0,0,0,0,1,0,0,0,0
0,1,1,0,35,98,0,0,1,0,0,0,0,0,0,0,0,0,0,0,0,0,0
1,0,4,0,32,66,0,0,1,0,0,0,0,0,0,0,0,0,0,0,0,0,0
0,1,2,0,35,88,0,0,0,0,0,0,0,0,0,0,0,0,1,0,0,0,0
0,0,3,0,26,100,0,0,0,0,0,1,0,0,0,0,0,0,0,0,0,0,0
1,0,3,0,14,83,0,0,1,0,0,0,0,0,0,0,0,0,0,0,0,0,0
0,0,4,0,26,69,0,0,1,0,0,0,0,0,0,0,0,0,0,0,0,0,0
0,0,5,1,3,79,0,0,0,0,0,0,0,0,0,0,1,0,0,0,0,0,0
1,0,1,0,33,90,0,0,0,0,1,0,0,0,0,0,0,0,0,0,0,0,0
1,0,1,0,35,91,0,0,1,0,0,0,0,0,0,0,0,0,0,0,0,0,0
0,0,1,0,22,64,0,0,0,0,0,0,0,0,0,0,0,0,0,0,0,1,0
0,0,2,0,23,80,0,0,0,0,0,1,0,0,0,0,0,0,0,0,0,0,0
1,0,2,1,27,70,0,0,0,0,0,0,0,0,0,1,0,0,0,0,0,0,0
1,0,6,0,31,79,0,0,0,0,0,0,0,0,0,0,0,0,1,0,0,0,0
0,0,1,0,26,70,0,0,1,0,0,0,0,0,0,0,0,0,0,0,0,0,0
0,0,4,0,1,63,0,0,0,0,0,0,0,0,0,0,1,0,0,0,0,0,0
0,0,2,0,7,90,0,0,0,0,0,0,0,0,0,0,0,0,0,0,1,0,0
0,0,1,1,4,74,0,0,0,0,0,0,0,0,0,0,1,0,0,0,0,0,0
1,0,0,0,31,84,0,0,0,0,0,0,0,0,0,0,0,0,1,0,0,0,0
1,0,7,1,23,94,1,0,0,0,0,0,0,0,0,0,0,0,0,0,0,0,0
0,0,4,0,5,75,0,0,0,0,0,0,0,0,0,0,0,0,0,0,0,1,0
1,0,3,0,4,98,0,1,0,0,0,0,0,0,0,0,0,0,0,0,0,0,0
1,0,0,1,23,64,0,0,0,0,1,0,0,0,0,0,0,0,0,0,0,0,0
1,0,3,0,15,82,0,0,0,0,0,0,0,0,1,0,0,0,0,0,0,0,0
1,0,2,0,24,95,0,0,0,0,0,0,0,0,0,1,0,0,0,0,0,0,0
1,0,2,0,31,85,0,0,0,0,0,0,0,0,0,0,0,0,1,0,0,0,0
1,0,4,0,29,89,0,0,0,0,0,0,0,0,0,1,0,0,0,0,0,0,0
0,0,3,0,49,92,0,0,0,0,0,0,1,0,0,0,0,0,0,0,0,0,0
1,0,4,0,6,70,0,0,0,0,0,0,0,0,0,0,0,0,0,0,0,1,0
1,0,7,1,33,84,1,0,0,0,0,0,0,0,0,0,0,0,0,0,0,0,0
0,1,5,1,10,62,0,0,0,0,0,1,0,0,0,0,0,0,0,0,0,0,0
0,0,1,0,13,69,0,0,0,0,0,0,0,0,1,0,0,0,0,0,0,0,0
0,0,6,1,25,63,0,0,1,0,0,0,0,0,0,0,0,0,0,0,0,0,0
0,0,2,0,35,91,0,0,0,0,0,0,0,0,0,1,0,0,0,0,0,0,0
1,1,8,1,1,84,0,0,0,1,0,0,0,0,0,0,0,0,0,0,0,0,0
1,0,1,0,29,95,0,0,0,0,0,0,0,0,0,0,0,0,0,1,0,0,0
1,0,3,0,20,85,0,0,0,0,0,0,0,0,0,0,0,0,1,0,0,0,0
1,1,3,0,49,91,0,0,0,0,0,0,1,0,0,0,0,0,0,0,0,0,0
0,0,4,0,13,81,0,0,0,0,0,0,0,0,0,0,0,0,0,0,1,0,0
0,0,2,0,20,79,0,0,0,0,0,0,0,0,0,0,0,0,0,0,0,1,0
0,0,2,1,18,100,0,0,0,0,0,0,0,0,0,0,0,0,0,0,1,0,0
1,0,1,0,23,60,0,0,0,0,0,0,0,0,0,0,0,0,1,0,0,0,0
0,0,0,0,10,68,0,0,0,0,0,0,0,0,0,0,1,0,0,0,0,0,0
0,0,4,1,4,85,0,1,0,0,0,0,0,0,0,0,0,0,0,0,0,0,0
1,0,1,0,11,100,0,0,0,0,1,0,0,0,0,0,0,0,0,0,0,0,0
0,0,3,0,15,67,0,0,0,0,0,0,0,0,0,0,0,0,0,0,1,0,0
0,0,1,1,16,73,0,0,1,0,0,0,0,0,0,0,0,0,0,0,0,0,0
0,0,1,1,26,92,0,0,0,0,0,0,0,0,0,0,0,0,1,0,0,0,0
1,0,2,0,29,87,0,0,0,0,0,0,0,0,0,0,0,0,0,0,0,1,0
1,0,4,1,32,100,0,0,0,0,0,0,0,0,0,0,0,0,1,0,0,0,0
0,0,5,0,24,93,0,0,0,0,0,0,1,0,0,0,0,0,0,0,0,0,0
0,0,3,1,20,99,0,0,0,0,0,0,0,0,0,0,0,0,1,0,0,0,0
0,1,5,1,1,82,0,0,0,1,0,0,0,0,0,0,0,0,0,0,0,0,0
1,0,9,0,0,61,0,0,0,1,0,0,0,0,0,0,0,0,0,0,0,0,0
1,0,8,1,5,93,0,0,0,1,0,0,0,0,0,0,0,0,0,0,0,0,0
0,0,2,0,5,73,0,0,0,1,0,0,0,0,0,0,0,0,0,0,0,0,0
1,0,6,0,1,54,0,0,0,1,0,0,0,0,0,0,0,0,0,0,0,0,0
0,0,1,1,27,61,0,0,0,0,0,0,0,0,0,0,0,0,1,0,0,0,0
1,1,1,0,29,81,0,0,0,0,0,0,0,0,0,1,0,0,0,0,0,0,0
0,1,9,0,4,81,0,0,0,1,0,0,0,0,0,0,0,0,0,0,0,0,0
0,1,8,1,4,98,0,0,0,1,0,0,0,0,0,0,0,0,0,0,0,0,0
1,0,3,0,21,100,0,0,0,0,0,0,1,0,0,0,0,0,0,0,0,0,0
0,0,3,0,31,73,0,0,0,0,0,0,0,0,0,0,0,0,0,1,0,0,0
0,0,3,0,15,89,0,0,1,0,0,0,0,0,0,0,0,0,0,0,0,0,0
1,0,0,0,30,69,0,0,0,0,0,0,0,0,0,1,0,0,0,0,0,0,0
1,0,1,0,31,73,0,0,0,0,0,0,0,0,0,0,0,0,1,0,0,0,0
1,0,7,0,23,61,0,0,0,0,0,0,0,0,0,0,0,0,0,0,0,0,1
1,0,1,0,23,96,0,0,0,0,0,1,0,0,0,0,0,0,0,0,0,0,0
0,1,0,0,27,79,0,0,0,0,0,0,0,0,0,0,0,0,1,0,0,0,0
0,0,3,1,5,83,0,0,0,0,0,0,0,0,0,0,1,0,0,0,0,0,0
0,0,9,0,21,71,0,0,1,0,0,0,0,0,0,0,0,0,0,0,0,0,0
1,0,5,0,26,98,0,0,1,0,0,0,0,0,0,0,0,0,0,0,0,0,0
0,0,2,0,13,98,0,0,0,0,0,0,0,0,0,0,0,0,0,0,1,0,0
0,0,7,0,10,88,0,0,0,0,0,0,0,0,0,0,0,0,0,0,0,1,0
0,0,4,0,25,73,0,0,0,0,0,0,0,0,0,0,0,0,1,0,0,0,0
0,0,4,0,13,100,0,0,0,0,0,0,0,0,0,0,0,0,0,0,0,1,0
1,0,2,0,29,92,0,0,0,0,1,0,0,0,0,0,0,0,0,0,0,0,0
0,0,4,0,1,62,0,0,0,0,0,0,0,0,0,0,1,0,0,0,0,0,0
0,1,2,0,11,77,0,0,0,0,0,0,0,0,0,0,0,0,0,1,0,0,0
0,0,1,0,26,69,0,0,0,0,0,0,0,0,0,1,0,0,0,0,0,0,0
0,0,0,0,12,90,0,0,0,0,0,0,0,0,0,0,0,0,0,0,1,0,0
1,1,0,0,32,95,0,0,0,0,0,0,0,0,0,0,0,0,1,0,0,0,0
0,0,5,0,28,90,1,0,0,0,0,0,0,0,0,0,0,0,0,0,0,0,0
0,0,1,0,34,81,0,0,0,0,0,0,0,0,0,0,0,0,0,0,0,1,0
0,0,6,0,17,66,0,0,0,0,0,0,0,0,0,0,0,0,1,0,0,0,0
0,0,2,0,31,79,0,0,0,0,0,0,0,0,0,0,0,0,1,0,0,0,0
1,0,2,1,25,69,1,0,0,0,0,0,0,0,0,0,0,0,0,0,0,0,0
0,0,7,0,14,87,0,0,0,0,0,0,0,0,0,0,0,0,1,0,0,0,0
0,0,2,0,2,82,0,0,0,0,0,0,0,1,0,0,0,0,0,0,0,0,0
0,0,2,0,2,91,0,1,0,0,0,0,0,0,0,0,0,0,0,0,0,0,0
1,0,3,0,33,86,0,0,0,0,0,0,0,0,0,0,0,1,0,0,0,0,0
1,0,6,0,33,76,0,0,0,0,0,0,0,0,0,0,0,0,0,0,0,1,0
0,0,1,0,5,72,0,1,0,0,0,0,0,0,0,0,0,0,0,0,0,0,0
1,1,3,0,23,70,0,0,0,0,0,0,0,0,0,0,0,0,1,0,0,0,0
0,0,3,0,23,95,0,0,1,0,0,0,0,0,0,0,0,0,0,0,0,0,0
0,0,6,0,3,96,0,0,0,1,0,0,0,0,0,0,0,0,0,0,0,0,0
1,0,0,0,48,98,0,0,0,0,0,0,1,0,0,0,0,0,0,0,0,0,0
1,0,3,0,32,65,0,0,1,0,0,0,0,0,0,0,0,0,0,0,0,0,0
1,1,4,1,3,99,0,0,0,1,0,0,0,0,0,0,0,0,0,0,0,0,0
1,0,1,0,24,93,0,0,0,0,0,0,0,0,0,0,0,0,0,0,0,1,0
0,0,4,0,21,65,0,0,0,0,0,0,0,0,0,0,0,0,1,0,0,0,0
0,0,0,0,25,71,0,0,0,0,0,0,0,0,0,1,0,0,0,0,0,0,0
0,0,3,0,10,78,0,0,0,0,0,0,0,0,1,0,0,0,0,0,0,0,0
1,0,1,0,4,69,0,0,0,0,0,0,0,1,0,0,0,0,0,0,0,0,0
0,0,2,0,7,72,0,0,0,0,0,0,0,0,0,0,0,0,0,0,0,1,0
1,1,8,0,0,81,0,0,0,1,0,0,0,0,0,0,0,0,0,0,0,0,0
0,0,4,0,2,73,0,0,0,0,0,0,0,0,0,0,0,0,0,0,0,1,0
1,0,0,1,16,90,0,0,0,0,1,0,0,0,0,0,0,0,0,0,0,0,0
1,0,4,0,12,60,0,0,0,0,0,0,0,0,0,0,0,0,0,1,0,0,0
1,1,9,0,4,98,0,0,0,1,0,0,0,0,0,0,0,0,0,0,0,0,0
1,0,3,1,23,75,0,0,0,0,0,0,0,0,0,0,0,0,1,0,0,0,0
0,0,6,0,15,79,1,0,0,0,0,0,0,0,0,0,0,0,0,0,0,0,0
1,0,2,0,31,97,0,0,0,0,0,0,0,0,0,0,0,0,0,1,0,0,0
1,1,8,0,3,78,0,0,0,1,0,0,0,0,0,0,0,0,0,0,0,0,0
0,0,4,0,2,99,0,0,0,0,0,0,0,0,0,0,0,0,0,0,0,1,0
0,0,5,0,35,92,0,0,1,0,0,0,0,0,0,0,0,0,0,0,0,0,0
1,0,5,0,27,70,0,0,0,0,0,1,0,0,0,0,0,0,0,0,0,0,0
0,0,5,0,32,86,0,0,0,0,0,0,0,0,0,0,0,0,1,0,0,0,0
0,1,4,0,24,60,0,0,0,0,0,0,0,0,0,0,0,0,1,0,0,0,0
1,0,3,1,29,66,0,0,0,0,0,0,0,0,0,0,0,0,1,0,0,0,0
1,0,4,0,17,90,0,0,0,0,0,0,0,0,0,0,0,0,1,0,0,0,0
1,1,3,0,18,61,0,0,1,0,0,0,0,0,0,0,0,0,0,0,0,0,0
1,0,5,0,15,74,0,0,0,0,0,0,0,0,1,0,0,0,0,0,0,0,0
1,0,1,0,32,71,0,0,0,0,0,0,0,0,0,0,0,0,0,0,0,0,1
0,0,7,0,3,75,0,0,0,0,0,0,0,1,0,0,0,0,0,0,0,0,0
0,0,5,0,31,90,0,0,0,0,0,1,0,0,0,0,0,0,0,0,0,0,0
1,0,5,1,3,97,0,0,0,1,0,0,0,0,0,0,0,0,0,0,0,0,0
1,0,7,0,25,73,0,0,0,0,0,0,0,0,0,0,0,0,1,0,0,0,0
1,1,1,1,0,66,0,0,0,0,0,0,0,0,0,0,1,0,0,0,0,0,0
1,1,1,0,29,81,0,0,0,0,0,0,0,0,0,0,0,0,0,1,0,0,0
0,0,1,0,17,85,0,0,1,0,0,0,0,0,0,0,0,0,0,0,0,0,0
0,1,4,0,0,80,0,0,0,1,0,0,0,0,0,0,0,0,0,0,0,0,0
1,0,5,0,25,72,0,0,0,0,0,0,0,0,0,0,0,0,0,0,0,0,1
1,0,2,0,23,66,0,0,0,0,0,0,0,0,0,0,0,0,1,0,0,0,0
0,1,5,0,4,76,0,0,0,1,0,0,0,0,0,0,0,0,0,0,0,0,0
1,0,7,1,11,61,0,0,0,0,1,0,0,0,0,0,0,0,0,0,0,0,0
0,0,7,0,12,66,0,0,0,0,0,0,0,0,0,0,0,0,0,0,0,1,0
0,1,2,0,48,98,0,0,0,0,0,0,1,0,0,0,0,0,0,0,0,0,0
1,0,4,1,0,68,0,0,0,1,0,0,0,0,0,0,0,0,0,0,0,0,0
1,0,7,1,12,69,0,0,1,0,0,0,0,0,0,0,0,0,0,0,0,0,0
0,0,1,1,31,68,0,0,1,0,0,0,0,0,0,0,0,0,0,0,0,0,0
0,1,9,0,19,72,1,0,0,0,0,0,0,0,0,0,0,0,0,0,0,0,0
0,0,0,0,17,81,0,0,0,0,0,0,0,0,0,0,0,0,1,0,0,0,0
1,0,6,1,24,96,0,0,0,0,0,0,0,0,0,0,0,0,0,0,0,1,0
0,0,2,0,11,62,0,0,0,0,0,0,0,0,0,0,0,0,0,0,1,0,0
1,1,6,0,2,83,0,0,0,1,0,0,0,0,0,0,0,0,0,0,0,0,0
0,1,2,1,32,91,0,0,0,0,0,0,1,0,0,0,0,0,0,0,0,0,0
1,0,7,0,5,95,0,0,0,0,0,0,0,1,0,0,0,0,0,0,0,0,0
1,0,5,1,23,82,0,0,0,0,0,0,1,0,0,0,0,0,0,0,0,0,0
0,0,8,0,14,91,0,0,1,0,0,0,0,0,0,0,0,0,0,0,0,0,0
1,1,6,0,1,80,0,0,0,1,0,0,0,0,0,0,0,0,0,0,0,0,0
1,0,4,0,32,93,0,0,0,0,0,0,0,0,0,0,0,1,0,0,0,0,0
1,0,1,0,34,88,0,0,0,0,0,0,0,0,0,0,0,1,0,0,0,0,0
0,0,2,1,13,98,0,0,0,0,0,0,0,0,0,0,0,0,0,0,0,1,0
1,0,1,0,24,100,0,0,0,0,0,0,0,0,0,1,0,0,0,0,0,0,0
0,0,5,0,32,80,0,0,0,0,0,0,0,0,0,1,0,0,0,0,0,0,0
1,0,2,0,21,83,0,0,1,0,0,0,0,0,0,0,0,0,0,0,0,0,0
0,1,6,0,0,77,0,0,0,1,0,0,0,0,0,0,0,0,0,0,0,0,0
0,0,6,0,34,82,1,0,0,0,0,0,0,0,0,0,0,0,0,0,0,0,0
1,0,2,0,14,62,0,0,0,0,0,1,0,0,0,0,0,0,0,0,0,0,0
1,0,3,0,25,75,0,0,0,0,0,0,0,0,0,0,0,0,1,0,0,0,0
0,0,3,0,5,95,0,0,0,0,0,0,0,1,0,0,0,0,0,0,0,0,0
0,0,7,0,20,62,0,0,0,0,0,1,0,0,0,0,0,0,0,0,0,0,0
1,0,1,1,26,63,0,0,0,0,0,1,0,0,0,0,0,0,0,0,0,0,0
0,0,9,0,2,86,0,0,0,1,0,0,0,0,0,0,0,0,0,0,0,0,0
0,0,3,1,1,81,0,0,0,0,0,0,0,0,0,0,1,0,0,0,0,0,0
0,0,5,0,35,86,0,0,0,0,0,0,0,0,0,1,0,0,0,0,0,0,0
0,1,3,0,2,95,0,0,0,1,0,0,0,0,0,0,0,0,0,0,0,0,0
0,0,7,0,5,50,0,0,0,1,0,0,0,0,0,0,0,0,0,0,0,0,0
0,0,3,0,24,87,0,0,0,0,0,0,0,0,0,0,0,0,1,0,0,0,0
0,0,0,0,5,77,0,1,0,0,0,0,0,0,0,0,0,0,0,0,0,0,0
0,0,6,0,3,69,0,0,0,0,0,0,0,1,0,0,0,0,0,0,0,0,0
1,0,6,0,5,65,0,0,0,0,0,0,0,1,0,0,0,0,0,0,0,0,0
0,0,1,0,33,68,0,0,0,0,0,0,0,0,0,1,0,0,0,0,0,0,0
1,0,2,0,15,66,0,0,0,0,0,0,0,0,0,0,0,0,0,0,0,1,0
0,1,5,0,32,95,0,0,1,0,0,0,0,0,0,0,0,0,0,0,0,0,0
1,0,0,1,14,72,0,0,1,0,0,0,0,0,0,0,0,0,0,0,0,0,0
1,0,3,0,47,97,0,0,0,0,0,0,1,0,0,0,0,0,0,0,0,0,0
0,0,4,0,6,90,0,0,0,0,0,0,0,0,0,0,0,0,0,0,0,1,0
1,0,5,1,3,63,0,0,0,0,0,0,0,0,0,0,1,0,0,0,0,0,0
1,0,1,1,42,89,0,0,0,0,0,0,1,0,0,0,0,0,0,0,0,0,0
1,0,1,0,22,60,0,0,0,0,1,0,0,0,0,0,0,0,0,0,0,0,0
0,0,7,0,1,90,0,0,0,1,0,0,0,0,0,0,0,0,0,0,0,0,0
0,0,1,1,21,63,0,0,1,0,0,0,0,0,0,0,0,0,0,0,0,0,0
1,0,4,0,50,90,0,0,0,0,0,0,1,0,0,0,0,0,0,0,0,0,0
1,1,7,0,29,82,1,0,0,0,0,0,0,0,0,0,0,0,0,0,0,0,0
0,0,4,0,31,79,0,0,0,0,0,0,0,0,0,1,0,0,0,0,0,0,0
0,0,6,0,5,100,0,0,0,0,0,0,0,0,0,0,1,0,0,0,0,0,0
1,0,1,1,25,88,0,0,0,0,0,0,0,0,0,1,0,0,0,0,0,0,0
0,0,2,0,22,81,0,0,0,0,0,0,0,0,0,0,0,0,0,1,0,0,0
0,0,8,1,1,51,0,0,0,1,0,0,0,0,0,0,0,0,0,0,0,0,0
0,0,5,0,26,85,0,0,0,0,0,0,1,0,0,0,0,0,0,0,0,0,0
1,0,9,0,3,95,0,0,0,1,0,0,0,0,0,0,0,0,0,0,0,0,0
1,1,7,0,12,99,0,0,0,0,0,0,0,0,0,0,0,0,0,0,0,1,0
1,0,1,0,1,61,0,0,0,1,0,0,0,0,0,0,0,0,0,0,0,0,0
0,0,4,1,18,88,0,0,0,0,0,0,0,0,0,0,0,0,0,0,0,1,0
1,0,3,0,27,97,1,0,0,0,0,0,0,0,0,0,0,0,0,0,0,0,0
0,0,5,0,24,66,0,0,0,0,0,0,0,0,0,0,0,0,1,0,0,0,0
0,0,1,1,19,87,0,0,0,0,0,0,0,0,0,0,0,0,0,0,0,1,0
1,0,2,0,47,87,0,0,0,0,0,0,1,0,0,0,0,0,0,0,0,0,0
1,0,1,0,11,60,0,0,0,0,0,0,0,0,0,0,0,0,0,0,0,1,0
0,0,2,0,29,98,0,0,0,0,0,0,0,0,0,0,0,0,1,0,0,0,0
1,0,2,1,14,61,0,0,0,0,0,0,0,0,0,0,0,0,1,0,0,0,0
0,0,5,0,4,98,0,1,0,0,0,0,0,0,0,0,0,0,0,0,0,0,0
0,0,4,0,15,95,0,0,0,0,0,0,0,0,0,0,0,0,1,0,0,0,0
0,0,5,0,32,96,0,0,0,0,0,0,0,0,0,0,0,0,1,0,0,0,0
1,0,7,0,33,86,0,0,0,0,0,0,0,0,0,0,0,0,0,1,0,0,0
0,0,4,1,29,98,0,0,0,0,0,0,0,0,0,0,0,0,1,0,0,0,0
1,0,2,0,31,100,0,0,0,0,0,0,0,0,0,1,0,0,0,0,0,0,0
0,0,5,0,29,90,0,0,0,0,0,0,0,0,0,1,0,0,0,0,0,0,0
0,1,5,0,0,91,0,0,0,1,0,0,0,0,0,0,0,0,0,0,0,0,0
0,1,6,0,1,72,0,0,0,1,0,0,0,0,0,0,0,0,0,0,0,0,0
0,0,3,0,42,96,0,0,0,0,0,0,1,0,0,0,0,0,0,0,0,0,0
0,1,9,1,2,93,0,0,0,1,0,0,0,0,0,0,0,0,0,0,0,0,0
1,0,3,0,1,100,0,0,0,0,0,0,0,0,0,0,1,0,0,0,0,0,0
1,0,1,0,11,74,0,0,0,0,0,0,0,0,1,0,0,0,0,0,0,0,0
0,1,4,0,18,70,0,0,0,0,0,0,0,0,0,0,0,0,1,0,0,0,0
0,0,2,1,35,93,0,0,0,0,0,0,0,0,0,0,0,0,1,0,0,0,0
1,0,1,0,1,75,0,0,0,0,0,0,0,1,0,0,0,0,0,0,0,0,0
1,1,0,0,12,68,0,0,0,0,0,0,0,0,0,0,0,0,0,0,0,1,0
0,0,2,0,21,80,0,0,1,0,0,0,0,0,0,0,0,0,0,0,0,0,0
1,0,2,1,18,88,0,0,0,0,1,0,0,0,0,0,0,0,0,0,0,0,0
1,1,6,0,5,62,0,0,0,1,0,0,0,0,0,0,0,0,0,0,0,0,0
0,0,5,0,2,50,0,0,0,1,0,0,0,0,0,0,0,0,0,0,0,0,0
1,0,5,1,27,86,0,0,0,0,0,0,0,0,0,1,0,0,0,0,0,0,0
0,1,6,0,18,65,0,0,1,0,0,0,0,0,0,0,0,0,0,0,0,0,0
1,0,2,0,28,94,0,0,0,0,0,0,0,0,0,0,0,0,1,0,0,0,0
1,0,5,0,1,65,0,0,0,1,0,0,0,0,0,0,0,0,0,0,0,0,0
1,0,7,0,42,90,0,0,0,0,0,0,1,0,0,0,0,0,0,0,0,0,0
0,0,8,0,21,66,1,0,0,0,0,0,0,0,0,0,0,0,0,0,0,0,0
1,0,4,0,31,90,0,0,0,0,0,0,0,0,0,0,0,0,1,0,0,0,0
0,0,8,0,34,62,0,0,0,0,0,0,0,0,0,1,0,0,0,0,0,0,0
1,0,1,1,5,73,0,0,0,0,0,0,0,0,0,0,1,0,0,0,0,0,0
1,0,3,0,46,91,0,0,0,0,0,0,1,0,0,0,0,0,0,0,0,0,0
0,0,3,0,9,89,0,0,0,0,0,0,0,0,1,0,0,0,0,0,0,0,0
1,0,5,0,26,85,0,0,0,0,0,0,0,0,0,1,0,0,0,0,0,0,0
0,0,3,0,31,61,0,0,0,0,0,0,0,0,0,0,0,0,1,0,0,0,0
1,0,4,0,27,62,0,0,0,0,0,0,0,0,0,0,0,0,0,0,0,0,1
1,1,7,0,28,61,0,0,0,0,0,0,0,0,0,0,0,0,1,0,0,0,0
0,0,3,1,5,82,0,0,0,0,0,0,0,0,1,0,0,0,0,0,0,0,0
0,0,2,0,4,66,0,0,0,1,0,0,0,0,0,0,0,0,0,0,0,0,0
1,0,1,0,33,97,0,0,0,0,0,0,1,0,0,0,0,0,0,0,0,0,0
1,0,3,0,16,89,0,0,1,0,0,0,0,0,0,0,0,0,0,0,0,0,0
0,0,1,0,15,62,0,0,0,0,0,0,0,0,0,0,0,0,0,0,1,0,0
1,0,7,0,10,93,0,0,0,0,0,0,0,0,1,0,0,0,0,0,0,0,0
0,0,0,1,18,88,0,0,0,0,0,0,0,0,0,0,0,0,0,0,0,1,0
1,0,1,0,12,71,0,0,0,0,0,0,0,0,0,0,0,0,0,1,0,0,0
0,0,3,0,25,60,0,0,1,0,0,0,0,0,0,0,0,0,0,0,0,0,0
0,0,3,0,23,83,0,0,1,0,0,0,0,0,0,0,0,0,0,0,0,0,0
0,0,6,0,8,65,0,0,0,0,0,0,0,0,0,0,1,0,0,0,0,0,0
1,0,4,0,32,99,1,0,0,0,0,0,0,0,0,0,0,0,0,0,0,0,0
1,0,8,0,0,53,0,0,0,1,0,0,0,0,0,0,0,0,0,0,0,0,0
1,0,1,0,6,80,0,0,0,0,0,0,0,0,0,0,0,0,0,1,0,0,0
1,0,6,0,5,81,0,1,0,0,0,0,0,0,0,0,0,0,0,0,0,0,0
1,0,0,0,16,61,0,0,0,0,0,0,0,0,0,0,0,0,1,0,0,0,0
1,0,5,1,4,84,0,0,0,0,0,0,0,0,0,0,1,0,0,0,0,0,0
0,1,8,0,2,87,0,0,0,1,0,0,0,0,0,0,0,0,0,0,0,0,0
1,0,2,0,35,89,0,0,0,0,0,0,0,0,0,0,0,0,0,0,0,1,0
0,0,2,1,34,61,0,0,0,0,0,0,0,0,0,1,0,0,0,0,0,0,0
0,0,1,0,7,90,0,0,0,0,0,1,0,0,0,0,0,0,0,0,0,0,0
1,0,0,0,14,66,0,0,0,0,1,0,0,0,0,0,0,0,0,0,0,0,0
0,0,1,0,24,84,0,0,0,0,0,0,1,0,0,0,0,0,0,0,0,0,0
0,0,4,0,25,85,0,0,0,0,0,0,0,0,0,0,0,0,1,0,0,0,0
1,0,8,0,3,67,0,0,0,1,0,0,0,0,0,0,0,0,0,0,0,0,0
0,1,7,1,0,84,0,0,0,1,0,0,0,0,0,0,0,0,0,0,0,0,0
0,0,2,0,33,64,0,0,0,0,0,0,0,0,0,0,0,0,0,0,0,1,0
1,0,3,0,12,95,0,0,0,0,0,0,0,0,0,0,0,0,0,0,0,1,0
0,0,3,1,1,88,0,1,0,0,0,0,0,0,0,0,0,0,0,0,0,0,0
1,0,5,1,19,85,0,0,0,0,0,0,0,0,0,0,0,0,0,1,0,0,0
1,0,2,0,2,95,0,0,0,0,0,1,0,0,0,0,0,0,0,0,0,0,0
1,0,4,0,3,89,0,0,0,0,0,0,0,1,0,0,0,0,0,0,0,0,0
1,0,1,0,48,92,0,0,0,0,0,0,1,0,0,0,0,0,0,0,0,0,0
1,0,2,0,32,61,0,0,0,0,0,0,0,0,0,1,0,0,0,0,0,0,0
0,0,6,0,1,88,0,0,0,0,0,0,0,0,0,0,0,0,0,0,0,1,0
0,0,1,0,22,98,0,0,0,0,0,0,1,0,0,0,0,0,0,0,0,0,0
1,0,5,0,16,65,0,0,1,0,0,0,0,0,0,0,0,0,0,0,0,0,0
1,1,6,0,15,73,0,0,0,0,1,0,0,0,0,0,0,0,0,0,0,0,0
1,0,3,1,26,94,0,0,0,0,0,0,0,0,0,0,0,0,1,0,0,0,0
1,0,5,0,46,87,0,0,0,0,0,0,1,0,0,0,0,0,0,0,0,0,0
1,1,4,0,31,95,0,0,0,0,0,0,0,0,0,0,0,1,0,0,0,0,0
0,0,9,0,5,94,0,0,0,1,0,0,0,0,0,0,0,0,0,0,0,0,0
1,0,6,0,21,97,1,0,0,0,0,0,0,0,0,0,0,0,0,0,0,0,0
0,0,2,0,26,80,0,0,0,0,0,1,0,0,0,0,0,0,0,0,0,0,0
0,0,1,0,3,81,0,1,0,0,0,0,0,0,0,0,0,0,0,0,0,0,0
0,0,1,1,11,77,0,0,1,0,0,0,0,0,0,0,0,0,0,0,0,0,0
1,0,6,0,5,50,0,0,0,1,0,0,0,0,0,0,0,0,0,0,0,0,0
0,0,8,1,19,63,0,0,0,0,0,0,0,0,0,0,0,0,1,0,0,0,0
0,1,7,0,3,85,0,0,0,1,0,0,0,0,0,0,0,0,0,0,0,0,0
1,1,5,0,15,93,0,0,0,0,0,0,0,0,0,0,0,0,1,0,0,0,0
1,0,4,0,32,77,0,0,0,0,0,0,0,0,0,1,0,0,0,0,0,0,0
1,1,5,0,4,72,0,0,0,1,0,0,0,0,0,0,0,0,0,0,0,0,0
1,0,1,0,31,92,0,0,0,0,0,0,0,0,0,0,0,1,0,0,0,0,0
1,0,2,0,19,76,0,0,0,0,0,0,0,0,0,0,0,0,1,0,0,0,0
0,0,1,0,16,78,0,0,0,0,0,0,0,0,0,0,0,0,1,0,0,0,0
1,0,1,0,29,65,0,0,0,0,0,0,0,0,0,1,0,0,0,0,0,0,0
1,0,3,0,26,96,0,0,0,0,0,0,0,0,0,1,0,0,0,0,0,0,0
1,1,4,0,27,83,0,0,0,0,0,0,0,0,0,1,0,0,0,0,0,0,0
1,0,3,0,35,100,0,0,0,0,0,0,0,0,0,0,0,0,1,0,0,0,0
0,0,5,0,26,69,0,0,0,0,0,0,0,0,0,0,0,0,0,0,0,1,0
0,1,2,0,28,93,0,0,0,0,0,0,1,0,0,0,0,0,0,0,0,0,0
1,1,1,0,32,91,0,0,1,0,0,0,0,0,0,0,0,0,0,0,0,0,0
1,0,0,0,33,81,1,0,0,0,0,0,0,0,0,0,0,0,0,0,0,0,0
0,0,2,1,18,90,0,0,0,0,0,0,0,0,0,0,0,0,0,1,0,0,0
1,0,1,0,18,92,0,0,0,0,0,0,0,0,0,0,0,0,1,0,0,0,0
0,0,1,1,9,99,0,0,0,0,0,0,0,0,0,0,0,0,0,0,0,1,0
1,1,5,0,25,90,0,0,0,0,0,0,0,0,0,0,0,0,0,1,0,0,0
0,0,1,1,18,79,0,0,0,0,0,0,0,0,0,0,0,0,0,0,1,0,0
0,0,4,0,3,79,0,0,0,0,0,0,0,0,0,0,0,0,0,0,0,1,0
0,0,4,1,34,90,0,0,0,0,0,0,0,0,0,1,0,0,0,0,0,0,0
0,0,7,0,4,54,0,0,0,1,0,0,0,0,0,0,0,0,0,0,0,0,0
1,0,3,0,14,91,0,0,0,0,0,0,0,0,1,0,0,0,0,0,0,0,0
1,1,5,0,8,68,0,0,0,0,0,0,0,0,0,0,1,0,0,0,0,0,0
0,0,3,0,35,97,0,0,0,0,0,0,0,0,0,0,0,1,0,0,0,0,0
1,0,3,0,2,73,0,1,0,0,0,0,0,0,0,0,0,0,0,0,0,0,0
0,0,2,0,27,81,0,0,0,0,0,0,0,0,0,1,0,0,0,0,0,0,0
1,0,5,0,20,65,1,0,0,0,0,0,0,0,0,0,0,0,0,0,0,0,0
1,0,4,0,21,63,0,0,0,0,0,0,0,0,0,0,0,0,1,0,0,0,0
0,0,5,0,6,97,0,0,0,0,0,0,0,0,1,0,0,0,0,0,0,0,0
0,0,3,0,18,71,0,0,1,0,0,0,0,0,0,0,0,0,0,0,0,0,0
0,0,2,0,7,91,0,0,0,0,0,0,0,0,0,0,1,0,0,0,0,0,0
0,0,2,0,24,81,0,0,0,0,0,0,0,0,0,0,0,0,1,0,0,0,0
1,0,5,0,21,66,1,0,0,0,0,0,0,0,0,0,0,0,0,0,0,0,0
0,1,0,0,34,93,0,0,0,0,0,0,0,0,0,1,0,0,0,0,0,0,0
0,0,7,1,0,83,0,0,0,1,0,0,0,0,0,0,0,0,0,0,0,0,0
1,0,4,0,17,96,0,0,0,0,0,0,0,0,0,0,0,0,1,0,0,0,0
0,0,5,0,10,92,0,0,1,0,0,0,0,0,0,0,0,0,0,0,0,0,0
0,0,4,1,35,89,0,0,0,0,0,0,0,0,0,1,0,0,0,0,0,0,0
1,0,3,0,27,70,0,0,0,0,0,0,0,0,0,0,0,0,1,0,0,0,0
1,0,2,1,30,100,0,0,0,0,0,0,0,0,0,0,0,1,0,0,0,0,0
1,0,2,0,35,94,0,0,0,0,0,0,0,0,0,1,0,0,0,0,0,0,0
0,1,5,0,5,67,0,0,0,0,0,0,0,1,0,0,0,0,0,0,0,0,0
0,0,6,1,10,93,0,0,0,0,0,0,0,0,1,0,0,0,0,0,0,0,0
0,1,8,0,1,81,0,0,0,1,0,0,0,0,0,0,0,0,0,0,0,0,0
1,1,3,0,30,75,0,0,0,0,0,0,0,0,0,1,0,0,0,0,0,0,0
1,0,4,0,3,59,0,0,0,1,0,0,0,0,0,0,0,0,0,0,0,0,0
1,0,3,1,18,68,0,0,0,0,1,0,0,0,0,0,0,0,0,0,0,0,0
0,1,8,1,0,85,0,0,0,1,0,0,0,0,0,0,0,0,0,0,0,0,0
1,1,5,0,15,96,0,0,0,0,0,0,0,0,0,0,0,0,1,0,0,0,0
0,1,3,0,43,88,0,0,0,0,0,0,1,0,0,0,0,0,0,0,0,0,0
1,0,5,0,16,76,0,0,0,0,0,1,0,0,0,0,0,0,0,0,0,0,0
0,0,3,0,23,78,1,0,0,0,0,0,0,0,0,0,0,0,0,0,0,0,0
1,0,2,0,2,67,0,0,0,0,0,0,0,1,0,0,0,0,0,0,0,0,0
0,0,1,0,34,86,0,0,0,0,0,0,0,0,0,1,0,0,0,0,0,0,0
1,1,2,0,34,84,0,0,0,0,0,0,0,0,0,0,0,0,1,0,0,0,0
1,0,3,0,18,65,0,0,0,0,0,0,0,0,0,0,0,0,1,0,0,0,0
0,0,5,1,21,84,0,0,0,0,0,0,0,0,0,0,0,0,0,0,0,1,0
1,1,3,1,3,96,0,0,0,1,0,0,0,0,0,0,0,0,0,0,0,0,0
0,0,4,0,31,90,0,0,0,0,0,0,1,0,0,0,0,0,0,0,0,0,0
0,0,5,1,17,79,0,0,0,0,0,0,0,0,0,0,0,0,1,0,0,0,0
0,0,0,0,10,81,0,0,1,0,0,0,0,0,0,0,0,0,0,0,0,0,0
0,0,1,0,5,64,0,0,0,0,0,1,0,0,0,0,0,0,0,0,0,0,0
1,0,4,0,8,60,0,0,0,0,0,0,0,0,0,0,0,0,0,1,0,0,0
1,0,4,0,3,77,0,0,0,1,0,0,0,0,0,0,0,0,0,0,0,0,0
0,0,3,0,30,87,0,0,0,0,0,0,1,0,0,0,0,0,0,0,0,0,0
0,0,2,0,20,93,1,0,0,0,0,0,0,0,0,0,0,0,0,0,0,0,0
0,1,5,0,25,74,0,0,0,0,0,0,0,0,0,0,0,0,1,0,0,0,0
1,0,4,1,23,84,0,0,0,0,1,0,0,0,0,0,0,0,0,0,0,0,0
1,0,7,0,3,81,0,0,0,0,0,0,0,1,0,0,0,0,0,0,0,0,0
1,1,1,0,24,92,0,0,0,0,0,0,0,0,0,0,0,0,1,0,0,0,0
1,0,1,0,37,89,0,0,0,0,0,0,1,0,0,0,0,0,0,0,0,0,0
1,0,2,0,28,97,0,0,0,0,0,0,0,0,0,0,0,0,0,0,0,1,0
0,0,2,0,5,91,0,0,0,1,0,0,0,0,0,0,0,0,0,0,0,0,0
0,0,3,0,6,63,0,0,0,0,0,0,0,0,0,0,1,0,0,0,0,0,0
0,0,7,0,40,85,0,0,0,0,0,0,1,0,0,0,0,0,0,0,0,0,0
1,0,3,1,35,92,0,0,0,0,0,0,0,0,0,0,0,0,0,0,0,1,0
1,0,4,1,34,96,0,0,0,0,0,0,1,0,0,0,0,0,0,0,0,0,0
1,0,2,0,24,73,0,0,0,0,0,0,0,0,0,0,0,0,1,0,0,0,0
0,0,6,0,35,95,0,0,0,0,0,0,0,0,0,0,0,1,0,0,0,0,0
0,1,6,0,0,81,0,0,0,1,0,0,0,0,0,0,0,0,0,0,0,0,0
1,0,1,0,35,87,0,0,0,0,0,0,1,0,0,0,0,0,0,0,0,0,0
1,0,5,1,18,81,0,0,0,0,0,0,0,0,0,0,0,0,0,0,0,1,0
0,1,1,1,1,100,0,0,0,1,0,0,0,0,0,0,0,0,0,0,0,0,0
1,0,2,0,16,60,0,0,0,0,1,0,0,0,0,0,0,0,0,0,0,0,0
1,0,5,0,28,79,0,0,0,0,0,0,0,0,0,0,0,0,1,0,0,0,0
1,0,3,0,14,79,0,0,0,0,0,0,0,0,1,0,0,0,0,0,0,0,0
1,0,3,0,25,86,0,0,0,0,0,0,1,0,0,0,0,0,0,0,0,0,0
0,0,2,0,16,63,0,0,1,0,0,0,0,0,0,0,0,0,0,0,0,0,0
1,0,4,0,28,74,0,0,0,0,0,0,0,0,0,0,0,0,0,1,0,0,0
1,0,0,0,15,74,0,0,0,0,0,0,0,0,0,0,0,0,1,0,0,0,0
1,0,2,0,34,90,0,0,0,0,0,0,0,0,0,1,0,0,0,0,0,0,0
1,0,2,0,27,77,0,0,0,0,0,0,0,0,0,1,0,0,0,0,0,0,0
0,1,4,0,28,90,0,0,0,0,0,0,1,0,0,0,0,0,0,0,0,0,0
1,0,3,0,33,95,0,0,0,0,0,0,0,0,0,0,0,1,0,0,0,0,0
0,0,5,0,12,66,0,0,1,0,0,0,0,0,0,0,0,0,0,0,0,0,0
1,0,0,0,27,81,0,0,0,0,0,0,0,0,0,1,0,0,0,0,0,0,0
0,0,1,0,15,76,0,0,0,0,0,0,0,0,1,0,0,0,0,0,0,0,0
0,0,1,1,3,65,0,0,0,0,0,0,0,0,0,0,1,0,0,0,0,0,0
1,0,2,0,26,67,0,0,0,0,0,0,0,0,0,1,0,0,0,0,0,0,0
0,0,1,0,35,97,0,0,0,0,0,1,0,0,0,0,0,0,0,0,0,0,0
1,0,1,0,20,85,0,0,1,0,0,0,0,0,0,0,0,0,0,0,0,0,0
0,0,3,0,14,84,0,0,0,0,0,0,0,0,0,0,0,0,0,0,0,0,1
0,0,2,1,24,62,0,0,0,0,0,0,0,0,0,0,0,0,1,0,0,0,0
1,0,2,0,8,83,0,0,0,0,0,0,0,0,1,0,0,0,0,0,0,0,0
0,0,3,0,19,100,0,0,0,0,0,0,0,0,0,0,0,0,0,0,0,1,0
0,0,2,0,29,81,0,0,0,0,0,0,0,0,0,0,0,0,0,0,0,1,0
1,0,1,0,14,61,0,0,1,0,0,0,0,0,0,0,0,0,0,0,0,0,0
1,0,4,0,19,68,1,0,0,0,0,0,0,0,0,0,0,0,0,0,0,0,0
1,0,0,0,29,96,0,0,0,0,0,0,0,0,0,0,0,0,0,1,0,0,0
0,0,1,0,2,75,0,1,0,0,0,0,0,0,0,0,0,0,0,0,0,0,0
0,0,6,0,25,94,0,0,0,0,0,0,0,0,0,1,0,0,0,0,0,0,0
0,0,0,0,6,66,0,0,0,0,0,0,0,0,1,0,0,0,0,0,0,0,0
1,0,2,1,11,94,0,0,1,0,0,0,0,0,0,0,0,0,0,0,0,0,0
1,0,1,1,4,96,0,0,0,0,0,1,0,0,0,0,0,0,0,0,0,0,0
1,0,2,0,33,71,0,0,0,0,0,0,0,0,0,1,0,0,0,0,0,0,0
0,0,3,1,22,86,0,0,0,0,0,0,1,0,0,0,0,0,0,0,0,0,0
0,0,0,0,34,84,0,0,0,0,0,0,1,0,0,0,0,0,0,0,0,0,0
1,0,1,0,22,76,0,0,0,0,0,0,0,0,0,0,0,0,1,0,0,0,0
1,0,1,0,11,65,0,0,0,0,0,0,0,0,1,0,0,0,0,0,0,0,0
1,0,1,0,12,80,0,0,0,0,0,0,0,0,1,0,0,0,0,0,0,0,0
0,0,2,0,35,87,0,0,0,0,0,0,0,0,0,0,0,0,0,0,0,1,0
0,0,0,0,6,62,0,0,0,0,0,0,0,0,0,0,1,0,0,0,0,0,0
1,0,9,1,0,60,0,0,0,1,0,0,0,0,0,0,0,0,0,0,0,0,0
1,0,2,1,26,64,0,0,0,0,0,0,0,0,0,1,0,0,0,0,0,0,0
1,0,0,0,19,97,0,0,1,0,0,0,0,0,0,0,0,0,0,0,0,0,0
0,0,0,0,3,62,0,0,0,0,0,0,0,0,1,0,0,0,0,0,0,0,0
1,0,1,0,14,60,0,0,1,0,0,0,0,0,0,0,0,0,0,0,0,0,0
1,0,9,0,12,84,0,0,0,0,0,0,0,0,0,0,0,0,0,0,0,0,1
1,0,1,0,18,64,0,0,0,0,0,0,0,0,0,0,0,0,1,0,0,0,0
1,0,5,0,4,76,0,0,0,1,0,0,0,0,0,0,0,0,0,0,0,0,0
1,0,1,0,34,92,0,0,0,0,1,0,0,0,0,0,0,0,0,0,0,0,0
1,0,2,0,21,87,0,0,0,0,0,0,0,0,0,0,0,0,0,0,0,1,0
0,0,3,1,5,60,0,0,0,0,0,0,0,0,0,0,1,0,0,0,0,0,0
1,0,1,1,16,82,1,0,0,0,0,0,0,0,0,0,0,0,0,0,0,0,0
0,0,0,0,31,91,0,0,0,0,0,0,0,0,0,0,0,1,0,0,0,0,0
0,1,6,0,1,87,0,0,0,1,0,0,0,0,0,0,0,0,0,0,0,0,0
1,0,3,0,35,97,0,0,1,0,0,0,0,0,0,0,0,0,0,0,0,0,0
1,0,1,1,41,99,0,0,0,0,0,0,1,0,0,0,0,0,0,0,0,0,0
1,1,5,1,1,96,0,0,0,1,0,0,0,0,0,0,0,0,0,0,0,0,0
1,0,2,0,6,86,0,0,0,0,0,0,0,0,0,0,1,0,0,0,0,0,0
0,0,3,0,30,92,0,0,0,0,0,0,0,0,0,0,0,1,0,0,0,0,0
0,0,3,0,32,66,0,0,1,0,0,0,0,0,0,0,0,0,0,0,0,0,0
1,0,2,0,18,83,0,0,0,0,0,0,0,0,0,0,0,0,1,0,0,0,0
1,0,1,0,2,56,0,0,0,1,0,0,0,0,0,0,0,0,0,0,0,0,0
0,0,5,0,5,76,0,0,0,1,0,0,0,0,0,0,0,0,0,0,0,0,0
0,0,2,0,32,80,0,0,0,0,0,0,0,0,0,1,0,0,0,0,0,0,0
0,1,2,0,18,76,0,0,0,0,0,0,0,0,0,0,0,0,0,0,1,0,0
0,0,7,0,27,70,0,0,0,0,0,0,0,0,0,1,0,0,0,0,0,0,0
1,0,3,0,9,61,0,0,0,0,0,0,0,0,0,0,0,0,0,0,0,1,0
0,0,2,0,15,61,0,0,0,0,0,0,0,0,0,0,0,0,0,0,1,0,0
1,0,9,0,1,95,0,0,0,1,0,0,0,0,0,0,0,0,0,0,0,0,0
1,0,2,0,31,95,0,0,0,0,0,0,0,0,0,0,0,0,1,0,0,0,0
0,0,3,0,2,89,0,1,0,0,0,0,0,0,0,0,0,0,0,0,0,0,0
0,1,4,0,2,93,0,0,0,0,0,0,0,1,0,0,0,0,0,0,0,0,0
0,1,6,0,5,71,0,0,0,1,0,0,0,0,0,0,0,0,0,0,0,0,0
1,0,1,0,21,67,0,0,0,0,0,0,0,0,0,0,0,0,1,0,0,0,0
0,0,6,0,12,66,0,0,0,0,0,1,0,0,0,0,0,0,0,0,0,0,0
0,1,5,0,0,51,0,0,0,1,0,0,0,0,0,0,0,0,0,0,0,0,0
1,0,5,0,26,92,1,0,0,0,0,0,0,0,0,0,0,0,0,0,0,0,0
1,0,3,0,15,95,1,0,0,0,0,0,0,0,0,0,0,0,0,0,0,0,0
0,1,1,0,14,85,1,0,0,0,0,0,0,0,0,0,0,0,0,0,0,0,0
0,0,6,0,9,79,0,0,0,0,0,0,0,0,0,0,0,0,0,0,1,0,0
1,0,2,0,19,74,0,0,0,0,0,0,0,0,0,0,0,0,0,0,0,1,0
0,0,7,0,17,98,0,0,0,0,0,0,0,0,0,0,0,0,0,0,1,0,0
0,0,3,1,9,88,0,0,0,0,0,0,0,0,0,0,1,0,0,0,0,0,0
0,0,5,1,14,60,0,0,1,0,0,0,0,0,0,0,0,0,0,0,0,0,0
1,0,1,1,3,74,0,0,0,0,0,0,0,1,0,0,0,0,0,0,0,0,0
1,1,9,1,22,90,0,0,0,0,0,0,0,0,0,0,0,0,1,0,0,0,0
0,0,3,0,10,93,0,0,0,0,0,0,0,0,0,0,1,0,0,0,0,0,0
1,1,1,0,1,60,0,0,0,1,0,0,0,0,0,0,0,0,0,0,0,0,0
0,0,0,0,10,66,0,0,0,0,0,0,0,0,0,0,0,0,0,0,0,1,0
0,0,2,0,36,92,0,0,0,0,0,0,1,0,0,0,0,0,0,0,0,0,0
0,0,3,0,34,76,0,0,0,0,0,0,0,0,0,0,0,0,1,0,0,0,0
1,0,3,0,32,100,0,0,0,0,0,0,1,0,0,0,0,0,0,0,0,0,0
0,0,2,0,28,60,0,0,0,0,0,0,0,0,0,0,0,0,1,0,0,0,0
1,0,2,0,32,64,0,0,0,0,0,0,0,0,0,0,0,0,1,0,0,0,0
1,0,2,0,4,78,0,0,0,1,0,0,0,0,0,0,0,0,0,0,0,0,0
1,0,2,0,21,96,1,0,0,0,0,0,0,0,0,0,0,0,0,0,0,0,0
0,0,1,1,22,100,0,0,0,0,0,0,0,0,0,0,0,0,0,0,0,0,1
0,0,4,0,28,87,0,0,1,0,0,0,0,0,0,0,0,0,0,0,0,0,0
1,0,3,0,35,95,0,0,0,0,1,0,0,0,0,0,0,0,0,0,0,0,0
1,0,1,0,35,90,0,0,0,0,0,0,0,0,0,1,0,0,0,0,0,0,0
0,0,4,1,16,63,0,0,1,0,0,0,0,0,0,0,0,0,0,0,0,0,0
1,0,1,1,20,67,0,0,1,0,0,0,0,0,0,0,0,0,0,0,0,0,0
0,0,4,0,27,61,0,0,0,0,0,0,0,0,0,0,0,0,1,0,0,0,0
0,0,6,0,14,99,0,0,1,0,0,0,0,0,0,0,0,0,0,0,0,0,0
1,0,1,0,35,94,0,0,0,0,1,0,0,0,0,0,0,0,0,0,0,0,0
1,1,6,0,2,60,0,0,0,1,0,0,0,0,0,0,0,0,0,0,0,0,0
1,0,4,0,3,84,0,1,0,0,0,0,0,0,0,0,0,0,0,0,0,0,0
0,0,2,0,32,74,0,0,0,0,0,0,0,0,0,1,0,0,0,0,0,0,0
0,1,6,1,33,69,0,0,0,0,0,0,0,0,0,0,0,0,1,0,0,0,0
0,0,2,1,24,76,0,0,1,0,0,0,0,0,0,0,0,0,0,0,0,0,0
1,0,2,0,5,64,0,0,0,0,0,0,0,0,0,0,0,0,0,0,0,1,0
0,0,5,0,8,99,0,0,0,0,0,0,0,0,0,0,0,0,0,0,1,0,0
0,0,2,1,8,97,0,0,0,0,0,0,0,0,0,0,0,0,0,0,1,0,0
1,0,0,0,21,72,0,0,0,0,0,0,0,0,0,0,0,0,0,0,0,1,0
0,0,1,1,6,79,0,0,0,0,0,0,0,0,1,0,0,0,0,0,0,0,0
0,1,0,0,15,77,0,0,0,0,0,0,0,0,0,0,0,0,1,0,0,0,0
0,1,1,0,12,94,0,0,0,0,0,0,0,0,1,0,0,0,0,0,0,0,0
0,0,6,0,1,71,0,1,0,0,0,0,0,0,0,0,0,0,0,0,0,0,0
1,0,2,0,14,88,0,0,0,0,0,0,0,0,0,0,0,0,1,0,0,0,0
1,0,3,0,26,78,1,0,0,0,0,0,0,0,0,0,0,0,0,0,0,0,0
1,1,1,0,31,88,0,0,0,0,0,0,1,0,0,0,0,0,0,0,0,0,0
0,0,4,0,5,82,0,0,0,0,0,0,0,0,0,0,0,0,0,0,0,1,0
1,0,2,0,28,65,1,0,0,0,0,0,0,0,0,0,0,0,0,0,0,0,0
0,0,1,1,11,66,0,0,0,0,0,0,0,0,0,0,0,0,0,0,0,1,0
1,0,1,1,19,93,0,0,0,0,0,0,0,0,0,0,0,0,1,0,0,0,0
1,0,3,0,17,90,0,0,0,0,0,0,0,0,0,0,0,0,0,1,0,0,0
0,0,0,1,30,64,0,0,0,0,0,0,0,0,0,0,0,0,0,0,0,1,0
1,0,2,0,23,94,0,0,0,0,0,0,0,0,0,0,0,0,1,0,0,0,0
1,0,6,0,0,70,0,0,0,1,0,0,0,0,0,0,0,0,0,0,0,0,0
0,0,0,1,19,65,0,0,1,0,0,0,0,0,0,0,0,0,0,0,0,0,0
0,0,2,1,33,87,0,0,0,0,0,0,0,0,0,1,0,0,0,0,0,0,0
0,1,2,1,1,72,0,0,0,0,0,0,0,1,0,0,0,0,0,0,0,0,0
0,0,2,0,35,99,0,0,0,0,0,0,0,0,0,0,0,0,0,0,0,0,1
1,0,1,0,3,68,0,0,0,0,0,0,0,0,0,0,1,0,0,0,0,0,0
0,0,2,0,2,80,0,0,0,0,0,0,0,1,0,0,0,0,0,0,0,0,0
0,0,5,1,16,79,0,0,0,0,0,0,0,0,0,0,0,0,1,0,0,0,0
0,0,3,0,38,94,0,0,0,0,0,0,1,0,0,0,0,0,0,0,0,0,0
0,0,2,0,3,97,0,1,0,0,0,0,0,0,0,0,0,0,0,0,0,0,0
0,1,5,0,11,82,0,0,0,0,0,0,0,0,0,0,0,0,0,0,1,0,0
1,0,1,0,1,82,0,0,0,0,0,0,0,1,0,0,0,0,0,0,0,0,0
0,0,4,0,4,75,0,0,0,0,0,0,0,0,0,0,0,0,0,0,0,1,0
1,0,3,0,43,96,0,0,0,0,0,0,1,0,0,0,0,0,0,0,0,0,0
1,0,1,0,47,94,0,0,0,0,0,0,1,0,0,0,0,0,0,0,0,0,0
1,0,1,0,9,88,0,0,0,0,0,0,0,0,1,0,0,0,0,0,0,0,0
0,0,6,0,2,50,0,0,0,1,0,0,0,0,0,0,0,0,0,0,0,0,0
1,1,4,0,5,85,0,0,0,1,0,0,0,0,0,0,0,0,0,0,0,0,0
0,0,2,0,26,65,0,0,0,0,0,0,0,0,0,0,0,0,0,0,0,1,0
0,1,3,0,25,65,0,0,0,0,0,0,0,0,0,0,0,0,1,0,0,0,0
1,0,5,0,9,69,0,0,0,0,0,0,0,0,0,0,1,0,0,0,0,0,0
1,0,1,0,27,91,1,0,0,0,0,0,0,0,0,0,0,0,0,0,0,0,0
0,0,2,1,19,80,0,0,1,0,0,0,0,0,0,0,0,0,0,0,0,0,0
0,1,1,0,31,87,0,0,0,0,0,0,0,0,0,0,0,1,0,0,0,0,0
0,0,4,1,26,97,0,0,0,0,0,0,0,0,0,0,0,0,1,0,0,0,0
1,0,6,1,11,89,0,0,1,0,0,0,0,0,0,0,0,0,0,0,0,0,0
0,1,6,0,6,67,0,0,0,0,0,1,0,0,0,0,0,0,0,0,0,0,0
0,0,8,0,2,51,0,0,0,1,0,0,0,0,0,0,0,0,0,0,0,0,0
1,0,7,0,5,69,0,0,0,1,0,0,0,0,0,0,0,0,0,0,0,0,0
0,0,3,0,27,80,0,0,0,0,0,0,0,0,0,1,0,0,0,0,0,0,0
0,0,2,0,30,92,0,0,0,0,0,0,0,0,0,1,0,0,0,0,0,0,0
1,0,5,0,21,68,0,0,0,0,0,0,0,0,0,0,0,0,1,0,0,0,0
0,0,0,0,8,74,0,0,0,0,0,0,0,0,0,0,0,0,0,0,1,0,0
0,0,2,0,21,79,0,0,1,0,0,0,0,0,0,0,0,0,0,0,0,0,0
1,1,3,0,18,68,0,0,1,0,0,0,0,0,0,0,0,0,0,0,0,0,0
1,0,4,0,3,92,0,0,0,0,0,0,0,0,1,0,0,0,0,0,0,0,0
1,0,1,0,32,87,0,0,0,0,0,0,1,0,0,0,0,0,0,0,0,0,0
0,0,6,0,8,75,0,0,0,0,0,1,0,0,0,0,0,0,0,0,0,0,0
1,0,2,0,3,76,0,0,0,0,0,0,0,0,0,0,0,0,0,0,0,1,0
1,0,2,0,17,85,0,0,0,0,0,0,0,0,0,0,0,0,0,1,0,0,0
1,0,0,0,17,82,0,0,0,0,0,0,0,0,0,0,0,0,1,0,0,0,0
0,0,4,0,27,70,0,0,0,0,0,0,0,0,0,1,0,0,0,0,0,0,0
1,0,2,1,12,99,0,0,1,0,0,0,0,0,0,0,0,0,0,0,0,0,0
1,0,3,0,46,95,0,0,0,0,0,0,1,0,0,0,0,0,0,0,0,0,0
1,0,1,0,19,82,1,0,0,0,0,0,0,0,0,0,0,0,0,0,0,0,0
1,0,2,0,30,73,0,0,0,0,1,0,0,0,0,0,0,0,0,0,0,0,0
1,0,2,0,20,80,0,0,0,0,0,0,0,0,0,0,0,0,1,0,0,0,0
0,0,5,0,14,93,0,0,0,0,0,0,0,0,0,0,0,0,1,0,0,0,0
0,0,5,0,27,69,1,0,0,0,0,0,0,0,0,0,0,0,0,0,0,0,0
