gender,part_time_job,absence_days,extracurricular_activities,weekly_self_study_hours,geography_score,career_Accountant,career_Artist,career_Banker,career_Business Owner,career_Construction Engineer,career_Designer,career_Doctor,career_Game Developer,career_Government Officer,career_Lawyer,career_Real Estate Developer,career_Scientist,career_Software Engineer,career_Stock Investor,career_Teacher,career_Unknown,career_Writer
1,0,3,0,27,87,0,0,0,0,0,0,0,0,0,1,0,0,0,0,0,0,0
0,0,2,0,47,90,0,0,0,0,0,0,1,0,0,0,0,0,0,0,0,0,0
0,0,9,1,13,94,0,0,0,0,0,0,0,0,1,0,0,0,0,0,0,0,0
0,0,5,0,3,86,0,1,0,0,0,0,0,0,0,0,0,0,0,0,0,0,0
1,0,5,0,10,76,0,0,0,0,0,0,0,0,0,0,0,0,0,0,0,1,0
0,0,2,0,26,84,0,0,0,0,0,0,0,0,0,0,0,0,0,0,0,1,0
1,0,3,1,23,64,0,0,0,0,0,0,0,0,0,0,0,0,1,0,0,0,0
1,1,2,1,34,85,0,0,0,0,0,0,0,0,0,0,0,0,1,0,0,0,0
1,0,6,0,25,72,0,0,0,0,0,0,0,0,0,0,0,0,0,0,0,1,0
0,0,3,1,18,73,0,0,0,0,0,0,0,0,0,0,0,0,0,0,1,0,0
0,0,2,0,7,66,0,0,0,0,0,0,0,0,0,0,0,0,0,0,1,0,0
1,0,1,0,7,61,0,0,0,0,0,0,0,0,0,0,0,0,0,0,0,1,0
0,1,7,0,4,73,0,0,0,1,0,0,0,0,0,0,0,0,0,0,0,0,0
0,0,3,0,39,87,0,0,0,0,0,0,1,0,0,0,0,0,0,0,0,0,0
1,0,6,0,0,84,0,0,0,1,0,0,0,0,0,0,0,0,0,0,0,0,0
0,0,3,1,30,72,0,0,0,0,0,0,0,0,0,0,0,1,0,0,0,0,0
1,0,2,1,28,77,0,0,0,0,0,0,0,0,0,0,0,0,1,0,0,0,0
1,0,1,0,37,86,0,0,0,0,0,0,1,0,0,0,0,0,0,0,0,0,0
0,0,2,0,27,100,0,0,0,0,0,0,0,0,0,0,0,0,1,0,0,0,0
1,1,3,0,15,72,0,0,0,0,0,0,0,0,0,0,0,0,1,0,0,0,0
1,0,8,0,4,88,0,0,0,1,0,0,0,0,0,0,0,0,0,0,0,0,0
0,0,9,0,2,90,0,0,0,1,0,0,0,0,0,0,0,0,0,0,0,0,0
1,0,9,0,1,79,0,0,0,1,0,0,0,0,0,0,0,0,0,0,0,0,0
0,0,4,0,35,93,0,0,0,0,0,0,0,0,0,0,0,0,1,0,0,0,0
0,0,5,0,22,99,0,0,0,0,0,0,1,0,0,0,0,0,0,0,0,0,0
1,0,3,0,34,90,0,0,1,0,0,0,0,0,0,0,0,0,0,0,0,0,0
1,0,0,0,23,85,0,0,0,0,0,0,0,0,0,0,0,0,0,0,0,0,1
1,0,1,1,17,83,1,0,0,0,0,0,0,0,0,0,0,0,0,0,0,0,0
0,0,3,0,19,73,1,0,0,0,0,0,0,0,0,0,0,0,0,0,0,0,0
0,0,0,0,14,72,0,0,0,0,0,0,0,0,0,0,0,0,1,0,0,0,0
0,0,4,0,30,72,0,0,0,0,0,1,0,0,0,0,0,0,0,0,0,0,0
1,0,4,0,30,62,1,0,0,0,0,0,0,0,0,0,0,0,0,0,0,0,0
0,0,1,0,24,68,0,0,1,0,0,0,0,0,0,0,0,0,0,0,0,0,0
0,0,3,1,31,62,0,0,0,0,0,0,0,0,0,0,0,0,0,0,0,1,0
0,0,1,0,21,65,0,0,0,0,0,0,0,0,0,0,0,0,0,0,0,1,0
1,0,2,1,19,96,0,0,0,0,1,0,0,0,0,0,0,0,0,0,0,0,0
1,0,1,0,29,88,0,0,0,0,1,0,0,0,0,0,0,0,0,0,0,0,0
1,0,4,0,21,78,0,0,1,0,0,0,0,0,0,0,0,0,0,0,0,0,0
1,0,4,0,18,95,1,0,0,0,0,0,0,0,0,0,0,0,0,0,0,0,0
0,0,4,0,31,81,0,0,0,0,0,0,0,0,0,0,0,0,1,0,0,0,0
1,1,7,0,4,86,0,0,0,1,0,0,0,0,0,0,0,0,0,0,0,0,0
0,1,6,0,3,63,0,0,0,1,0,0,0,0,0,0,0,0,0,0,0,0,0
0,0,4,0,3,66,0,0,0,0,0,0,0,1,0,0,0,0,0,0,0,0,0
1,1,4,0,3,83,0,0,0,1,0,0,0,0,0,0,0,0,0,0,0,0,0
1,1,5,1,5,96,0,0,0,1,0,0,0,0,0,0,0,0,0,0,0,0,0
0,0,5,1,27,87,0,0,0,0,0,0,0,0,0,1,0,0,0,0,0,0,0
1,0,0,1,28,65,0,0,0,0,0,0,0,0,0,0,0,0,0,1,0,0,0
0,0,4,0,32,100,0,0,0,0,0,0,0,0,0,0,0,0,0,0,0,1,0
0,0,0,0,14,74,1,0,0,0,0,0,0,0,0,0,0,0,0,0,0,0,0
1,0,6,1,16,94,0,0,0,0,0,0,0,0,0,0,0,0,0,1,0,0,0
0,0,2,0,24,61,0,0,0,0,0,0,0,0,0,1,0,0,0,0,0,0,0
1,0,9,0,0,70,0,0,0,1,0,0,0,0,0,0,0,0,0,0,0,0,0
0,0,3,0,32,68,0,0,1,0,0,0,0,0,0,0,0,0,0,0,0,0,0
1,0,2,0,3,83,0,0,0,0,0,0,0,1,0,0,0,0,0,0,0,0,0
0,0,6,0,31,99,0,0,0,0,0,0,0,0,0,0,0,0,1,0,0,0,0
0,0,3,0,21,62,0,0,0,0,0,0,0,0,0,0,0,0,0,0,0,1,0
1,1,2,0,18,99,0,0,1,0,0,0,0,0,0,0,0,0,0,0,0,0,0
1,0,7,0,26,77,0,0,0,0,0,0,0,0,0,0,0,0,1,0,0,0,0
1,0,4,0,23,98,0,0,0,0,0,0,0,0,0,0,0,0,1,0,0,0,0
0,0,2,0,1,76,0,0,0,0,0,0,0,1,0,0,0,0,0,0,0,0,0
0,0,5,0,33,73,0,0,0,0,0,0,0,0,0,1,0,0,0,0,0,0,0
1,0,7,0,2,62,0,0,0,1,0,0,0,0,0,0,0,0,0,0,0,0,0
0,0,1,0,34,69,0,0,1,0,0,0,0,0,0,0,0,0,0,0,0,0,0
1,0,2,0,18,78,0,0,0,0,1,0,0,0,0,0,0,0,0,0,0,0,0
0,1,6,0,2,88,0,0,0,1,0,0,0,0,0,0,0,0,0,0,0,0,0
1,0,3,0,27,80,0,0,0,0,0,0,0,0,0,0,0,0,1,0,0,0,0
1,0,2,0,8,91,0,0,0,0,0,0,0,0,0,0,1,0,0,0,0,0,0
1,0,4,0,14,88,0,0,0,0,0,0,0,0,0,0,0,0,1,0,0,0,0
0,0,1,0,15,70,0,0,0,0,0,1,0,0,0,0,0,0,0,0,0,0,0
0,1,3,0,22,73,0,0,0,0,0,0,0,0,0,0,0,0,0,0,0,0,1
1,1,8,0,3,68,0,0,0,1,0,0,0,0,0,0,0,0,0,0,0,0,0
0,0,2,0,20,87,0,0,0,0,0,0,0,0,0,0,0,0,1,0,0,0,0
0,0,7,1,27,77,0,0,0,0,0,0,0,0,0,0,0,0,1,0,0,0,0
0,0,3,0,24,80,0,0,0,0,0,0,0,0,0,0,0,0,1,0,0,0,0
0,0,1,1,5,65,0,0,0,0,0,0,0,0,0,0,0,0,0,0,0,1,0
0,0,7,0,34,64,0,0,0,0,0,0,0,0,0,0,0,0,0,0,0,1,0
1,0,3,0,16,92,0,0,0,0,0,0,0,0,0,0,0,0,1,0,0,0,0
0,1,3,0,3,65,0,0,0,1,0,0,0,0,0,0,0,0,0,0,0,0,0
0,0,1,0,15,67,0,0,0,0,0,0,0,0,0,0,0,0,0,1,0,0,0
0,0,7,0,11,75,0,0,0,0,0,0,0,0,1,0,0,0,0,0,0,0,0
1,0,7,0,32,72,0,0,0,0,0,0,0,0,0,0,0,1,0,0,0,0,0
1,0,3,0,28,87,0,0,0,0,0,0,0,0,0,0,0,0,0,0,0,1,0
1,0,1,0,24,66,0,0,0,0,0,0,0,0,0,0,0,0,1,0,0,0,0
0,0,2,0,9,90,0,0,0,0,0,0,0,0,1,0,0,0,0,0,0,0,0
0,0,3,1,14,70,0,0,0,0,0,0,0,0,0,0,0,0,1,0,0,0,0
1,0,3,0,16,100,0,0,0,0,0,0,0,0,0,0,0,0,0,1,0,0,0
1,0,3,0,29,73,0,0,0,0,0,0,0,0,0,0,0,0,1,0,0,0,0
1,0,0,0,14,68,1,0,0,0,0,0,0,0,0,0,0,0,0,0,0,0,0
1,0,4,0,10,93,0,0,0,0,0,0,0,0,1,0,0,0,0,0,0,0,0
1,0,5,0,31,83,0,0,0,0,0,0,0,0,0,0,0,0,1,0,0,0,0
1,0,4,0,34,86,0,0,0,0,0,0,0,0,0,0,0,0,0,1,0,0,0
0,0,5,0,3,85,0,0,0,0,0,0,0,0,0,0,0,0,0,0,0,1,0
0,0,2,1,34,94,0,0,0,0,0,0,0,0,0,0,0,0,1,0,0,0,0
0,0,3,1,2,91,0,1,0,0,0,0,0,0,0,0,0,0,0,0,0,0,0
1,0,3,0,4,88,0,0,0,0,0,0,0,0,0,0,1,0,0,0,0,0,0
1,1,0,0,28,86,0,0,0,0,0,0,0,0,0,1,0,0,0,0,0,0,0
0,0,0,0,5,98,0,0,0,0,0,0,0,1,0,0,0,0,0,0,0,0,0
0,0,2,0,4,77,0,1,0,0,0,0,0,0,0,0,0,0,0,0,0,0,0
0,0,2,0,25,65,0,0,0,0,0,0,0,0,0,0,0,0,1,0,0,0,0
1,0,5,0,29,99,0,0,0,0,0,0,0,0,0,0,0,0,0,0,0,0,1
1,1,6,0,1,79,0,1,0,0,0,0,0,0,0,0,0,0,0,0,0,0,0
0,0,7,0,2,99,0,0,0,1,0,0,0,0,0,0,0,0,0,0,0,0,0
0,0,2,0,0,77,0,0,0,0,0,0,0,0,0,0,1,0,0,0,0,0,0
0,0,3,0,16,84,1,0,0,0,0,0,0,0,0,0,0,0,0,0,0,0,0
1,0,3,1,31,86,0,0,0,0,0,0,0,0,0,0,0,1,0,0,0,0,0
0,0,1,0,4,95,0,0,0,0,0,0,0,0,0,0,0,0,0,0,0,1,0
1,0,5,1,13,82,1,0,0,0,0,0,0,0,0,0,0,0,0,0,0,0,0
1,0,4,0,24,64,0,0,0,0,0,0,0,0,0,0,0,0,0,1,0,0,0
0,1,9,0,2,76,0,0,0,1,0,0,0,0,0,0,0,0,0,0,0,0,0
1,1,2,1,4,86,0,0,0,1,0,0,0,0,0,0,0,0,0,0,0,0,0
0,0,1,0,22,81,0,0,1,0,0,0,0,0,0,0,0,0,0,0,0,0,0
1,0,6,1,0,100,0,0,0,1,0,0,0,0,0,0,0,0,0,0,0,0,0
1,0,2,0,24,77,0,0,0,0,0,0,0,0,0,0,0,0,0,0,0,1,0
0,0,6,0,1,95,0,0,0,1,0,0,0,0,0,0,0,0,0,0,0,0,0
0,0,1,0,19,75,0,0,0,0,0,0,0,0,0,0,0,0,0,0,0,1,0
1,0,1,1,19,93,0,0,0,0,0,0,0,0,0,0,0,0,1,0,0,0,0
0,0,6,0,5,64,0,0,0,1,0,0,0,0,0,0,0,0,0,0,0,0,0
0,1,0,0,13,91,0,0,0,0,0,0,0,0,0,0,0,0,0,0,1,0,0
1,0,4,0,26,75,0,0,0,0,0,0,1,0,0,0,0,0,0,0,0,0,0
1,0,4,0,41,85,0,0,0,0,0,0,1,0,0,0,0,0,0,0,0,0,0
0,0,3,0,47,89,0,0,0,0,0,0,1,0,0,0,0,0,0,0,0,0,0
0,0,2,0,9,71,0,0,0,0,0,0,0,0,0,0,0,0,0,0,0,1,0
0,0,4,0,7,71,0,0,0,0,0,0,0,0,0,0,0,0,0,0,0,1,0
1,0,1,0,3,78,0,0,0,0,0,0,0,1,0,0,0,0,0,0,0,0,0
1,0,4,1,14,75,1,0,0,0,0,0,0,0,0,0,0,0,0,0,0,0,0
0,0,4,0,26,86,0,0,0,0,0,0,0,0,0,0,0,0,0,0,0,1,0
1,0,6,1,27,69,0,0,0,0,0,0,0,0,0,0,0,0,0,0,0,1,0
0,1,5,0,25,87,0,0,0,0,0,0,0,0,0,0,0,0,0,1,0,0,0
0,1,4,0,16,69,0,0,1,0,0,0,0,0,0,0,0,0,0,0,0,0,0
0,0,4,0,27,79,0,0,0,0,0,0,0,0,0,0,0,0,1,0,0,0,0
1,1,6,0,0,78,0,0,0,1,0,0,0,0,0,0,0,0,0,0,0,0,0
1,0,1,0,3,74,0,0,0,0,0,1,0,0,0,0,0,0,0,0,0,0,0
0,0,2,0,6,86,0,0,0,0,0,1,0,0,0,0,0,0,0,0,0,0,0
1,0,2,0,12,76,0,0,1,0,0,0,0,0,0,0,0,0,0,0,0,0,0
0,0,1,1,11,95,0,0,1,0,0,0,0,0,0,0,0,0,0,0,0,0,0
0,0,4,0,23,81,0,0,0,0,0,0,0,0,0,0,0,0,1,0,0,0,0
1,0,2,0,23,78,0,0,0,0,0,0,1,0,0,0,0,0,0,0,0,0,0
1,0,0,0,16,93,0,0,0,0,0,0,0,0,0,0,0,0,1,0,0,0,0
1,1,2,1,3,100,0,1,0,0,0,0,0,0,0,0,0,0,0,0,0,0,0
0,0,1,0,29,100,0,0,0,0,0,0,0,0,0,1,0,0,0,0,0,0,0
1,0,3,1,18,75,0,0,0,0,0,0,0,0,0,0,0,0,1,0,0,0,0
0,0,0,0,3,88,0,0,0,0,0,0,0,1,0,0,0,0,0,0,0,0,0
1,0,3,0,6,92,0,0,0,0,0,0,0,0,0,0,1,0,0,0,0,0,0
1,0,8,0,2,78,0,0,0,1,0,0,0,0,0,0,0,0,0,0,0,0,0
1,0,0,0,34,74,0,0,0,0,0,0,0,0,0,1,0,0,0,0,0,0,0
0,0,4,1,22,74,0,0,0,0,0,0,0,0,0,0,0,0,0,0,0,1,0
0,1,5,0,4,93,0,0,0,1,0,0,0,0,0,0,0,0,0,0,0,0,0
0,0,3,0,3,60,0,0,0,0,0,0,0,0,0,0,0,0,0,0,0,1,0
0,0,5,0,18,82,0,0,0,0,0,0,0,0,0,0,0,0,0,0,0,1,0
1,0,0,0,8,81,0,0,0,0,0,0,0,0,0,0,1,0,0,0,0,0,0
0,0,1,0,33,98,0,0,0,0,0,0,0,0,0,0,0,0,1,0,0,0,0
1,0,0,1,13,65,0,0,0,0,0,0,0,0,0,0,0,0,0,0,0,1,0
0,0,0,1,17,95,0,0,0,0,0,0,0,0,0,0,0,0,0,0,0,1,0
1,1,8,0,1,96,0,0,0,1,0,0,0,0,0,0,0,0,0,0,0,0,0
1,1,7,1,3,65,0,0,0,1,0,0,0,0,0,0,0,0,0,0,0,0,0
1,1,4,1,33,79,0,0,0,0,0,0,0,0,0,0,0,0,0,0,0,1,0
1,0,1,0,12,87,0,0,0,0,0,0,0,0,0,0,0,0,0,0,0,1,0
1,1,3,0,24,72,0,0,0,0,1,0,0,0,0,0,0,0,0,0,0,0,0
1,0,4,0,33,91,0,0,0,0,1,0,0,0,0,0,0,0,0,0,0,0,0
1,0,1,1,44,93,0,0,0,0,0,0,1,0,0,0,0,0,0,0,0,0,0
0,0,1,0,15,88,0,0,0,0,0,0,0,0,0,0,0,0,0,0,1,0,0
0,0,2,0,5,73,0,0,0,0,0,0,0,1,0,0,0,0,0,0,0,0,0
0,1,7,0,5,61,0,0,0,1,0,0,0,0,0,0,0,0,0,0,0,0,0
0,0,5,0,22,76,0,0,0,0,0,0,0,0,0,0,0,0,0,0,0,1,0
1,0,1,0,9,66,0,0,0,0,0,0,0,0,0,0,0,0,0,0,0,1,0
1,0,4,1,34,99,0,0,0,0,0,0,0,0,0,0,0,0,1,0,0,0,0
0,0,1,0,34,71,0,0,0,0,0,0,0,0,0,1,0,0,0,0,0,0,0
0,0,4,0,25,81,0,0,0,0,0,0,0,0,0,0,0,0,0,1,0,0,0
0,0,5,1,31,79,1,0,0,0,0,0,0,0,0,0,0,0,0,0,0,0,0
1,0,1,0,33,81,0,0,0,0,0,0,0,0,0,1,0,0,0,0,0,0,0
1,0,2,0,20,90,0,0,0,0,0,0,0,0,0,0,0,0,0,0,0,1,0
1,0,3,0,15,83,1,0,0,0,0,0,0,0,0,0,0,0,0,0,0,0,0
0,0,3,0,26,61,0,0,1,0,0,0,0,0,0,0,0,0,0,0,0,0,0
0,0,5,0,35,89,0,0,0,0,0,0,0,0,0,0,0,0,1,0,0,0,0
1,0,4,0,12,79,0,0,0,0,1,0,0,0,0,0,0,0,0,0,0,0,0
1,0,2,1,5,93,0,0,0,0,0,0,0,0,0,0,0,0,0,0,0,1,0
1,0,1,0,31,62,0,0,0,0,0,0,0,0,0,1,0,0,0,0,0,0,0
0,0,3,1,28,85,0,0,0,0,0,0,0,0,0,0,0,0,0,0,0,1,0
1,0,8,1,5,77,0,0,0,1,0,0,0,0,0,0,0,0,0,0,0,0,0
0,0,1,0,33,95,0,0,0,0,0,0,0,0,0,0,0,0,1,0,0,0,0
0,0,3,0,2,85,0,1,0,0,0,0,0,0,0,0,0,0,0,0,0,0,0
0,0,5,1,9,80,0,0,0,0,0,0,0,0,0,0,1,0,0,0,0,0,0
0,1,2,1,0,76,0,0,0,1,0,0,0,0,0,0,0,0,0,0,0,0,0
1,0,5,0,26,67,0,0,0,0,0,0,0,0,0,0,0,0,0,0,0,1,0
0,0,5,0,30,87,0,0,0,0,0,0,0,0,0,0,0,1,0,0,0,0,0
0,0,7,0,1,60,0,0,0,0,0,0,0,1,0,0,0,0,0,0,0,0,0
1,0,1,1,26,85,0,0,0,0,0,0,0,0,0,0,0,0,1,0,0,0,0
0,0,2,0,2,80,0,0,0,0,0,0,0,1,0,0,0,0,0,0,0,0,0
1,0,5,0,9,69,0,0,0,0,0,0,0,0,0,0,0,0,0,1,0,0,0
0,0,2,0,30,94,0,0,0,0,0,0,0,0,0,0,0,1,0,0,0,0,0
0,0,3,0,24,67,0,0,0,0,0,0,0,0,0,0,0,0,0,1,0,0,0
1,0,4,0,21,64,0,0,0,0,0,0,0,0,0,0,0,0,1,0,0,0,0
0,0,2,0,14,67,0,0,0,0,0,0,0,0,0,0,0,0,0,0,1,0,0
0,0,1,0,24,94,0,0,0,0,0,0,0,0,0,0,0,0,1,0,0,0,0
0,0,3,0,34,78,0,0,0,0,0,0,0,0,0,1,0,0,0,0,0,0,0
1,0,1,1,34,96,1,0,0,0,0,0,0,0,0,0,0,0,0,0,0,0,0
1,0,6,1,27,100,0,0,0,0,0,0,0,0,0,0,0,0,1,0,0,0,0
0,0,3,0,16,71,1,0,0,0,0,0,0,0,0,0,0,0,0,0,0,0,0
0,0,1,1,21,96,1,0,0,0,0,0,0,0,0,0,0,0,0,0,0,0,0
0,0,1,0,1,98,0,1,0,0,0,0,0,0,0,0,0,0,0,0,0,0,0
1,0,3,0,17,79,0,0,0,0,0,0,0,0,0,0,0,0,1,0,0,0,0
1,0,5,0,0,92,0,0,0,0,0,0,0,0,0,0,0,0,0,0,0,1,0
1,0,3,1,12,99,1,0,0,0,0,0,0,0,0,0,0,0,0,0,0,0,0
0,0,2,0,22,76,0,0,1,0,0,0,0,0,0,0,0,0,0,0,0,0,0
0,0,1,1,14,86,0,0,0,0,0,0,0,0,0,0,0,0,0,0,1,0,0
1,0,0,0,41,96,0,0,0,0,0,0,1,0,0,0,0,0,0,0,0,0,0
1,0,4,0,32,71,0,0,0,0,1,0,0,0,0,0,0,0,0,0,0,0,0
1,1,1,0,4,68,0,0,0,1,0,0,0,0,0,0,0,0,0,0,0,0,0
0,0,1,0,22,64,0,0,0,0,0,0,1,0,0,0,0,0,0,0,0,0,0
0,0,3,0,17,91,0,0,1,0,0,0,0,0,0,0,0,0,0,0,0,0,0
1,0,2,0,2,78,0,1,0,0,0,0,0,0,0,0,0,0,0,0,0,0,0
0,0,4,0,33,97,0,0,1,0,0,0,0,0,0,0,0,0,0,0,0,0,0
0,0,5,0,29,97,0,0,1,0,0,0,0,0,0,0,0,0,0,0,0,0,0
0,1,1,0,27,63,0,0,0,0,0,0,0,0,0,0,0,0,0,0,0,1,0
1,0,6,1,34,72,0,0,1,0,0,0,0,0,0,0,0,0,0,0,0,0,0
1,0,3,0,2,84,0,0,0,0,0,0,0,0,0,0,1,0,0,0,0,0,0
0,0,3,0,22,74,0,0,0,0,0,0,0,0,0,0,0,0,1,0,0,0,0
1,0,7,0,33,99,0,0,0,0,0,0,0,0,0,0,0,0,1,0,0,0,0
1,0,5,0,17,72,0,0,0,0,0,1,0,0,0,0,0,0,0,0,0,0,0
1,0,7,0,4,99,0,0,0,1,0,0,0,0,0,0,0,0,0,0,0,0,0
0,0,7,1,3,87,0,0,0,1,0,0,0,0,0,0,0,0,0,0,0,0,0
0,0,7,0,3,85,0,0,0,1,0,0,0,0,0,0,0,0,0,0,0,0,0
0,0,7,1,17,96,0,0,0,0,0,0,0,0,0,0,0,0,1,0,0,0,0
1,0,3,0,6,80,0,0,0,0,0,0,0,0,0,0,1,0,0,0,0,0,0
1,0,7,0,9,68,0,0,0,0,0,0,0,0,0,0,0,0,0,0,0,1,0
1,1,2,0,35,89,0,0,0,0,0,0,0,0,0,0,0,0,1,0,0,0,0
0,0,3,0,17,94,0,0,0,0,0,0,0,0,0,0,0,0,1,0,0,0,0
0,0,1,0,7,85,0,0,0,0,0,0,0,0,1,0,0,0,0,0,0,0,0
1,0,5,0,16,71,0,0,0,0,0,1,0,0,0,0,0,0,0,0,0,0,0
0,0,1,0,20,84,0,0,0,0,0,0,0,0,0,0,0,0,1,0,0,0,0
1,1,7,0,0,94,0,0,0,1,0,0,0,0,0,0,0,0,0,0,0,0,0
1,0,2,0,27,73,0,0,0,0,0,0,0,0,0,1,0,0,0,0,0,0,0
1,0,0,0,24,75,0,0,0,0,1,0,0,0,0,0,0,0,0,0,0,0,0
1,0,2,0,30,91,0,0,0,0,0,0,0,0,0,0,0,0,0,0,0,1,0
1,0,6,0,20,67,0,0,0,0,0,0,0,0,0,0,0,0,1,0,0,0,0
1,0,0,0,27,87,0,0,0,0,0,0,0,0,0,0,0,0,1,0,0,0,0
1,0,6,0,2,85,0,0,0,1,0,0,0,0,0,0,0,0,0,0,0,0,0
0,0,6,0,16,86,0,0,1,0,0,0,0,0,0,0,0,0,0,0,0,0,0
1,1,1,0,27,65,0,0,1,0,0,0,0,0,0,0,0,0,0,0,0,0,0
1,0,4,1,24,69,1,0,0,0,0,0,0,0,0,0,0,0,0,0,0,0,0
1,0,4,0,23,88,1,0,0,0,0,0,0,0,0,0,0,0,0,0,0,0,0
1,0,1,0,15,93,0,0,0,0,0,0,0,0,1,0,0,0,0,0,0,0,0
1,0,3,0,25,79,0,0,0,0,0,0,0,0,0,0,0,0,0,1,0,0,0
0,0,2,0,32,83,0,0,0,0,0,0,0,0,0,0,0,0,1,0,0,0,0
1,0,3,0,35,97,0,0,0,0,0,0,0,0,0,1,0,0,0,0,0,0,0
0,0,3,0,3,87,0,1,0,0,0,0,0,0,0,0,0,0,0,0,0,0,0
0,0,1,0,28,94,0,0,0,0,0,1,0,0,0,0,0,0,0,0,0,0,0
1,0,1,0,3,84,0,0,0,0,0,0,0,1,0,0,0,0,0,0,0,0,0
0,0,0,0,21,78,1,0,0,0,0,0,0,0,0,0,0,0,0,0,0,0,0
1,0,3,0,35,93,0,0,0,0,0,0,0,0,0,0,0,0,0,0,0,1,0
0,0,7,1,35,100,0,0,0,0,0,0,0,0,0,0,0,0,1,0,0,0,0
0,0,7,1,14,93,1,0,0,0,0,0,0,0,0,0,0,0,0,0,0,0,0
0,1,7,0,1,61,0,0,0,1,0,0,0,0,0,0,0,0,0,0,0,0,0
0,0,9,1,0,65,0,0,0,1,0,0,0,0,0,0,0,0,0,0,0,0,0
1,0,2,0,12,62,0,0,0,0,1,0,0,0,0,0,0,0,0,0,0,0,0
0,0,3,0,35,90,0,0,0,0,0,0,0,0,0,0,0,0,1,0,0,0,0
1,0,4,0,2,88,0,1,0,0,0,0,0,0,0,0,0,0,0,0,0,0,0
1,1,2,0,16,67,0,0,0,0,0,0,0,0,0,0,0,0,0,0,0,1,0
0,0,3,0,31,80,0,0,0,0,0,0,0,0,0,1,0,0,0,0,0,0,0
1,0,5,0,4,74,0,0,0,1,0,0,0,0,0,0,0,0,0,0,0,0,0
1,0,3,0,19,63,0,0,0,0,0,0,0,0,0,0,0,0,0,0,0,1,0
0,0,3,1,15,76,0,0,1,0,0,0,0,0,0,0,0,0,0,0,0,0,0
0,0,1,0,30,65,0,0,0,0,0,0,1,0,0,0,0,0,0,0,0,0,0
0,0,7,0,17,99,0,0,1,0,0,0,0,0,0,0,0,0,0,0,0,0,0
0,0,2,0,23,60,0,0,0,0,0,0,0,0,0,0,0,0,1,0,0,0,0
1,0,1,0,3,77,0,0,0,1,0,0,0,0,0,0,0,0,0,0,0,0,0
0,0,7,0,4,68,0,0,0,1,0,0,0,0,0,0,0,0,0,0,0,0,0
1,0,0,0,25,94,0,0,0,0,0,0,0,0,0,0,0,0,0,0,0,1,0
1,0,1,0,24,82,0,0,0,0,0,0,0,0,0,1,0,0,0,0,0,0,0
1,0,1,0,15,70,0,0,0,0,0,0,0,0,0,0,0,0,1,0,0,0,0
0,1,7,0,1,94,0,0,0,1,0,0,0,0,0,0,0,0,0,0,0,0,0
1,0,1,1,33,98,0,0,0,0,0,0,0,0,0,1,0,0,0,0,0,0,0
0,0,1,0,11,72,0,0,0,0,0,1,0,0,0,0,0,0,0,0,0,0,0
1,0,3,0,10,98,0,0,1,0,0,0,0,0,0,0,0,0,0,0,0,0,0
0,0,7,1,15,97,0,0,0,0,0,0,0,0,0,0,0,0,1,0,0,0,0
1,0,5,0,34,91,0,0,0,0,0,0,0,0,0,0,0,1,0,0,0,0,0
1,0,3,0,30,92,0,0,0,0,0,0,0,0,0,1,0,0,0,0,0,0,0
0,1,4,1,4,85,0,1,0,0,0,0,0,0,0,0,0,0,0,0,0,0,0
0,0,2,0,28,100,0,0,0,0,0,0,0,0,0,0,0,0,0,1,0,0,0
1,0,5,1,29,68,0,0,0,0,0,0,1,0,0,0,0,0,0,0,0,0,0
0,0,7,1,30,94,0,0,0,0,0,0,0,0,0,1,0,0,0,0,0,0,0
1,0,4,0,31,77,0,0,0,0,0,0,0,0,0,0,0,0,0,0,0,1,0
0,0,8,0,1,62,0,0,0,1,0,0,0,0,0,0,0,0,0,0,0,0,0
0,0,6,0,16,86,0,0,0,0,0,0,0,0,0,0,0,0,1,0,0,0,0
0,0,2,1,18,64,0,0,0,0,0,0,0,0,0,0,0,0,0,0,1,0,0
0,1,1,0,4,93,0,0,0,0,0,0,0,1,0,0,0,0,0,0,0,0,0
0,0,8,0,32,86,1,0,0,0,0,0,0,0,0,0,0,0,0,0,0,0,0
0,0,2,0,12,86,0,0,1,0,0,0,0,0,0,0,0,0,0,0,0,0,0
0,1,6,0,5,81,0,0,0,0,0,1,0,0,0,0,0,0,0,0,0,0,0
0,0,2,1,15,74,0,0,0,0,0,0,0,0,1,0,0,0,0,0,0,0,0
0,0,3,0,31,73,1,0,0,0,0,0,0,0,0,0,0,0,0,0,0,0,0
1,0,2,0,2,97,0,0,0,0,0,0,0,1,0,0,0,0,0,0,0,0,0
0,0,1,0,2,64,0,0,0,0,0,0,0,0,0,0,0,0,0,0,0,1,0
1,0,3,0,20,76,0,0,0,0,0,0,0,0,0,0,0,0,1,0,0,0,0
1,0,1,1,11,81,0,0,0,0,0,0,0,0,0,0,0,0,0,1,0,0,0
0,0,3,0,22,89,1,0,0,0,0,0,0,0,0,0,0,0,0,0,0,0,0
0,0,1,1,12,60,0,0,0,0,0,0,0,0,1,0,0,0,0,0,0,0,0
0,0,3,0,34,91,0,0,1,0,0,0,0,0,0,0,0,0,0,0,0,0,0
0,0,0,0,9,75,0,0,0,0,0,0,0,0,0,0,0,0,0,0,1,0,0
0,0,5,0,43,89,0,0,0,0,0,0,1,0,0,0,0,0,0,0,0,0,0
0,0,2,0,1,76,0,0,0,0,0,0,0,0,0,0,1,0,0,0,0,0,0
0,0,2,0,19,88,0,0,0,0,0,0,0,0,0,0,0,0,1,0,0,0,0
0,1,4,0,2,96,0,0,0,1,0,0,0,0,0,0,0,0,0,0,0,0,0
1,0,1,0,34,70,0,0,0,0,0,0,0,0,0,0,0,1,0,0,0,0,0
0,0,4,1,31,90,0,0,0,0,0,0,0,0,0,0,0,1,0,0,0,0,0
0,0,4,0,11,96,0,0,0,0,0,0,0,0,0,0,0,0,0,0,1,0,0
1,0,2,0,35,99,0,0,0,0,0,0,0,0,0,0,0,0,0,0,0,1,0
1,0,4,0,20,74,0,0,0,0,0,0,0,0,0,0,0,0,1,0,0,0,0
0,1,0,0,22,100,0,0,0,0,0,0,0,0,0,0,0,0,0,0,0,1,0
0,0,3,0,2,87,0,0,0,0,0,0,0,1,0,0,0,0,0,0,0,0,0
1,0,7,0,1,61,0,0,0,1,0,0,0,0,0,0,0,0,0,0,0,0,0
0,0,4,0,34,93,0,0,0,0,0,0,0,0,0,0,0,0,1,0,0,0,0
1,1,6,0,17,88,0,0,0,0,0,0,0,0,0,0,0,0,1,0,0,0,0
1,0,6,0,34,69,0,0,0,0,0,0,1,0,0,0,0,0,0,0,0,0,0
0,1,5,0,25,65,0,0,0,0,0,0,0,0,0,0,0,0,0,0,0,1,0
1,0,3,0,8,86,0,0,0,0,0,0,0,0,0,0,0,0,0,0,0,1,0
1,0,3,0,4,74,0,0,0,0,0,0,0,0,0,0,0,0,0,0,0,1,0
0,0,1,1,26,86,0,0,0,0,0,0,0,0,0,1,0,0,0,0,0,0,0
1,0,1,0,13,70,0,0,0,0,0,0,0,0,0,0,0,0,0,0,0,0,1
0,0,1,1,4,82,0,0,0,0,0,0,0,0,1,0,0,0,0,0,0,0,0
1,0,2,0,27,60,0,0,0,0,0,0,0,0,0,1,0,0,0,0,0,0,0
1,0,5,0,32,94,0,0,0,0,0,0,0,0,0,0,0,0,0,0,0,1,0
0,0,1,0,25,60,0,0,0,0,0,0,0,0,0,0,0,0,1,0,0,0,0
0,0,1,0,13,74,0,0,0,0,0,1,0,0,0,0,0,0,0,0,0,0,0
1,0,1,0,31,96,0,0,0,0,1,0,0,0,0,0,0,0,0,0,0,0,0
0,0,3,0,8,73,0,0,0,0,0,0,0,0,0,0,0,0,0,0,1,0,0
1,1,9,0,0,84,0,0,0,1,0,0,0,0,0,0,0,0,0,0,0,0,0
1,0,7,0,6,63,0,0,0,0,0,0,0,0,1,0,0,0,0,0,0,0,0
1,0,2,0,7,74,0,0,0,0,0,0,0,0,1,0,0,0,0,0,0,0,0
1,0,1,0,32,75,0,0,0,0,0,0,0,0,0,1,0,0,0,0,0,0,0
1,0,5,1,30,100,0,0,0,0,0,0,0,0,0,0,0,0,1,0,0,0,0
1,0,9,0,4,100,0,0,0,1,0,0,0,0,0,0,0,0,0,0,0,0,0
0,0,5,0,15,75,0,0,0,0,0,0,0,0,1,0,0,0,0,0,0,0,0
1,0,2,0,2,61,0,0,0,0,0,0,0,1,0,0,0,0,0,0,0,0,0
1,0,8,1,32,96,0,0,0,0,0,0,0,0,0,1,0,0,0,0,0,0,0
1,0,2,0,24,64,0,0,0,0,1,0,0,0,0,0,0,0,0,0,0,0,0
0,0,1,0,18,95,0,0,0,0,0,0,0,0,0,0,0,0,0,0,1,0,0
0,1,3,0,24,68,0,0,1,0,0,0,0,0,0,0,0,0,0,0,0,0,0
1,0,1,0,16,86,0,0,0,0,0,1,0,0,0,0,0,0,0,0,0,0,0
1,0,1,0,15,80,0,0,0,0,0,0,0,0,0,0,0,0,0,0,0,0,1
1,0,3,0,26,96,0,0,0,0,0,0,0,0,0,0,0,0,1,0,0,0,0
0,0,3,0,15,61,0,0,0,0,0,0,0,0,0,0,0,0,0,0,1,0,0
0,0,1,0,5,85,0,0,0,0,0,0,0,1,0,0,0,0,0,0,0,0,0
1,0,1,1,14,83,0,0,0,0,0,0,0,0,0,0,0,0,0,0,0,1,0
1,0,4,0,1,61,0,0,0,0,0,0,0,1,0,0,0,0,0,0,0,0,0
1,0,5,0,10,88,0,0,0,0,1,0,0,0,0,0,0,0,0,0,0,0,0
0,0,6,0,5,82,0,0,0,1,0,0,0,0,0,0,0,0,0,0,0,0,0
1,0,2,0,26,62,0,0,0,0,0,0,0,0,0,0,0,0,0,0,0,1,0
0,0,2,1,26,67,0,0,0,0,0,0,0,0,0,1,0,0,0,0,0,0,0
0,0,2,0,14,79,0,0,0,0,0,0,0,0,1,0,0,0,0,0,0,0,0
1,0,7,1,21,83,0,0,0,0,1,0,0,0,0,0,0,0,0,0,0,0,0
0,0,2,0,32,87,0,0,0,0,0,0,0,0,0,0,0,0,1,0,0,0,0
1,0,0,0,30,97,0,0,0,0,0,0,0,0,0,0,0,0,1,0,0,0,0
0,0,3,0,13,98,0,0,0,0,0,0,0,0,0,0,0,0,0,0,1,0,0
0,0,7,0,33,61,0,0,1,0,0,0,0,0,0,0,0,0,0,0,0,0,0
0,0,3,0,15,75,1,0,0,0,0,0,0,0,0,0,0,0,0,0,0,0,0
1,0,2,0,11,89,0,0,0,0,0,1,0,0,0,0,0,0,0,0,0,0,0
0,0,2,0,30,79,0,0,0,0,0,0,0,0,0,0,0,0,0,0,0,1,0
0,0,7,0,2,80,0,0,0,1,0,0,0,0,0,0,0,0,0,0,0,0,0
1,0,3,0,4,76,0,0,0,0,0,0,0,0,0,0,0,0,0,1,0,0,0
1,0,3,0,32,81,0,0,0,0,0,0,0,0,0,0,0,0,1,0,0,0,0
0,1,7,0,0,61,0,0,0,1,0,0,0,0,0,0,0,0,0,0,0,0,0
0,0,2,0,4,94,0,0,0,1,0,0,0,0,0,0,0,0,0,0,0,0,0
0,0,5,1,21,80,0,0,0,0,0,0,0,0,0,0,0,0,0,0,0,1,0
0,0,2,0,29,90,0,0,0,0,0,0,0,0,0,0,0,0,0,0,0,0,1
1,0,3,0,32,68,0,0,0,0,0,0,0,0,0,0,0,0,0,0,0,1,0
0,0,7,0,14,71,0,0,0,0,0,0,0,0,0,0,0,0,0,0,0,1,0
1,0,1,0,25,93,0,0,0,0,0,0,0,0,0,1,0,0,0,0,0,0,0
1,0,7,1,4,98,0,0,0,0,0,0,0,0,0,0,0,0,0,0,0,1,0
0,0,2,1,32,60,0,0,0,0,0,0,0,0,0,0,0,0,0,1,0,0,0
1,0,2,0,7,62,0,0,0,0,0,0,0,0,0,0,0,0,0,0,0,1,0
0,1,1,0,22,61,0,0,0,0,0,0,0,0,0,0,0,0,1,0,0,0,0
1,0,5,0,3,80,0,0,0,0,0,0,0,0,0,0,0,0,0,0,0,1,0
1,1,8,0,1,66,0,0,0,1,0,0,0,0,0,0,0,0,0,0,0,0,0
1,0,4,1,23,98,0,0,0,0,0,0,0,0,0,0,0,0,0,0,0,0,1
0,0,0,0,42,95,0,0,0,0,0,0,1,0,0,0,0,0,0,0,0,0,0
1,0,1,0,30,76,0,0,0,0,0,0,0,0,0,0,0,1,0,0,0,0,0
0,0,1,0,1,88,0,0,0,1,0,0,0,0,0,0,0,0,0,0,0,0,0
0,1,3,1,17,89,0,0,0,0,0,0,0,0,0,0,0,0,1,0,0,0,0
1,0,2,0,48,96,0,0,0,0,0,0,1,0,0,0,0,0,0,0,0,0,0
1,0,4,1,24,72,0,0,0,0,0,0,0,0,0,0,0,0,1,0,0,0,0
0,0,6,0,31,85,0,0,0,0,0,0,0,0,0,0,0,0,0,0,0,0,1
1,1,7,0,0,84,0,0,0,1,0,0,0,0,0,0,0,0,0,0,0,0,0
1,0,9,0,2,96,0,0,0,1,0,0,0,0,0,0,0,0,0,0,0,0,0
0,0,1,0,24,73,0,0,0,0,0,0,0,0,0,1,0,0,0,0,0,0,0
0,0,7,0,2,95,0,0,0,1,0,0,0,0,0,0,0,0,0,0,0,0,0
1,0,0,0,32,84,0,0,0,0,0,0,0,0,0,0,0,0,1,0,0,0,0
0,0,2,0,4,66,0,0,0,0,0,0,0,0,1,0,0,0,0,0,0,0,0
1,0,4,0,32,62,0,0,0,0,0,0,0,0,0,0,0,0,1,0,0,0,0
1,0,3,0,16,60,0,0,0,0,0,0,0,0,0,0,0,0,0,1,0,0,0
0,0,1,0,20,76,0,0,1,0,0,0,0,0,0,0,0,0,0,0,0,0,0
1,0,4,0,28,78,0,0,0,0,1,0,0,0,0,0,0,0,0,0,0,0,0
1,0,7,0,30,72,0,0,0,0,0,0,0,0,0,0,0,0,1,0,0,0,0
0,0,3,0,17,62,0,0,1,0,0,0,0,0,0,0,0,0,0,0,0,0,0
0,0,5,0,25,68,0,0,0,0,0,0,0,0,0,0,0,0,0,0,0,1,0
1,0,5,0,18,76,1,0,0,0,0,0,0,0,0,0,0,0,0,0,0,0,0
1,1,1,0,23,77,0,0,0,0,0,0,0,0,0,0,0,0,1,0,0,0,0
1,0,4,1,23,74,0,0,0,0,0,0,0,0,0,0,0,0,1,0,0,0,0
0,0,6,0,21,85,0,0,0,0,0,0,0,0,0,0,0,0,1,0,0,0,0
0,0,3,0,27,75,0,0,0,0,0,0,0,0,0,0,0,0,1,0,0,0,0
0,0,5,0,14,61,0,0,0,0,0,0,0,0,0,0,0,0,1,0,0,0,0
1,0,2,1,37,90,0,0,0,0,0,0,1,0,0,0,0,0,0,0,0,0,0
1,0,3,0,29,88,1,0,0,0,0,0,0,0,0,0,0,0,0,0,0,0,0
1,1,6,0,4,91,0,0,0,1,0,0,0,0,0,0,0,0,0,0,0,0,0
0,0,3,0,16,97,0,0,1,0,0,0,0,0,0,0,0,0,0,0,0,0,0
0,0,4,0,30,75,1,0,0,0,0,0,0,0,0,0,0,0,0,0,0,0,0
1,1,7,0,1,73,0,0,0,1,0,0,0,0,0,0,0,0,0,0,0,0,0
1,0,3,1,24,77,0,0,0,0,0,0,0,0,0,0,0,0,1,0,0,0,0
0,0,2,0,35,95,0,0,0,0,0,0,0,0,0,0,0,0,0,0,0,0,1
0,0,1,0,14,87,0,0,0,0,0,0,0,0,0,0,0,0,0,0,1,0,0
0,0,1,0,3,96,0,0,0,0,0,1,0,0,0,0,0,0,0,0,0,0,0
0,0,4,0,15,84,1,0,0,0,0,0,0,0,0,0,0,0,0,0,0,0,0
1,0,5,0,23,71,0,0,0,0,0,0,0,0,0,0,0,0,1,0,0,0,0
1,0,6,0,19,95,0,0,0,0,0,0,0,0,0,0,0,0,0,0,0,1,0
1,0,3,0,33,83,0,0,0,0,0,0,1,0,0,0,0,0,0,0,0,0,0
0,0,0,0,14,69,0,0,1,0,0,0,0,0,0,0,0,0,0,0,0,0,0
0,0,1,1,0,69,0,1,0,0,0,0,0,0,0,0,0,0,0,0,0,0,0
0,0,1,0,34,76,0,0,0,0,0,0,0,0,0,1,0,0,0,0,0,0,0
1,0,5,0,33,93,0,0,0,0,0,0,0,0,0,0,0,1,0,0,0,0,0
0,0,7,0,7,81,0,0,0,0,0,0,0,0,0,0,0,0,0,1,0,0,0
1,0,2,0,18,60,0,0,0,0,0,0,0,0,0,0,0,0,1,0,0,0,0
1,0,9,0,4,61,0,0,0,1,0,0,0,0,0,0,0,0,0,0,0,0,0
1,0,6,0,10,99,0,0,0,0,0,0,0,0,0,0,1,0,0,0,0,0,0
1,1,2,0,22,69,0,0,0,0,0,0,0,0,0,0,0,0,1,0,0,0,0
0,0,5,0,28,74,0,0,0,0,0,0,0,0,0,0,0,0,0,1,0,0,0
1,0,2,0,2,79,0,0,0,0,0,0,0,0,0,0,1,0,0,0,0,0,0
0,0,1,0,0,79,0,0,0,1,0,0,0,0,0,0,0,0,0,0,0,0,0
1,0,3,0,24,94,0,0,0,0,0,0,1,0,0,0,0,0,0,0,0,0,0
1,0,2,0,15,98,0,0,0,0,1,0,0,0,0,0,0,0,0,0,0,0,0
0,1,2,0,1,60,0,1,0,0,0,0,0,0,0,0,0,0,0,0,0,0,0
1,0,1,0,8,85,0,0,0,0,0,0,0,0,0,0,0,0,0,1,0,0,0
0,0,7,0,9,63,0,0,0,0,0,0,0,0,0,0,0,0,0,0,1,0,0
1,0,4,0,33,67,0,0,0,0,0,0,0,0,0,0,0,0,1,0,0,0,0
0,0,3,0,32,82,1,0,0,0,0,0,0,0,0,0,0,0,0,0,0,0,0
0,1,9,0,4,99,0,0,0,1,0,0,0,0,0,0,0,0,0,0,0,0,0
1,0,2,0,2,83,0,0,0,1,0,0,0,0,0,0,0,0,0,0,0,0,0
1,0,3,0,20,89,0,0,0,0,0,1,0,0,0,0,0,0,0,0,0,0,0
0,0,1,0,21,96,0,0,0,0,0,0,0,0,0,0,0,0,1,0,0,0,0
0,0,3,0,29,86,0,0,0,0,0,0,0,0,0,1,0,0,0,0,0,0,0
0,0,3,0,13,72,0,0,0,0,0,0,0,0,0,0,0,0,0,0,0,1,0
1,0,1,0,24,88,1,0,0,0,0,0,0,0,0,0,0,0,0,0,0,0,0
1,0,7,0,30,96,0,0,0,0,0,0,1,0,0,0,0,0,0,0,0,0,0
1,0,1,0,25,87,0,0,0,0,0,0,0,0,0,0,0,0,0,1,0,0,0
1,0,1,0,1,97,0,0,0,0,0,1,0,0,0,0,0,0,0,0,0,0,0
1,0,4,0,27,71,0,0,0,0,0,0,0,0,0,0,0,0,1,0,0,0,0
1,0,0,1,4,69,0,0,0,0,0,0,0,0,0,0,1,0,0,0,0,0,0
0,0,2,1,32,77,0,0,1,0,0,0,0,0,0,0,0,0,0,0,0,0,0
0,0,1,0,1,100,0,1,0,0,0,0,0,0,0,0,0,0,0,0,0,0,0
0,0,2,0,32,99,0,0,0,0,0,1,0,0,0,0,0,0,0,0,0,0,0
0,0,1,1,4,62,0,0,0,0,0,0,0,0,0,0,1,0,0,0,0,0,0
1,0,4,0,28,62,0,0,0,0,0,0,0,0,0,0,0,0,1,0,0,0,0
0,0,3,1,32,89,0,0,0,0,0,0,0,0,0,1,0,0,0,0,0,0,0
0,0,1,0,33,78,0,0,0,0,0,0,1,0,0,0,0,0,0,0,0,0,0
1,1,2,0,4,71,0,0,0,1,0,0,0,0,0,0,0,0,0,0,0,0,0
1,0,1,0,31,64,0,0,0,0,0,0,0,0,0,0,0,0,1,0,0,0,0
1,0,5,0,17,97,0,0,0,0,1,0,0,0,0,0,0,0,0,0,0,0,0
1,0,2,0,23,91,0,0,0,0,0,0,1,0,0,0,0,0,0,0,0,0,0
0,0,0,0,29,71,0,0,0,0,0,0,0,0,0,0,0,0,1,0,0,0,0
1,0,2,0,19,74,0,0,0,0,0,0,0,0,0,0,0,0,1,0,0,0,0
1,1,4,1,26,67,0,0,1,0,0,0,0,0,0,0,0,0,0,0,0,0,0
0,0,7,0,7,88,0,0,0,0,0,0,0,0,0,0,1,0,0,0,0,0,0
0,0,6,0,4,87,0,0,0,0,0,0,0,0,0,0,1,0,0,0,0,0,0
1,0,6,0,22,89,0,0,0,0,0,0,1,0,0,0,0,0,0,0,0,0,0
1,1,6,1,4,63,0,0,0,1,0,0,0,0,0,0,0,0,0,0,0,0,0
0,0,3,0,29,90,0,0,0,0,0,0,0,0,0,1,0,0,0,0,0,0,0
1,0,8,1,21,85,0,0,0,0,0,0,0,0,0,0,0,0,0,1,0,0,0
0,0,3,0,5,95,0,0,0,0,0,0,0,0,0,0,1,0,0,0,0,0,0
1,0,5,0,15,84,0,0,0,0,0,0,0,0,0,0,0,0,0,0,0,1,0
1,0,3,1,10,63,0,0,0,0,0,0,0,0,0,0,0,0,0,0,0,1,0
0,1,7,0,2,85,0,0,0,1,0,0,0,0,0,0,0,0,0,0,0,0,0
0,0,4,1,0,72,0,0,0,0,0,0,0,0,0,0,1,0,0,0,0,0,0
1,0,5,1,3,62,0,1,0,0,0,0,0,0,0,0,0,0,0,0,0,0,0
0,0,6,1,1,65,0,0,0,0,0,0,0,0,0,0,0,0,0,0,0,1,0
0,0,3,1,26,61,1,0,0,0,0,0,0,0,0,0,0,0,0,0,0,0,0
0,1,5,0,2,95,0,0,0,1,0,0,0,0,0,0,0,0,0,0,0,0,0
0,0,3,0,21,75,0,0,0,0,0,0,0,0,0,0,0,0,0,0,0,1,0
0,0,5,0,0,91,0,0,0,1,0,0,0,0,0,0,0,0,0,0,0,0,0
0,0,5,1,10,94,0,0,0,0,0,0,0,0,0,0,0,0,0,0,1,0,0
1,0,5,0,2,80,0,1,0,0,0,0,0,0,0,0,0,0,0,0,0,0,0
0,0,5,1,24,61,0,0,1,0,0,0,0,0,0,0,0,0,0,0,0,0,0
1,0,4,0,46,87,0,0,0,0,0,0,1,0,0,0,0,0,0,0,0,0,0
1,0,3,0,31,79,0,0,0,0,0,0,0,0,0,0,0,0,0,0,0,0,1
1,0,1,0,33,79,0,0,0,0,0,0,0,0,0,1,0,0,0,0,0,0,0
0,0,5,0,26,70,0,0,0,0,0,0,0,0,0,0,0,0,0,1,0,0,0
1,0,2,0,19,87,1,0,0,0,0,0,0,0,0,0,0,0,0,0,0,0,0
1,0,3,0,25,70,0,0,0,0,0,0,0,0,0,0,0,0,1,0,0,0,0
0,0,3,0,24,88,1,0,0,0,0,0,0,0,0,0,0,0,0,0,0,0,0
1,0,1,0,21,84,0,0,0,0,0,0,0,0,0,0,0,0,0,1,0,0,0
0,1,8,1,0,60,0,0,0,1,0,0,0,0,0,0,0,0,0,0,0,0,0
1,0,4,0,30,100,0,0,1,0,0,0,0,0,0,0,0,0,0,0,0,0,0
0,0,4,0,32,70,0,0,0,0,0,0,0,0,0,0,0,0,1,0,0,0,0
0,0,8,0,15,90,0,0,0,0,0,0,0,0,0,0,0,0,0,0,0,1,0
0,0,6,0,15,96,0,0,0,0,0,0,0,0,1,0,0,0,0,0,0,0,0
0,0,3,1,4,88,0,0,0,0,0,0,0,1,0,0,0,0,0,0,0,0,0
1,0,1,1,27,64,0,0,0,0,0,0,0,0,0,0,0,0,1,0,0,0,0
1,0,5,0,33,82,0,0,0,0,1,0,0,0,0,0,0,0,0,0,0,0,0
1,0,7,0,25,77,0,0,0,0,0,0,0,0,0,0,0,0,1,0,0,0,0
0,0,0,0,29,65,0,0,0,0,0,0,0,0,0,1,0,0,0,0,0,0,0
0,0,2,0,13,80,0,0,0,0,0,0,0,0,0,0,0,0,0,0,0,1,0
0,0,3,0,49,95,0,0,0,0,0,0,1,0,0,0,0,0,0,0,0,0,0
1,0,6,0,34,68,0,0,0,0,0,0,0,0,0,1,0,0,0,0,0,0,0
1,1,4,0,28,95,0,0,0,0,1,0,0,0,0,0,0,0,0,0,0,0,0
0,0,2,0,44,93,0,0,0,0,0,0,1,0,0,0,0,0,0,0,0,0,0
0,0,1,0,14,93,0,0,0,0,0,0,0,0,0,0,0,0,1,0,0,0,0
0,0,4,0,1,80,0,0,0,0,0,0,0,0,0,0,1,0,0,0,0,0,0
1,0,6,0,22,94,0,0,0,0,0,0,0,0,0,0,0,0,1,0,0,0,0
0,0,2,0,11,66,0,0,0,0,0,0,0,0,0,0,0,0,0,0,1,0,0
0,0,3,0,2,60,0,0,0,0,0,0,0,0,0,0,0,0,0,0,0,1,0
0,0,9,0,3,81,0,0,0,1,0,0,0,0,0,0,0,0,0,0,0,0,0
0,0,5,0,28,72,0,0,1,0,0,0,0,0,0,0,0,0,0,0,0,0,0
1,1,2,0,0,66,0,0,0,1,0,0,0,0,0,0,0,0,0,0,0,0,0
1,0,5,0,22,93,0,0,1,0,0,0,0,0,0,0,0,0,0,0,0,0,0
0,1,8,0,3,90,0,0,0,1,0,0,0,0,0,0,0,0,0,0,0,0,0
1,0,2,0,25,89,0,0,0,0,0,0,0,0,0,0,0,0,0,0,0,1,0
0,0,3,1,1,64,0,0,0,1,0,0,0,0,0,0,0,0,0,0,0,0,0
0,0,7,0,37,87,0,0,0,0,0,0,1,0,0,0,0,0,0,0,0,0,0
0,0,3,1,28,99,0,0,0,0,0,0,0,0,0,0,0,0,1,0,0,0,0
0,0,3,0,30,94,0,0,0,0,0,0,0,0,0,0,0,1,0,0,0,0,0
1,0,1,0,19,79,0,0,0,0,0,0,0,0,0,0,0,0,0,1,0,0,0
1,1,7,0,2,76,0,0,0,1,0,0,0,0,0,0,0,0,0,0,0,0,0
0,1,4,0,26,66,0,0,0,0,0,0,0,0,0,0,0,0,0,0,0,1,0
1,0,4,0,5,83,0,0,0,0,0,0,0,1,0,0,0,0,0,0,0,0,0
0,0,0,0,17,75,0,0,0,0,0,0,0,0,0,0,0,0,1,0,0,0,0
1,0,2,0,26,89,0,0,0,0,0,0,0,0,0,1,0,0,0,0,0,0,0
1,0,2,0,32,98,0,0,0,0,0,0,0,0,0,0,0,0,0,0,0,1,0
0,0,6,1,16,73,0,0,0,0,0,0,0,0,0,0,0,0,1,0,0,0,0
0,1,8,0,2,70,0,0,0,1,0,0,0,0,0,0,0,0,0,0,0,0,0
1,0,2,0,35,99,0,0,0,0,1,0,0,0,0,0,0,0,0,0,0,0,0
0,0,0,0,17,98,1,0,0,0,0,0,0,0,0,0,0,0,0,0,0,0,0
0,0,9,0,3,96,0,0,0,1,0,0,0,0,0,0,0,0,0,0,0,0,0
0,1,3,0,47,100,0,0,0,0,0,0,1,0,0,0,0,0,0,0,0,0,0
1,0,0,0,29,75,0,0,0,0,0,0,0,0,0,1,0,0,0,0,0,0,0
1,0,3,1,12,86,0,0,0,0,0,1,0,0,0,0,0,0,0,0,0,0,0
1,0,2,0,35,97,0,0,0,0,0,0,1,0,0,0,0,0,0,0,0,0,0
0,1,0,0,3,82,0,0,0,0,0,0,0,1,0,0,0,0,0,0,0,0,0
1,1,8,0,2,95,0,0,0,1,0,0,0,0,0,0,0,0,0,0,0,0,0
1,1,1,0,7,87,0,0,0,0,0,0,0,0,1,0,0,0,0,0,0,0,0
0,0,4,0,15,91,0,0,0,0,0,0,0,0,0,0,0,0,1,0,0,0,0
0,0,1,0,3,66,0,0,0,0,0,0,0,0,0,0,0,0,0,1,0,0,0
1,0,2,0,35,86,0,0,0,0,0,0,0,0,0,0,0,0,0,0,0,1,0
1,0,3,1,28,85,0,0,0,0,0,0,0,0,0,1,0,0,0,0,0,0,0
0,0,9,0,4,95,0,0,0,1,0,0,0,0,0,0,0,0,0,0,0,0,0
1,0,1,1,4,98,0,1,0,0,0,0,0,0,0,0,0,0,0,0,0,0,0
1,0,3,1,16,66,0,0,0,0,0,0,0,0,0,0,0,0,1,0,0,0,0
1,0,1,0,26,72,1,0,0,0,0,0,0,0,0,0,0,0,0,0,0,0,0
1,0,3,0,30,71,0,0,0,0,0,0,0,0,0,0,0,0,0,0,0,1,0
0,1,6,0,2,84,0,0,0,1,0,0,0,0,0,0,0,0,0,0,0,0,0
0,0,2,0,34,71,0,0,0,0,0,0,0,0,0,0,0,0,1,0,0,0,0
1,0,2,0,30,74,0,0,0,0,0,0,0,0,0,0,0,0,1,0,0,0,0
1,1,3,1,15,81,0,0,0,0,1,0,0,0,0,0,0,0,0,0,0,0,0
1,0,8,1,1,77,0,0,0,1,0,0,0,0,0,0,0,0,0,0,0,0,0
1,0,3,1,6,69,0,0,0,0,0,0,0,0,1,0,0,0,0,0,0,0,0
0,0,7,1,1,96,0,0,0,0,0,0,0,1,0,0,0,0,0,0,0,0,0
1,1,9,1,5,78,0,0,0,1,0,0,0,0,0,0,0,0,0,0,0,0,0
1,0,1,0,30,84,0,0,1,0,0,0,0,0,0,0,0,0,0,0,0,0,0
1,0,3,1,8,80,0,0,0,0,0,0,0,0,1,0,0,0,0,0,0,0,0
1,1,9,0,5,88,0,0,0,1,0,0,0,0,0,0,0,0,0,0,0,0,0
0,0,1,0,5,77,0,1,0,0,0,0,0,0,0,0,0,0,0,0,0,0,0
1,0,4,0,4,82,0,0,0,0,0,0,0,0,1,0,0,0,0,0,0,0,0
0,0,1,0,47,88,0,0,0,0,0,0,1,0,0,0,0,0,0,0,0,0,0
0,0,3,1,16,81,0,0,0,0,0,0,0,0,0,0,0,0,0,1,0,0,0
1,1,5,0,3,68,0,0,0,1,0,0,0,0,0,0,0,0,0,0,0,0,0
0,0,5,1,32,74,0,0,0,0,0,0,0,0,0,0,0,1,0,0,0,0,0
0,0,2,0,31,94,0,0,1,0,0,0,0,0,0,0,0,0,0,0,0,0,0
1,0,3,0,6,64,0,0,0,0,0,0,0,0,0,0,1,0,0,0,0,0,0
0,0,3,0,16,62,0,0,0,0,0,0,0,0,0,0,0,0,0,0,0,1,0
1,0,6,0,34,82,0,0,0,0,0,0,0,0,0,1,0,0,0,0,0,0,0
1,0,3,0,26,97,0,0,0,0,0,0,0,0,0,0,0,0,1,0,0,0,0
0,0,6,0,21,95,0,0,1,0,0,0,0,0,0,0,0,0,0,0,0,0,0
1,0,3,0,46,99,0,0,0,0,0,0,1,0,0,0,0,0,0,0,0,0,0
0,0,6,0,48,96,0,0,0,0,0,0,1,0,0,0,0,0,0,0,0,0,0
1,1,1,0,46,88,0,0,0,0,0,0,1,0,0,0,0,0,0,0,0,0,0
0,1,3,0,28,60,0,0,0,0,0,0,0,0,0,0,0,0,0,0,0,1,0
1,1,4,0,2,87,0,0,0,0,0,0,0,0,0,0,0,0,0,0,0,1,0
1,1,0,0,32,98,0,0,0,0,0,0,0,0,0,0,0,0,0,1,0,0,0
0,0,4,0,31,78,0,0,0,0,0,0,0,0,0,1,0,0,0,0,0,0,0
1,0,4,1,1,76,0,1,0,0,0,0,0,0,0,0,0,0,0,0,0,0,0
0,1,9,1,4,88,0,0,0,1,0,0,0,0,0,0,0,0,0,0,0,0,0
1,0,2,1,8,70,0,0,0,0,0,0,0,0,0,0,1,0,0,0,0,0,0
0,0,3,1,23,70,1,0,0,0,0,0,0,0,0,0,0,0,0,0,0,0,0
0,0,1,0,23,75,0,0,0,0,0,0,1,0,0,0,0,0,0,0,0,0,0
1,0,1,0,28,92,0,0,0,0,0,0,0,0,0,1,0,0,0,0,0,0,0
0,0,1,0,7,83,0,0,0,0,0,0,0,0,0,0,0,0,0,0,0,1,0
0,0,0,0,5,99,0,1,0,0,0,0,0,0,0,0,0,0,0,0,0,0,0
0,0,2,0,4,64,0,0,0,0,0,0,0,0,0,0,0,0,0,0,0,1,0
0,0,2,0,26,64,0,0,0,0,0,0,0,0,0,0,0,0,0,0,0,1,0
0,0,4,1,33,95,0,0,0,0,0,0,0,0,0,1,0,0,0,0,0,0,0
0,0,4,1,34,85,0,0,0,0,0,0,0,0,0,1,0,0,0,0,0,0,0
0,1,4,0,16,60,1,0,0,0,0,0,0,0,0,0,0,0,0,0,0,0,0
1,0,4,0,3,100,0,0,0,1,0,0,0,0,0,0,0,0,0,0,0,0,0
1,0,3,0,25,82,0,0,0,0,0,0,0,0,0,1,0,0,0,0,0,0,0
0,0,0,0,4,94,0,0,0,0,0,0,0,0,0,0,0,0,0,1,0,0,0
1,0,0,0,4,87,0,0,0,0,0,0,0,0,0,0,1,0,0,0,0,0,0
0,0,3,0,21,71,0,0,0,0,0,0,0,0,0,0,0,0,1,0,0,0,0
0,0,7,0,4,89,0,0,0,1,0,0,0,0,0,0,0,0,0,0,0,0,0
0,0,3,0,24,65,0,0,0,0,0,0,0,0,0,0,0,0,0,0,0,0,1
1,0,2,0,16,92,0,0,0,0,0,0,0,0,0,0,0,0,0,0,0,1,0
1,0,3,0,35,88,0,0,0,0,0,0,0,0,0,0,0,0,1,0,0,0,0
1,0,2,0,24,85,0,0,0,0,0,0,1,0,0,0,0,0,0,0,0,0,0
1,0,2,1,46,93,0,0,0,0,0,0,1,0,0,0,0,0,0,0,0,0,0
0,0,6,0,1,70,0,0,0,1,0,0,0,0,0,0,0,0,0,0,0,0,0
1,0,5,0,26,96,0,0,0,0,0,0,0,0,0,0,0,0,0,0,0,1,0
1,0,1,0,5,66,0,0,0,0,0,0,0,0,0,0,0,0,0,0,0,1,0
0,1,5,0,17,90,0,0,0,0,0,0,0,0,0,0,0,0,0,0,1,0,0
1,0,3,0,4,70,0,1,0,0,0,0,0,0,0,0,0,0,0,0,0,0,0
1,0,6,0,27,95,0,0,0,0,0,0,0,0,0,1,0,0,0,0,0,0,0
1,0,3,0,0,64,0,1,0,0,0,0,0,0,0,0,0,0,0,0,0,0,0
1,0,6,1,16,67,1,0,0,0,0,0,0,0,0,0,0,0,0,0,0,0,0
1,0,6,1,14,62,0,0,0,0,0,0,0,0,0,0,0,0,0,0,0,1,0
0,1,2,0,5,91,0,0,0,0,0,0,0,0,0,0,1,0,0,0,0,0,0
0,0,3,1,31,64,0,0,1,0,0,0,0,0,0,0,0,0,0,0,0,0,0
0,0,2,1,4,88,0,1,0,0,0,0,0,0,0,0,0,0,0,0,0,0,0
1,0,1,0,5,75,0,1,0,0,0,0,0,0,0,0,0,0,0,0,0,0,0
0,0,1,0,11,93,0,0,0,0,0,0,0,0,0,0,0,0,0,0,0,0,1
1,0,8,1,12,79,0,0,0,0,0,0,0,0,0,0,0,0,0,0,0,1,0
0,0,0,0,5,70,0,0,0,0,0,0,0,1,0,0,0,0,0,0,0,0,0
0,1,6,0,1,66,0,0,0,1,0,0,0,0,0,0,0,0,0,0,0,0,0
1,0,5,0,2,99,0,1,0,0,0,0,0,0,0,0,0,0,0,0,0,0,0
0,0,2,1,30,71,0,0,0,0,0,0,0,0,0,0,0,0,0,1,0,0,0
1,0,6,0,0,74,0,0,0,1,0,0,0,0,0,0,0,0,0,0,0,0,0
0,0,2,1,6,96,0,0,0,0,0,0,0,0,0,0,0,0,0,0,0,1,0
1,0,6,1,24,71,1,0,0,0,0,0,0,0,0,0,0,0,0,0,0,0,0
0,0,7,0,26,68,0,0,0,0,0,0,0,0,0,1,0,0,0,0,0,0,0
1,0,7,0,0,100,0,0,0,1,0,0,0,0,0,0,0,0,0,0,0,0,0
1,0,1,0,18,83,0,0,0,0,0,0,0,0,0,0,0,0,1,0,0,0,0
1,0,4,0,20,68,0,0,0,0,0,0,0,0,0,0,0,0,1,0,0,0,0
0,0,0,0,23,90,0,0,0,0,0,0,0,0,0,0,0,0,1,0,0,0,0
1,1,4,0,4,97,0,0,0,1,0,0,0,0,0,0,0,0,0,0,0,0,0
0,0,4,0,30,89,0,0,1,0,0,0,0,0,0,0,0,0,0,0,0,0,0
0,0,4,0,34,66,0,0,1,0,0,0,0,0,0,0,0,0,0,0,0,0,0
0,0,1,0,26,61,1,0,0,0,0,0,0,0,0,0,0,0,0,0,0,0,0
1,0,5,0,27,85,0,0,0,0,0,0,0,0,0,1,0,0,0,0,0,0,0
0,0,1,1,18,80,0,0,0,0,0,0,0,0,0,0,0,0,1,0,0,0,0
0,0,4,0,39,95,0,0,0,0,0,0,1,0,0,0,0,0,0,0,0,0,0
0,0,7,1,29,84,0,0,1,0,0,0,0,0,0,0,0,0,0,0,0,0,0
1,0,0,1,27,95,0,0,0,0,0,0,1,0,0,0,0,0,0,0,0,0,0
1,1,3,1,17,60,0,0,0,0,0,0,0,0,0,0,0,0,1,0,0,0,0
0,1,5,1,31,76,0,0,1,0,0,0,0,0,0,0,0,0,0,0,0,0,0
0,1,4,0,13,61,0,0,1,0,0,0,0,0,0,0,0,0,0,0,0,0,0
0,0,4,1,12,99,0,0,1,0,0,0,0,0,0,0,0,0,0,0,0,0,0
1,0,2,1,21,88,0,0,0,0,1,0,0,0,0,0,0,0,0,0,0,0,0
0,1,3,0,28,72,0,0,0,0,0,0,0,0,0,1,0,0,0,0,0,0,0
0,1,8,0,35,94,1,0,0,0,0,0,0,0,0,0,0,0,0,0,0,0,0
1,0,9,1,24,69,0,0,0,0,0,0,0,0,0,1,0,0,0,0,0,0,0
1,0,1,0,28,81,1,0,0,0,0,0,0,0,0,0,0,0,0,0,0,0,0
1,0,9,0,0,74,0,0,0,1,0,0,0,0,0,0,0,0,0,0,0,0,0
0,1,6,0,0,89,0,0,0,1,0,0,0,0,0,0,0,0,0,0,0,0,0
1,0,2,0,3,78,0,0,0,0,0,0,0,0,0,0,1,0,0,0,0,0,0
0,0,3,0,16,88,0,0,0,0,0,0,0,0,0,0,0,0,0,0,0,1,0
0,0,2,0,26,91,0,0,0,0,0,0,0,0,0,1,0,0,0,0,0,0,0
1,0,2,0,24,86,0,0,0,0,1,0,0,0,0,0,0,0,0,0,0,0,0
1,0,5,1,22,71,0,0,0,0,0,0,0,0,0,0,0,0,1,0,0,0,0
0,1,2,0,14,90,0,0,0,0,0,0,0,0,0,0,0,0,1,0,0,0,0
1,0,2,0,21,96,0,0,0,0,0,0,0,0,0,0,0,0,0,0,0,1,0
1,0,4,0,29,98,0,0,0,0,0,0,0,0,0,1,0,0,0,0,0,0,0
0,0,6,0,3,74,0,0,0,1,0,0,0,0,0,0,0,0,0,0,0,0,0
1,0,2,0,4,73,0,0,0,0,0,1,0,0,0,0,0,0,0,0,0,0,0
1,0,5,0,19,79,1,0,0,0,0,0,0,0,0,0,0,0,0,0,0,0,0
1,0,3,0,33,62,0,0,0,0,0,0,0,0,0,0,0,0,1,0,0,0,0
0,0,1,0,24,69,1,0,0,0,0,0,0,0,0,0,0,0,0,0,0,0,0
1,0,4,0,29,87,0,0,0,0,0,0,0,0,0,0,0,0,0,0,0,1,0
1,0,1,1,27,76,0,0,0,0,0,0,0,0,0,1,0,0,0,0,0,0,0
0,0,2,0,20,80,0,0,0,0,0,0,0,0,0,0,0,0,0,0,0,1,0
0,0,0,0,35,90,1,0,0,0,0,0,0,0,0,0,0,0,0,0,0,0,0
0,0,0,0,29,78,0,0,0,0,0,0,1,0,0,0,0,0,0,0,0,0,0
1,0,2,1,0,80,0,1,0,0,0,0,0,0,0,0,0,0,0,0,0,0,0
1,0,3,0,10,66,0,0,0,0,0,0,0,0,0,0,0,0,0,0,0,1,0
1,0,1,1,29,89,0,0,0,0,1,0,0,0,0,0,0,0,0,0,0,0,0
1,0,0,1,17,91,0,0,0,0,0,0,0,0,0,0,0,0,1,0,0,0,0
0,0,1,0,14,65,0,0,0,0,0,0,0,0,0,0,0,0,0,0,1,0,0
1,0,1,0,24,99,0,0,0,0,0,0,0,0,0,0,0,0,0,0,0,1,0
1,0,2,0,35,93,0,0,0,0,1,0,0,0,0,0,0,0,0,0,0,0,0
1,0,3,0,19,99,0,0,0,0,1,0,0,0,0,0,0,0,0,0,0,0,0
1,0,6,0,23,69,0,0,1,0,0,0,0,0,0,0,0,0,0,0,0,0,0
1,0,9,0,14,96,0,0,0,0,1,0,0,0,0,0,0,0,0,0,0,0,0
1,0,2,0,21,72,0,0,1,0,0,0,0,0,0,0,0,0,0,0,0,0,0
1,0,6,0,18,95,0,0,0,0,0,0,0,0,0,0,0,0,0,0,0,1,0
0,0,2,1,16,96,0,0,0,0,0,0,0,0,0,0,0,0,0,0,0,0,1
0,0,4,0,2,81,0,0,0,0,0,0,0,0,0,0,0,0,0,0,0,1,0
1,0,5,1,16,65,0,0,0,0,0,0,0,0,0,0,0,0,0,0,0,1,0
0,0,0,0,29,77,0,0,0,0,0,0,0,0,0,0,0,0,1,0,0,0,0
1,0,5,0,35,96,1,0,0,0,0,0,0,0,0,0,0,0,0,0,0,0,0
1,0,2,0,11,93,0,0,1,0,0,0,0,0,0,0,0,0,0,0,0,0,0
1,0,3,0,4,75,0,1,0,0,0,0,0,0,0,0,0,0,0,0,0,0,0
0,0,0,0,15,71,0,0,0,0,0,0,0,0,0,0,0,0,0,0,1,0,0
0,0,1,0,31,63,1,0,0,0,0,0,0,0,0,0,0,0,0,0,0,0,0
0,0,7,0,30,70,0,0,0,0,0,0,1,0,0,0,0,0,0,0,0,0,0
0,0,3,0,17,85,0,0,0,0,0,0,0,0,0,0,0,0,0,0,1,0,0
0,1,2,0,10,94,0,0,0,0,0,0,0,0,1,0,0,0,0,0,0,0,0
0,0,2,0,22,65,0,0,0,0,0,0,0,0,0,0,0,0,0,0,0,0,1
1,0,3,0,16,96,0,0,0,0,0,0,0,0,0,0,0,0,1,0,0,0,0
0,0,2,0,11,82,0,0,0,0,0,0,0,0,0,0,0,0,0,0,0,1,0
0,0,3,0,35,99,0,0,0,0,0,0,0,0,0,0,0,0,1,0,0,0,0
1,0,1,0,25,76,0,0,0,0,0,0,0,0,0,0,0,0,0,1,0,0,0
0,0,9,0,5,67,0,0,0,1,0,0,0,0,0,0,0,0,0,0,0,0,0
1,0,2,1,35,98,0,0,0,0,0,0,0,0,0,0,0,0,0,0,0,1,0
1,0,4,0,15,83,0,0,1,0,0,0,0,0,0,0,0,0,0,0,0,0,0
1,0,4,1,21,88,0,0,1,0,0,0,0,0,0,0,0,0,0,0,0,0,0
0,0,2,0,3,85,0,0,0,0,0,1,0,0,0,0,0,0,0,0,0,0,0
0,0,1,0,1,90,0,0,0,0,0,0,0,0,0,0,1,0,0,0,0,0,0
0,0,1,0,32,93,0,0,0,0,0,0,0,0,0,0,0,0,1,0,0,0,0
1,0,6,1,25,79,0,0,0,0,0,0,0,0,0,1,0,0,0,0,0,0,0
0,0,9,0,26,87,0,0,0,0,0,0,0,0,0,1,0,0,0,0,0,0,0
0,1,7,0,34,81,0,0,0,0,0,0,0,0,0,1,0,0,0,0,0,0,0
1,0,2,1,25,100,0,0,0,0,0,0,0,0,0,0,0,0,0,1,0,0,0
1,1,3,0,12,73,0,0,0,0,0,0,0,0,0,0,0,0,0,1,0,0,0
1,0,1,0,25,79,0,0,0,0,0,0,0,0,0,0,0,0,0,0,0,1,0
1,0,6,0,50,85,0,0,0,0,0,0,1,0,0,0,0,0,0,0,0,0,0
0,0,7,0,15,100,0,0,0,0,0,1,0,0,0,0,0,0,0,0,0,0,0
0,0,0,0,34,93,0,0,0,0,0,0,0,0,0,0,0,0,1,0,0,0,0
0,0,6,0,27,88,0,0,0,0,0,0,0,0,0,0,0,0,0,1,0,0,0
0,0,1,0,5,99,0,0,0,0,0,0,0,1,0,0,0,0,0,0,0,0,0
1,0,5,0,15,76,0,0,0,0,0,0,0,0,0,0,0,0,1,0,0,0,0
0,0,2,1,31,67,0,0,0,0,0,0,0,0,0,0,0,1,0,0,0,0,0
0,0,6,0,0,93,0,1,0,0,0,0,0,0,0,0,0,0,0,0,0,0,0
1,1,1,0,5,64,0,0,0,1,0,0,0,0,0,0,0,0,0,0,0,0,0
1,0,3,0,35,98,0,0,0,0,0,0,0,0,0,0,0,0,1,0,0,0,0
1,0,0,0,27,100,0,0,0,0,0,0,0,0,0,0,0,0,0,0,0,1,0
0,1,7,0,1,61,0,0,0,1,0,0,0,0,0,0,0,0,0,0,0,0,0
1,1,6,0,2,79,0,0,0,1,0,0,0,0,0,0,0,0,0,0,0,0,0
1,1,2,1,18,65,0,0,0,0,0,0,0,0,0,0,0,0,1,0,0,0,0
1,0,1,0,14,63,0,0,0,0,0,0,0,0,0,0,0,0,1,0,0,0,0
0,0,1,0,6,90,0,0,0,0,0,1,0,0,0,0,0,0,0,0,0,0,0
1,0,5,1,2,99,0,1,0,0,0,0,0,0,0,0,0,0,0,0,0,0,0
1,0,2,0,19,96,0,0,0,0,0,0,0,0,0,0,0,0,1,0,0,0,0
0,0,1,0,1,90,0,1,0,0,0,0,0,0,0,0,0,0,0,0,0,0,0
0,0,2,0,13,98,0,0,1,0,0,0,0,0,0,0,0,0,0,0,0,0,0
0,1,8,0,3,96,0,0,0,1,0,0,0,0,0,0,0,0,0,0,0,0,0
1,0,2,0,21,96,0,0,1,0,0,0,0,0,0,0,0,0,0,0,0,0,0
0,1,2,0,29,74,0,0,0,0,0,1,0,0,0,0,0,0,0,0,0,0,0
0,0,0,1,11,92,0,0,0,0,0,0,0,0,1,0,0,0,0,0,0,0,0
1,0,3,0,23,83,0,0,0,0,0,0,1,0,0,0,0,0,0,0,0,0,0
1,1,2,0,30,87,0,0,0,0,0,0,0,0,0,0,0,0,1,0,0,0,0
0,0,1,0,13,76,1,0,0,0,0,0,0,0,0,0,0,0,0,0,0,0,0
1,0,4,0,19,67,0,0,0,0,1,0,0,0,0,0,0,0,0,0,0,0,0
0,0,5,0,33,82,0,0,0,0,0,0,0,0,0,0,0,0,1,0,0,0,0
1,0,2,0,21,82,0,0,0,0,0,0,0,0,0,0,0,0,1,0,0,0,0
0,0,7,0,31,80,0,0,0,0,0,0,0,0,0,0,0,1,0,0,0,0,0
1,0,6,0,3,79,0,0,0,1,0,0,0,0,0,0,0,0,0,0,0,0,0
0,1,7,0,3,70,0,0,0,1,0,0,0,0,0,0,0,0,0,0,0,0,0
1,1,0,0,30,67,0,0,0,0,0,0,0,0,0,0,0,0,0,0,0,1,0
0,1,5,1,1,99,0,0,0,1,0,0,0,0,0,0,0,0,0,0,0,0,0
0,0,0,1,8,75,0,0,0,0,0,0,0,0,0,0,0,0,0,0,0,1,0
1,0,2,0,29,78,0,0,0,0,0,0,0,0,0,0,0,0,1,0,0,0,0
0,0,2,0,18,71,1,0,0,0,0,0,0,0,0,0,0,0,0,0,0,0,0
0,0,6,1,4,71,0,0,0,0,0,0,0,1,0,0,0,0,0,0,0,0,0
0,0,1,0,10,97,0,0,0,0,0,0,0,0,0,0,0,0,0,0,0,1,0
0,0,2,0,32,74,0,0,1,0,0,0,0,0,0,0,0,0,0,0,0,0,0
0,0,1,0,32,81,0,0,0,0,0,0,0,0,0,1,0,0,0,0,0,0,0
1,0,2,1,16,63,0,0,0,0,0,0,0,0,0,0,0,0,1,0,0,0,0
1,0,6,0,35,95,0,0,0,0,0,0,0,0,0,0,0,0,0,0,0,1,0
0,0,8,0,2,89,0,0,0,1,0,0,0,0,0,0,0,0,0,0,0,0,0
0,0,3,0,27,63,0,0,0,0,0,0,0,0,0,0,0,0,0,0,0,1,0
1,0,3,0,28,88,0,0,0,0,0,0,0,0,0,0,0,0,1,0,0,0,0
1,0,2,0,2,75,0,0,0,0,0,0,0,0,0,0,1,0,0,0,0,0,0
1,0,3,0,42,96,0,0,0,0,0,0,1,0,0,0,0,0,0,0,0,0,0
1,0,7,0,31,89,0,0,1,0,0,0,0,0,0,0,0,0,0,0,0,0,0
1,0,3,0,15,92,1,0,0,0,0,0,0,0,0,0,0,0,0,0,0,0,0
1,0,7,0,1,70,0,0,0,1,0,0,0,0,0,0,0,0,0,0,0,0,0
0,0,5,0,10,90,0,0,0,0,0,0,0,0,0,0,0,0,0,0,1,0,0
0,0,5,0,40,88,0,0,0,0,0,0,1,0,0,0,0,0,0,0,0,0,0
1,0,8,0,40,95,0,0,0,0,0,0,1,0,0,0,0,0,0,0,0,0,0
0,0,0,0,8,89,0,0,0,0,0,0,0,0,0,0,1,0,0,0,0,0,0
0,0,2,0,22,83,0,0,0,0,0,0,0,0,0,0,0,0,0,0,0,1,0
0,0,3,0,21,82,0,0,0,0,0,0,0,0,0,0,0,0,0,0,0,1,0
1,0,7,0,31,88,0,0,0,0,0,0,0,0,0,1,0,0,0,0,0,0,0
1,0,1,0,10,86,0,0,0,0,0,0,0,0,1,0,0,0,0,0,0,0,0
0,0,3,1,35,94,0,0,1,0,0,0,0,0,0,0,0,0,0,0,0,0,0
1,0,3,0,14,95,0,0,1,0,0,0,0,0,0,0,0,0,0,0,0,0,0
1,0,2,0,7,94,0,0,0,0,0,0,0,0,1,0,0,0,0,0,0,0,0
1,0,5,0,4,83,0,0,0,1,0,0,0,0,0,0,0,0,0,0,0,0,0
0,0,4,1,14,86,0,0,0,0,0,0,0,0,0,0,0,0,0,0,1,0,0
0,0,1,1,29,72,0,0,0,0,0,0,0,0,0,0,0,0,1,0,0,0,0
0,1,3,0,20,88,1,0,0,0,0,0,0,0,0,0,0,0,0,0,0,0,0
0,0,3,1,24,84,0,0,0,0,0,0,0,0,0,0,0,0,1,0,0,0,0
0,0,3,1,27,75,0,0,0,0,0,0,0,0,0,0,0,0,1,0,0,0,0
0,0,3,0,31,67,0,0,0,0,0,0,0,0,0,0,0,0,1,0,0,0,0
0,0,4,0,27,61,0,0,0,0,0,0,0,0,0,1,0,0,0,0,0,0,0
1,0,2,0,23,88,0,0,0,0,0,0,0,0,0,0,0,0,0,0,0,1,0
0,0,2,0,35,88,0,0,0,0,0,0,0,0,0,0,0,1,0,0,0,0,0
1,0,1,1,33,97,0,0,0,0,0,0,0,0,0,0,0,0,0,0,0,1,0
1,0,5,1,11,71,0,0,1,0,0,0,0,0,0,0,0,0,0,0,0,0,0
0,0,9,0,10,73,0,0,1,0,0,0,0,0,0,0,0,0,0,0,0,0,0
1,1,6,0,3,61,0,0,0,1,0,0,0,0,0,0,0,0,0,0,0,0,0
1,0,3,0,5,80,0,0,0,0,0,0,0,0,0,0,1,0,0,0,0,0,0
1,0,5,0,34,99,0,0,0,0,0,0,0,0,0,0,0,0,1,0,0,0,0
0,0,7,0,15,67,1,0,0,0,0,0,0,0,0,0,0,0,0,0,0,0,0
0,0,1,0,20,67,0,0,0,0,0,0,0,0,0,0,0,0,1,0,0,0,0
1,0,1,0,3,85,0,0,0,0,0,0,0,0,1,0,0,0,0,0,0,0,0
1,1,2,1,2,62,0,0,0,1,0,0,0,0,0,0,0,0,0,0,0,0,0
0,0,1,0,27,65,0,0,1,0,0,0,0,0,0,0,0,0,0,0,0,0,0
1,1,0,0,29,60,0,0,0,0,0,0,0,0,0,0,0,0,1,0,0,0,0
0,0,1,1,2,78,0,1,0,0,0,0,0,0,0,0,0,0,0,0,0,0,0
0,0,5,0,9,81,0,0,0,0,0,1,0,0,0,0,0,0,0,0,0,0,0
1,0,7,0,14,63,0,0,0,0,1,0,0,0,0,0,0,0,0,0,0,0,0
1,0,8,0,25,62,0,0,0,0,0,0,1,0,0,0,0,0,0,0,0,0,0
1,0,1,1,9,63,0,0,0,0,0,0,0,0,0,0,0,0,0,0,0,1,0
1,1,9,0,2,73,0,0,0,1,0,0,0,0,0,0,0,0,0,0,0,0,0
1,0,5,0,31,94,0,0,0,0,0,0,0,0,0,1,0,0,0,0,0,0,0
1,0,5,0,3,85,0,0,0,0,0,1,0,0,0,0,0,0,0,0,0,0,0
0,0,5,0,12,84,0,0,0,0,0,1,0,0,0,0,0,0,0,0,0,0,0
1,0,5,0,5,92,0,0,0,1,0,0,0,0,0,0,0,0,0,0,0,0,0
1,0,2,0,4,88,0,0,0,0,0,0,0,1,0,0,0,0,0,0,0,0,0
1,0,2,0,25,80,0,0,0,0,0,0,0,0,0,0,0,0,0,0,0,1,0
1,0,1,0,33,75,0,0,0,0,0,0,0,0,0,0,0,0,0,0,0,1,0
1,1,1,0,24,100,0,0,0,0,0,0,0,0,0,0,0,0,0,0,0,1,0
0,0,3,0,0,82,0,1,0,0,0,0,0,0,0,0,0,0,0,0,0,0,0
1,1,6,0,0,92,0,0,0,1,0,0,0,0,0,0,0,0,0,0,0,0,0
0,0,2,0,3,69,0,0,0,0,0,0,0,0,1,0,0,0,0,0,0,0,0
1,0,2,0,26,93,0,0,0,0,0,0,0,0,0,1,0,0,0,0,0,0,0
1,0,7,0,31,76,0,0,0,0,1,0,0,0,0,0,0,0,0,0,0,0,0
0,0,4,0,20,63,0,0,0,0,0,0,0,0,0,0,0,0,1,0,0,0,0
0,0,1,0,9,65,0,0,0,0,0,0,0,0,0,0,0,0,0,0,0,1,0
1,1,1,1,4,60,0,0,0,1,0,0,0,0,0,0,0,0,0,0,0,0,0
1,0,3,1,2,66,0,0,0,0,0,0,0,0,0,0,1,0,0,0,0,0,0
0,0,5,0,32,98,0,0,0,0,0,0,0,0,0,0,0,0,1,0,0,0,0
1,1,7,0,2,72,0,0,0,1,0,0,0,0,0,0,0,0,0,0,0,0,0
0,1,1,0,2,77,0,0,0,0,0,0,0,1,0,0,0,0,0,0,0,0,0
0,0,6,0,19,69,0,0,1,0,0,0,0,0,0,0,0,0,0,0,0,0,0
1,0,4,0,12,86,1,0,0,0,0,0,0,0,0,0,0,0,0,0,0,0,0
0,0,4,0,22,83,1,0,0,0,0,0,0,0,0,0,0,0,0,0,0,0,0
1,1,7,0,1,93,0,0,0,1,0,0,0,0,0,0,0,0,0,0,0,0,0
1,0,0,0,21,83,0,0,0,0,0,0,0,0,0,0,0,0,1,0,0,0,0
0,1,4,0,5,93,0,0,0,1,0,0,0,0,0,0,0,0,0,0,0,0,0
0,0,3,1,5,91,0,0,0,0,0,0,0,0,0,0,1,0,0,0,0,0,0
0,0,2,0,8,79,0,0,0,0,0,0,0,0,0,0,0,0,0,0,0,1,0
1,0,4,0,25,78,0,0,0,0,0,0,0,0,0,0,0,0,1,0,0,0,0
1,0,5,0,34,74,0,0,0,0,0,0,0,0,0,0,0,1,0,0,0,0,0
1,0,3,0,0,67,0,0,0,0,0,0,0,0,0,0,1,0,0,0,0,0,0
0,0,0,0,34,92,0,0,0,0,0,0,0,0,0,0,0,0,1,0,0,0,0
1,0,2,0,31,84,0,0,0,0,0,0,0,0,0,1,0,0,0,0,0,0,0
0,1,7,0,1,86,0,0,0,1,0,0,0,0,0,0,0,0,0,0,0,0,0
0,0,1,1,28,77,0,0,0,0,0,0,0,0,0,1,0,0,0,0,0,0,0
1,1,4,0,5,67,0,0,0,1,0,0,0,0,0,0,0,0,0,0,0,0,0
0,0,1,0,26,71,0,0,0,0,0,0,0,0,0,0,0,0,1,0,0,0,0
1,0,1,0,21,67,0,0,0,0,0,0,0,0,0,0,0,0,0,0,0,1,0
1,0,4,0,22,62,0,0,0,0,0,0,0,0,0,0,0,0,1,0,0,0,0
0,0,3,0,30,74,0,0,0,0,0,0,0,0,0,0,0,0,0,0,0,1,0
0,1,7,0,2,71,0,0,0,1,0,0,0,0,0,0,0,0,0,0,0,0,0
1,0,5,0,24,64,0,0,0,0,0,0,0,0,0,0,0,0,1,0,0,0,0
1,0,1,0,24,74,0,0,0,0,0,0,0,0,0,0,0,0,1,0,0,0,0
1,0,5,0,3,68,0,0,0,0,0,0,0,0,1,0,0,0,0,0,0,0,0
1,1,6,1,4,99,0,0,0,1,0,0,0,0,0,0,0,0,0,0,0,0,0
0,0,5,0,42,100,0,0,0,0,0,0,1,0,0,0,0,0,0,0,0,0,0
0,0,6,0,24,79,1,0,0,0,0,0,0,0,0,0,0,0,0,0,0,0,0
0,0,1,0,0,84,0,0,0,0,0,0,0,0,0,0,1,0,0,0,0,0,0
0,0,3,0,4,89,0,0,0,0,0,0,0,0,0,0,1,0,0,0,0,0,0
0,0,3,0,25,89,0,0,0,0,0,0,0,0,0,0,0,0,1,0,0,0,0
0,1,1,1,1,79,0,1,0,0,0,0,0,0,0,0,0,0,0,0,0,0,0
1,0,5,0,35,95,0,0,0,0,0,0,0,0,0,1,0,0,0,0,0,0,0
1,0,7,0,20,90,0,0,0,0,0,0,0,0,0,0,0,0,1,0,0,0,0
0,0,7,0,11,67,0,0,0,0,0,0,0,0,0,0,0,0,0,0,0,1,0
1,1,3,0,21,74,0,0,0,0,0,0,0,0,0,0,0,0,0,0,0,1,0
1,1,9,0,1,77,0,0,0,1,0,0,0,0,0,0,0,0,0,0,0,0,0
0,0,3,0,15,75,0,0,0,0,0,0,0,0,0,0,0,0,1,0,0,0,0
1,0,1,0,33,97,0,0,0,0,0,0,0,0,0,0,0,0,1,0,0,0,0
1,0,2,1,24,95,0,0,0,0,0,0,0,0,0,0,0,0,1,0,0,0,0
0,0,1,0,13,66,0,0,1,0,0,0,0,0,0,0,0,0,0,0,0,0,0
1,1,6,0,5,70,0,0,0,1,0,0,0,0,0,0,0,0,0,0,0,0,0
1,0,1,1,12,99,0,0,0,0,0,0,0,0,1,0,0,0,0,0,0,0,0
1,0,4,1,8,73,0,0,0,0,0,0,0,0,0,0,1,0,0,0,0,0,0
0,0,2,0,8,83,0,0,0,0,0,0,0,0,0,0,0,0,0,0,1,0,0
1,0,5,0,8,66,0,0,0,0,0,0,0,0,0,0,1,0,0,0,0,0,0
0,1,4,1,0,93,0,0,0,1,0,0,0,0,0,0,0,0,0,0,0,0,0
0,0,5,0,14,96,0,0,0,0,0,1,0,0,0,0,0,0,0,0,0,0,0
0,1,4,1,3,95,0,0,0,1,0,0,0,0,0,0,0,0,0,0,0,0,0
1,0,2,0,19,65,0,0,0,0,0,0,0,0,0,0,0,0,0,1,0,0,0
1,0,4,0,29,92,0,0,0,0,0,0,0,0,0,0,0,0,0,0,0,1,0
0,1,7,1,0,97,0,0,0,1,0,0,0,0,0,0,0,0,0,0,0,0,0
1,0,7,0,5,67,0,0,0,0,0,0,0,0,0,0,1,0,0,0,0,0,0
0,0,6,0,4,69,0,0,0,1,0,0,0,0,0,0,0,0,0,0,0,0,0
0,0,7,0,1,99,0,0,0,1,0,0,0,0,0,0,0,0,0,0,0,0,0
1,0,8,1,12,63,0,0,0,0,0,0,0,0,0,0,0,0,0,1,0,0,0
0,0,3,0,27,71,0,0,0,0,0,0,0,0,0,0,0,0,1,0,0,0,0
0,0,4,1,12,91,0,0,1,0,0,0,0,0,0,0,0,0,0,0,0,0,0
1,0,3,0,21,89,0,0,1,0,0,0,0,0,0,0,0,0,0,0,0,0,0
0,0,9,0,15,85,0,0,0,0,0,0,0,0,0,0,0,0,0,0,1,0,0
0,0,3,0,26,74,0,0,0,0,0,0,0,0,0,0,0,0,1,0,0,0,0
0,0,1,0,31,92,0,0,0,0,0,0,0,0,0,1,0,0,0,0,0,0,0
1,0,9,0,31,68,0,0,0,0,0,0,0,0,0,0,0,1,0,0,0,0,0
1,0,3,0,3,64,0,0,0,0,0,0,0,0,0,0,0,0,0,0,0,1,0
0,0,8,0,16,63,0,0,0,0,0,0,0,0,0,0,0,0,1,0,0,0,0
1,0,5,0,29,100,0,0,0,0,0,0,0,0,0,1,0,0,0,0,0,0,0
1,0,4,0,31,68,0,0,0,0,0,0,0,0,0,0,0,0,1,0,0,0,0
1,0,1,0,46,93,0,0,0,0,0,0,1,0,0,0,0,0,0,0,0,0,0
0,0,1,0,24,61,0,0,0,0,0,0,0,0,0,0,0,0,1,0,0,0,0
0,0,2,0,2,96,0,0,0,0,0,0,0,0,0,0,1,0,0,0,0,0,0
0,0,3,0,9,100,0,0,0,0,0,0,0,0,0,0,0,0,0,0,1,0,0
0,1,7,0,0,73,0,0,0,1,0,0,0,0,0,0,0,0,0,0,0,0,0
1,0,8,0,4,92,0,0,0,1,0,0,0,0,0,0,0,0,0,0,0,0,0
0,0,6,0,4,72,0,0,0,1,0,0,0,0,0,0,0,0,0,0,0,0,0
1,0,4,0,34,69,0,0,0,0,0,0,0,0,0,0,0,0,1,0,0,0,0
1,0,2,0,34,96,0,0,0,0,0,0,0,0,0,0,0,0,0,0,0,1,0
1,0,5,0,32,94,0,0,0,0,0,0,0,0,0,0,0,0,1,0,0,0,0
0,1,4,0,23,81,0,0,0,0,0,0,0,0,0,0,0,0,1,0,0,0,0
1,0,2,1,20,62,0,0,0,0,0,0,0,0,0,0,0,0,1,0,0,0,0
0,0,1,0,5,63,0,1,0,0,0,0,0,0,0,0,0,0,0,0,0,0,0
0,0,5,1,15,63,0,0,0,0,0,0,0,0,0,0,0,0,1,0,0,0,0
1,0,3,0,21,87,0,0,0,0,0,1,0,0,0,0,0,0,0,0,0,0,0
1,0,1,0,30,91,0,0,0,0,0,0,0,0,0,0,0,0,1,0,0,0,0
1,0,3,1,15,85,1,0,0,0,0,0,0,0,0,0,0,0,0,0,0,0,0
1,0,6,1,18,67,0,0,1,0,0,0,0,0,0,0,0,0,0,0,0,0,0
1,0,3,0,24,100,1,0,0,0,0,0,0,0,0,0,0,0,0,0,0,0,0
1,0,3,0,15,95,0,0,1,0,0,0,0,0,0,0,0,0,0,0,0,0,0
0,0,3,0,2,84,0,1,0,0,0,0,0,0,0,0,0,0,0,0,0,0,0
0,0,6,0,14,100,0,0,0,0,0,0,0,0,0,0,0,0,1,0,0,0,0
1,0,1,0,5,71,0,0,0,1,0,0,0,0,0,0,0,0,0,0,0,0,0
0,0,5,0,0,76,0,0,0,0,0,0,0,0,0,0,1,0,0,0,0,0,0
0,0,1,0,10,81,0,0,0,0,0,0,0,0,0,0,1,0,0,0,0,0,0
0,1,5,0,2,82,0,0,0,1,0,0,0,0,0,0,0,0,0,0,0,0,0
1,0,3,0,30,87,0,0,0,0,0,0,0,0,0,1,0,0,0,0,0,0,0
0,0,7,0,28,83,0,0,0,0,0,0,1,0,0,0,0,0,0,0,0,0,0
0,0,0,1,29,98,0,0,0,0,0,0,0,0,0,1,0,0,0,0,0,0,0
0,0,0,0,35,95,0,0,0,0,0,0,0,0,0,0,0,0,1,0,0,0,0
0,0,1,0,12,88,0,0,1,0,0,0,0,0,0,0,0,0,0,0,0,0,0
1,1,3,0,32,85,0,0,0,0,0,0,0,0,0,0,0,0,0,1,0,0,0
1,0,2,0,27,98,1,0,0,0,0,0,0,0,0,0,0,0,0,0,0,0,0
0,0,4,0,25,60,0,0,0,0,0,0,0,0,0,0,0,0,0,0,0,1,0
1,0,3,0,2,76,0,0,0,0,0,0,0,1,0,0,0,0,0,0,0,0,0
0,0,2,0,24,65,0,0,1,0,0,0,0,0,0,0,0,0,0,0,0,0,0
0,0,4,0,16,89,1,0,0,0,0,0,0,0,0,0,0,0,0,0,0,0,0
1,0,7,1,1,85,0,1,0,0,0,0,0,0,0,0,0,0,0,0,0,0,0
1,0,0,0,2,68,0,0,0,0,0,0,0,1,0,0,0,0,0,0,0,0,0
0,0,1,0,35,86,0,0,0,0,0,0,0,0,0,0,0,0,0,0,0,0,1
0,0,0,0,5,83,0,0,0,0,0,0,0,0,0,0,0,0,0,0,0,1,0
0,0,4,0,14,78,1,0,0,0,0,0,0,0,0,0,0,0,0,0,0,0,0
0,0,2,0,26,78,0,0,0,0,0,0,0,0,0,0,0,0,0,0,0,1,0
1,0,3,0,41,92,0,0,0,0,0,0,1,0,0,0,0,0,0,0,0,0,0
0,0,2,1,6,60,0,0,0,0,0,0,0,0,0,0,0,0,0,0,0,1,0
1,0,3,0,35,88,0,0,0,0,0,0,0,0,0,0,0,0,1,0,0,0,0
1,0,0,1,30,68,0,0,0,0,1,0,0,0,0,0,0,0,0,0,0,0,0
1,0,2,1,12,80,0,0,1,0,0,0,0,0,0,0,0,0,0,0,0,0,0
0,0,2,0,29,61,0,0,0,0,0,0,0,0,0,0,0,0,1,0,0,0,0
0,1,9,1,4,74,0,0,0,1,0,0,0,0,0,0,0,0,0,0,0,0,0
0,1,2,0,0,67,0,1,0,0,0,0,0,0,0,0,0,0,0,0,0,0,0
1,0,3,0,17,69,0,0,0,0,0,0,0,0,0,0,0,0,1,0,0,0,0
0,0,1,1,20,86,0,0,0,0,0,0,0,0,0,0,0,0,1,0,0,0,0
0,0,2,0,35,100,0,0,0,0,0,0,0,0,0,0,0,1,0,0,0,0,0
1,0,2,0,26,65,0,0,0,0,0,0,0,0,0,0,0,0,1,0,0,0,0
0,0,3,1,24,83,0,0,0,0,0,0,0,0,0,0,0,0,0,0,0,1,0
0,1,6,0,0,89,0,0,0,1,0,0,0,0,0,0,0,0,0,0,0,0,0
1,0,7,0,32,64,0,0,0,0,1,0,0,0,0,0,0,0,0,0,0,0,0
1,0,4,1,4,70,0,0,0,0,0,0,0,0,0,0,1,0,0,0,0,0,0
1,0,3,0,34,89,0,0,0,0,0,0,0,0,0,0,0,1,0,0,0,0,0
0,1,3,0,29,82,0,0,0,0,0,0,0,0,0,0,0,0,1,0,0,0,0
1,0,2,1,35,99,0,0,0,0,0,0,0,0,0,0,0,0,0,0,0,1,0
0,0,5,0,23,92,0,0,0,0,0,0,0,0,0,0,0,0,1,0,0,0,0
1,1,8,0,5,72,0,0,0,1,0,0,0,0,0,0,0,0,0,0,0,0,0
0,0,0,0,1,65,0,0,0,0,0,0,0,1,0,0,0,0,0,0,0,0,0
1,0,1,0,31,84,0,0,1,0,0,0,0,0,0,0,0,0,0,0,0,0,0
0,0,1,1,14,89,0,0,0,0,0,0,0,0,0,0,0,0,0,0,0,1,0
1,0,6,0,3,88,0,0,0,1,0,0,0,0,0,0,0,0,0,0,0,0,0
1,1,2,0,18,62,0,0,0,0,0,0,0,0,0,0,0,0,1,0,0,0,0
1,0,1,1,47,96,0,0,0,0,0,0,1,0,0,0,0,0,0,0,0,0,0
0,0,2,0,4,83,0,0,0,0,0,0,0,1,0,0,0,0,0,0,0,0,0
1,1,1,1,32,89,0,0,0,0,0,0,0,0,0,0,0,0,1,0,0,0,0
1,0,3,1,20,76,1,0,0,0,0,0,0,0,0,0,0,0,0,0,0,0,0
0,1,6,0,3,85,0,0,0,1,0,0,0,0,0,0,0,0,0,0,0,0,0
1,1,5,0,19,81,0,0,0,0,0,0,0,0,0,0,0,0,1,0,0,0,0
1,0,1,1,5,73,0,0,0,0,0,0,0,0,0,0,1,0,0,0,0,0,0
1,0,3,0,22,74,0,0,0,0,0,0,0,0,0,0,0,0,1,0,0,0,0
0,0,9,0,3,69,0,0,0,1,0,0,0,0,0,0,0,0,0,0,0,0,0
0,0,3,0,33,98,0,0,0,0,0,0,0,0,0,0,0,1,0,0,0,0,0
1,0,0,0,13,81,0,0,0,0,1,0,0,0,0,0,0,0,0,0,0,0,0
1,0,0,0,19,93,0,0,0,0,0,0,0,0,0,0,0,0,0,0,0,1,0
0,0,2,1,10,81,0,0,0,0,0,0,0,0,0,0,1,0,0,0,0,0,0
0,1,2,0,29,63,0,0,0,0,0,0,0,0,0,0,0,0,0,0,0,1,0
1,0,3,1,31,63,0,0,0,0,0,0,0,0,0,1,0,0,0,0,0,0,0
1,0,3,1,3,72,0,0,0,0,0,0,0,1,0,0,0,0,0,0,0,0,0
0,0,0,1,29,92,0,0,1,0,0,0,0,0,0,0,0,0,0,0,0,0,0
1,1,3,0,34,64,0,0,0,0,0,0,0,0,0,0,0,0,0,0,0,1,0
1,0,3,0,34,91,0,0,0,0,0,1,0,0,0,0,0,0,0,0,0,0,0
1,0,2,0,30,93,0,0,0,0,0,0,0,0,0,0,0,0,1,0,0,0,0
0,0,3,0,18,70,0,0,0,0,0,0,0,0,0,0,0,0,0,0,0,1,0
1,0,3,0,32,72,1,0,0,0,0,0,0,0,0,0,0,0,0,0,0,0,0
1,0,1,0,31,80,0,0,0,0,0,0,0,0,0,0,0,0,1,0,0,0,0
1,0,7,0,3,68,0,0,0,0,0,0,0,1,0,0,0,0,0,0,0,0,0
0,0,3,1,5,90,0,1,0,0,0,0,0,0,0,0,0,0,0,0,0,0,0
1,0,3,1,24,73,0,0,0,0,1,0,0,0,0,0,0,0,0,0,0,0,0
0,0,4,0,27,75,1,0,0,0,0,0,0,0,0,0,0,0,0,0,0,0,0
1,0,1,1,21,71,0,0,0,0,0,0,0,0,0,0,0,0,1,0,0,0,0
0,0,4,0,32,73,0,0,1,0,0,0,0,0,0,0,0,0,0,0,0,0,0
0,1,7,0,5,88,0,0,0,1,0,0,0,0,0,0,0,0,0,0,0,0,0
0,0,7,0,7,98,0,0,0,0,0,0,0,0,0,0,0,0,0,0,0,1,0
1,1,8,0,1,77,0,0,0,1,0,0,0,0,0,0,0,0,0,0,0,0,0
0,0,3,0,22,64,0,0,1,0,0,0,0,0,0,0,0,0,0,0,0,0,0
1,0,5,1,15,91,1,0,0,0,0,0,0,0,0,0,0,0,0,0,0,0,0
1,0,1,0,12,66,0,0,0,0,0,0,0,0,1,0,0,0,0,0,0,0,0
1,0,3,1,21,61,0,0,0,0,0,0,0,0,0,0,0,0,0,0,0,1,0
1,1,5,0,24,92,0,0,0,0,0,0,0,0,0,0,0,0,0,1,0,0,0
0,0,7,0,18,70,1,0,0,0,0,0,0,0,0,0,0,0,0,0,0,0,0
0,0,6,0,4,98,0,0,0,0,0,0,0,0,1,0,0,0,0,0,0,0,0
1,1,6,0,5,62,0,0,0,1,0,0,0,0,0,0,0,0,0,0,0,0,0
0,1,7,0,32,97,0,0,0,0,0,0,0,0,0,0,0,0,0,0,0,0,1
1,0,8,1,0,92,0,1,0,0,0,0,0,0,0,0,0,0,0,0,0,0,0
0,0,2,0,34,83,0,0,0,0,0,0,0,0,0,0,0,1,0,0,0,0,0
0,0,5,0,28,91,0,0,0,0,0,0,0,0,0,1,0,0,0,0,0,0,0
1,1,1,1,30,70,0,0,0,0,0,0,1,0,0,0,0,0,0,0,0,0,0
1,0,8,0,31,75,0,0,0,0,0,0,0,0,0,1,0,0,0,0,0,0,0
1,0,3,1,33,62,0,0,0,0,0,0,0,0,0,0,0,0,1,0,0,0,0
0,0,2,0,28,81,0,0,1,0,0,0,0,0,0,0,0,0,0,0,0,0,0
1,0,2,0,31,96,0,0,1,0,0,0,0,0,0,0,0,0,0,0,0,0,0
1,1,3,0,7,85,0,0,0,0,0,0,0,0,1,0,0,0,0,0,0,0,0
0,0,6,0,28,64,0,0,0,0,0,0,0,0,0,1,0,0,0,0,0,0,0
0,0,4,1,44,98,0,0,0,0,0,0,1,0,0,0,0,0,0,0,0,0,0
0,1,0,0,13,95,0,0,0,0,0,0,0,0,0,0,0,0,0,0,0,1,0
1,0,2,0,15,84,0,0,1,0,0,0,0,0,0,0,0,0,0,0,0,0,0
0,0,3,0,16,74,1,0,0,0,0,0,0,0,0,0,0,0,0,0,0,0,0
0,0,1,0,18,63,0,0,1,0,0,0,0,0,0,0,0,0,0,0,0,0,0
0,0,1,0,28,85,0,0,0,0,0,0,0,0,0,0,0,0,0,0,0,1,0
0,0,5,0,29,65,0,0,0,0,0,0,0,0,0,1,0,0,0,0,0,0,0
0,0,8,0,30,80,0,0,0,0,0,0,0,0,0,1,0,0,0,0,0,0,0
0,0,1,1,32,75,0,0,0,0,0,0,0,0,0,0,0,0,1,0,0,0,0
0,0,0,0,19,93,0,0,0,0,0,0,0,0,0,0,0,0,1,0,0,0,0
0,0,2,0,18,79,0,0,0,0,0,0,0,0,0,0,0,0,1,0,0,0,0
0,0,5,0,23,86,0,0,0,0,0,0,1,0,0,0,0,0,0,0,0,0,0
1,0,7,0,16,94,0,0,1,0,0,0,0,0,0,0,0,0,0,0,0,0,0
0,1,8,0,1,62,0,0,0,1,0,0,0,0,0,0,0,0,0,0,0,0,0
1,1,1,0,35,95,0,0,0,0,0,0,0,0,0,0,0,1,0,0,0,0,0
1,0,3,0,32,88,0,0,0,0,0,0,0,0,0,0,0,0,0,0,0,1,0
1,0,0,0,31,79,0,0,0,0,0,0,0,0,0,0,0,0,0,0,0,1,0
1,0,3,0,24,93,0,0,1,0,0,0,0,0,0,0,0,0,0,0,0,0,0
0,0,4,0,13,88,1,0,0,0,0,0,0,0,0,0,0,0,0,0,0,0,0
1,0,1,0,4,60,0,0,0,0,0,0,0,0,0,0,0,0,0,0,0,1,0
0,0,1,0,1,73,0,0,0,1,0,0,0,0,0,0,0,0,0,0,0,0,0
0,0,5,0,27,79,0,0,0,0,0,0,0,0,0,0,0,0,0,0,0,1,0
0,1,7,0,4,74,0,0,0,1,0,0,0,0,0,0,0,0,0,0,0,0,0
1,0,7,0,8,60,0,0,0,0,0,0,0,0,0,0,0,0,0,1,0,0,0
1,0,1,1,35,92,0,0,0,0,0,0,0,0,0,0,0,1,0,0,0,0,0
1,0,2,1,7,74,0,0,0,0,0,0,0,0,0,0,1,0,0,0,0,0,0
0,0,9,0,4,98,0,0,0,1,0,0,0,0,0,0,0,0,0,0,0,0,0
1,0,2,0,25,68,0,0,0,0,0,0,0,0,0,0,0,0,0,0,0,1,0
1,0,2,0,28,63,0,0,0,0,0,0,0,0,0,0,0,0,1,0,0,0,0
1,0,4,0,19,91,0,0,0,0,0,0,0,0,0,0,0,0,0,1,0,0,0
1,0,2,0,16,74,0,0,0,0,0,0,0,0,0,0,0,0,1,0,0,0,0
0,0,3,0,6,61,0,0,0,0,0,0,0,0,0,0,0,0,0,0,0,1,0
0,1,5,0,4,92,0,0,0,1,0,0,0,0,0,0,0,0,0,0,0,0,0
1,0,9,0,34,83,0,0,0,0,0,0,0,0,0,1,0,0,0,0,0,0,0
1,1,3,0,31,91,0,0,0,0,0,0,0,0,0,1,0,0,0,0,0,0,0
1,0,2,0,27,65,0,0,0,0,0,0,0,0,0,0,0,0,1,0,0,0,0
0,0,4,0,22,71,0,0,0,0,0,0,0,0,0,0,0,0,1,0,0,0,0
0,0,3,1,25,93,0,0,1,0,0,0,0,0,0,0,0,0,0,0,0,0,0
0,0,3,0,19,64,1,0,0,0,0,0,0,0,0,0,0,0,0,0,0,0,0
1,0,1,0,28,67,0,0,0,0,0,0,0,0,0,1,0,0,0,0,0,0,0
1,1,3,1,34,71,0,0,0,0,0,0,0,0,0,0,0,1,0,0,0,0,0
1,1,1,0,34,94,0,0,0,0,0,0,0,0,0,1,0,0,0,0,0,0,0
1,0,7,0,34,95,0,0,1,0,0,0,0,0,0,0,0,0,0,0,0,0,0
0,0,0,0,19,82,0,0,0,0,0,0,0,0,0,0,0,0,1,0,0,0,0
1,0,0,0,13,73,1,0,0,0,0,0,0,0,0,0,0,0,0,0,0,0,0
1,0,3,0,18,98,1,0,0,0,0,0,0,0,0,0,0,0,0,0,0,0,0
0,0,5,0,1,69,0,0,0,0,0,0,0,1,0,0,0,0,0,0,0,0,0
1,0,1,0,29,78,0,0,0,0,0,0,0,0,0,0,0,0,0,0,0,1,0
1,0,5,0,34,72,0,0,0,0,0,0,0,0,0,0,0,0,1,0,0,0,0
0,0,1,0,31,100,0,0,0,0,0,0,0,0,0,0,0,1,0,0,0,0,0
1,0,2,0,14,80,1,0,0,0,0,0,0,0,0,0,0,0,0,0,0,0,0
0,0,6,1,32,61,0,0,0,0,0,0,0,0,0,1,0,0,0,0,0,0,0
0,0,5,0,33,95,0,0,0,0,0,0,0,0,0,0,0,0,1,0,0,0,0
1,0,1,0,32,78,0,0,0,0,0,0,0,0,0,0,0,1,0,0,0,0,0
0,0,0,0,11,89,0,0,0,0,0,0,0,0,0,0,0,0,0,0,1,0,0
1,0,0,0,12,77,0,0,1,0,0,0,0,0,0,0,0,0,0,0,0,0,0
1,0,2,0,24,93,0,0,1,0,0,0,0,0,0,0,0,0,0,0,0,0,0
1,0,2,1,29,87,0,0,1,0,0,0,0,0,0,0,0,0,0,0,0,0,0
0,0,0,0,33,80,1,0,0,0,0,0,0,0,0,0,0,0,0,0,0,0,0
1,0,0,0,13,96,0,0,0,0,1,0,0,0,0,0,0,0,0,0,0,0,0
0,0,3,0,10,98,0,0,0,0,0,0,0,0,0,0,0,0,0,0,1,0,0
0,0,3,0,38,96,0,0,0,0,0,0,1,0,0,0,0,0,0,0,0,0,0
1,0,2,0,5,71,0,0,0,0,0,0,0,0,0,0,1,0,0,0,0,0,0
0,0,3,1,35,96,0,0,0,0,0,0,0,0,0,0,0,0,0,0,0,1,0
1,0,2,0,21,79,0,0,0,0,0,0,0,0,0,0,0,0,1,0,0,0,0
0,0,6,0,5,90,0,0,0,0,0,0,0,0,0,0,0,0,0,0,0,1,0
0,1,1,1,15,77,0,0,1,0,0,0,0,0,0,0,0,0,0,0,0,0,0
0,0,3,0,28,91,0,0,0,0,0,0,1,0,0,0,0,0,0,0,0,0,0
0,0,1,0,5,97,0,0,0,0,0,0,0,0,0,0,1,0,0,0,0,0,0
1,0,2,0,35,96,0,0,0,0,0,0,1,0,0,0,0,0,0,0,0,0,0
0,0,8,1,28,63,0,0,1,0,0,0,0,0,0,0,0,0,0,0,0,0,0
1,0,2,0,16,61,0,0,0,0,1,0,0,0,0,0,0,0,0,0,0,0,0
1,0,2,0,29,89,0,0,0,0,0,0,0,0,0,0,0,0,0,0,0,1,0
1,0,6,0,35,85,0,0,0,0,1,0,0,0,0,0,0,0,0,0,0,0,0
0,0,2,0,29,81,0,0,0,0,0,0,0,0,0,0,0,0,0,0,0,1,0
0,0,3,1,14,95,1,0,0,0,0,0,0,0,0,0,0,0,0,0,0,0,0
1,0,2,0,11,60,0,0,1,0,0,0,0,0,0,0,0,0,0,0,0,0,0
1,0,2,1,1,93,0,0,0,0,0,0,0,1,0,0,0,0,0,0,0,0,0
0,0,4,0,14,97,0,0,0,0,0,0,0,0,0,0,0,0,0,0,1,0,0
0,0,4,1,11,79,0,0,0,0,0,1,0,0,0,0,0,0,0,0,0,0,0
0,0,3,0,28,91,0,0,0,0,0,0,0,0,0,1,0,0,0,0,0,0,0
1,0,6,0,18,63,0,0,0,0,0,0,0,0,0,0,0,0,1,0,0,0,0
0,0,1,0,31,66,0,0,0,0,0,0,0,0,0,0,0,0,0,0,0,0,1
0,1,6,0,2,68,0,0,0,1,0,0,0,0,0,0,0,0,0,0,0,0,0
0,0,0,0,32,88,1,0,0,0,0,0,0,0,0,0,0,0,0,0,0,0,0
0,0,3,0,3,81,0,0,0,0,0,0,0,0,0,0,1,0,0,0,0,0,0
0,1,1,0,33,93,1,0,0,0,0,0,0,0,0,0,0,0,0,0,0,0,0
0,0,3,0,4,73,0,0,0,1,0,0,0,0,0,0,0,0,0,0,0,0,0
0,1,4,0,0,82,0,0,0,1,0,0,0,0,0,0,0,0,0,0,0,0,0
0,0,2,0,10,99,0,0,0,0,0,0,0,0,0,0,0,0,0,1,0,0,0
0,0,8,0,11,64,0,0,1,0,0,0,0,0,0,0,0,0,0,0,0,0,0
1,0,3,0,5,79,0,0,0,0,0,0,0,1,0,0,0,0,0,0,0,0,0
1,0,4,0,33,97,0,0,0,0,0,0,1,0,0,0,0,0,0,0,0,0,0
0,0,2,1,29,78,0,0,0,0,0,0,0,0,0,0,0,0,1,0,0,0,0
1,0,3,0,26,65,0,0,0,0,0,0,0,0,0,0,0,0,0,0,0,1,0
1,0,1,0,25,75,0,0,0,0,0,0,0,0,0,0,0,0,0,1,0,0,0
1,0,2,1,30,69,0,0,0,0,0,0,0,0,0,0,0,0,0,0,0,1,0
1,0,2,0,13,95,0,0,0,0,0,0,0,0,0,0,0,0,0,0,0,1,0
0,0,1,0,25,61,0,0,0,0,0,0,0,0,0,0,0,0,1,0,0,0,0
0,0,0,0,15,78,0,0,0,0,0,0,0,0,0,0,0,0,0,0,1,0,0
1,0,6,0,10,97,0,0,1,0,0,0,0,0,0,0,0,0,0,0,0,0,0
0,1,3,1,0,83,0,1,0,0,0,0,0,0,0,0,0,0,0,0,0,0,0
1,1,1,0,17,81,0,0,0,0,0,1,0,0,0,0,0,0,0,0,0,0,0
0,1,5,0,4,95,0,0,0,1,0,0,0,0,0,0,0,0,0,0,0,0,0
1,0,3,0,32,61,0,0,0,0,0,0,0,0,0,1,0,0,0,0,0,0,0
0,0,5,0,34,64,1,0,0,0,0,0,0,0,0,0,0,0,0,0,0,0,0
0,0,7,0,8,62,0,0,0,0,0,0,0,0,1,0,0,0,0,0,0,0,0
0,0,1,1,3,73,0,0,0,0,0,0,0,0,0,0,0,0,0,0,0,1,0
1,0,1,1,3,88,0,0,0,1,0,0,0,0,0,0,0,0,0,0,0,0,0
0,1,9,0,4,69,0,0,0,1,0,0,0,0,0,0,0,0,0,0,0,0,0
0,0,1,0,2,78,0,1,0,0,0,0,0,0,0,0,0,0,0,0,0,0,0
1,0,0,0,0,83,0,0,0,0,0,0,0,0,0,0,1,0,0,0,0,0,0
1,0,5,1,3,68,0,0,0,0,0,0,0,1,0,0,0,0,0,0,0,0,0
0,0,4,0,4,86,0,1,0,0,0,0,0,0,0,0,0,0,0,0,0,0,0
1,0,3,0,21,73,0,0,0,0,1,0,0,0,0,0,0,0,0,0,0,0,0
1,0,3,0,4,69,0,0,0,0,0,0,0,1,0,0,0,0,0,0,0,0,0
1,0,5,1,1,74,0,0,0,1,0,0,0,0,0,0,0,0,0,0,0,0,0
0,0,7,0,49,92,0,0,0,0,0,0,1,0,0,0,0,0,0,0,0,0,0
0,0,3,0,12,66,0,0,0,0,0,0,0,0,0,0,0,0,0,0,1,0,0
0,0,6,0,9,62,0,0,0,0,0,0,0,0,1,0,0,0,0,0,0,0,0
1,1,1,0,20,91,0,0,1,0,0,0,0,0,0,0,0,0,0,0,0,0,0
1,0,7,1,16,76,0,0,0,0,1,0,0,0,0,0,0,0,0,0,0,0,0
1,0,1,0,13,64,0,0,0,0,0,0,0,0,0,0,0,0,0,1,0,0,0
1,0,0,0,30,97,0,0,0,0,0,0,0,0,0,0,0,0,0,0,0,1,0
1,0,3,0,7,63,0,0,0,0,0,0,0,0,0,0,0,0,0,0,0,1,0
0,0,3,0,38,88,0,0,0,0,0,0,1,0,0,0,0,0,0,0,0,0,0
0,0,4,0,7,61,0,0,0,0,0,0,0,0,0,0,0,0,0,1,0,0,0
1,0,1,0,8,73,0,0,0,0,0,0,0,0,0,0,0,0,0,0,0,1,0
1,0,0,0,8,64,0,0,0,0,0,0,0,0,0,0,1,0,0,0,0,0,0
1,0,9,1,11,76,0,0,0,0,1,0,0,0,0,0,0,0,0,0,0,0,0
0,0,3,1,30,75,0,0,0,0,0,0,0,0,0,0,0,0,1,0,0,0,0
0,0,3,1,11,66,0,0,0,0,0,0,0,0,0,0,0,0,0,0,0,1,0
1,0,2,0,35,88,1,0,0,0,0,0,0,0,0,0,0,0,0,0,0,0,0
0,0,7,0,4,75,0,0,0,1,0,0,0,0,0,0,0,0,0,0,0,0,0
0,0,9,1,6,97,0,0,0,0,0,0,0,0,0,0,1,0,0,0,0,0,0
1,0,1,0,33,72,0,0,0,0,0,0,1,0,0,0,0,0,0,0,0,0,0
0,0,1,0,1,100,0,0,0,0,0,0,0,0,0,0,1,0,0,0,0,0,0
1,0,3,0,11,98,0,0,0,0,0,1,0,0,0,0,0,0,0,0,0,0,0
0,0,7,0,21,79,0,0,0,0,0,0,0,0,0,0,0,0,0,1,0,0,0
1,0,3,0,24,67,0,0,1,0,0,0,0,0,0,0,0,0,0,0,0,0,0
1,0,7,0,4,68,0,0,0,1,0,0,0,0,0,0,0,0,0,0,0,0,0
1,0,1,0,1,85,0,0,0,0,0,0,0,1,0,0,0,0,0,0,0,0,0
1,0,1,1,12,75,0,0,0,0,1,0,0,0,0,0,0,0,0,0,0,0,0
1,0,7,0,28,89,0,0,0,0,1,0,0,0,0,0,0,0,0,0,0,0,0
1,0,2,0,20,69,1,0,0,0,0,0,0,0,0,0,0,0,0,0,0,0,0
0,0,3,0,35,96,0,0,0,0,0,0,1,0,0,0,0,0,0,0,0,0,0
0,0,0,0,33,84,0,0,0,0,0,0,0,0,0,1,0,0,0,0,0,0,0
0,0,6,0,4,89,0,0,0,0,0,0,0,0,0,0,1,0,0,0,0,0,0
1,1,4,0,1,67,0,0,0,1,0,0,0,0,0,0,0,0,0,0,0,0,0
0,0,5,0,7,67,0,0,0,0,0,0,0,0,1,0,0,0,0,0,0,0,0
1,0,3,0,27,65,0,0,0,0,1,0,0,0,0,0,0,0,0,0,0,0,0
0,0,2,0,34,90,0,0,0,0,0,0,0,0,0,0,0,0,0,1,0,0,0
0,1,2,0,17,96,0,0,0,0,0,0,0,0,0,0,0,0,1,0,0,0,0
1,0,1,0,18,68,0,0,0,0,0,0,0,0,0,0,0,0,0,0,0,1,0
0,0,2,1,9,74,0,0,0,0,0,0,0,0,0,0,1,0,0,0,0,0,0
0,0,2,0,3,78,0,0,0,0,0,0,0,0,0,0,1,0,0,0,0,0,0
0,0,5,0,28,78,0,0,1,0,0,0,0,0,0,0,0,0,0,0,0,0,0
0,0,5,0,28,84,0,0,0,0,0,0,0,0,0,0,0,0,0,1,0,0,0
0,0,2,0,26,88,0,0,0,0,0,0,1,0,0,0,0,0,0,0,0,0,0
0,0,3,0,15,88,0,0,0,0,0,0,0,0,0,0,0,0,0,0,1,0,0
0,0,3,0,33,61,0,0,0,0,0,0,0,0,0,0,0,0,0,0,0,1,0
0,0,3,1,31,97,0,0,0,0,0,0,0,0,0,0,0,0,0,0,0,0,1
1,0,5,1,7,74,0,0,0,0,0,0,0,0,1,0,0,0,0,0,0,0,0
0,0,1,0,26,77,0,0,0,0,0,0,0,0,0,0,0,0,0,0,0,1,0
0,0,9,0,3,77,0,0,0,1,0,0,0,0,0,0,0,0,0,0,0,0,0
1,0,5,0,31,93,0,0,0,0,0,0,0,0,0,1,0,0,0,0,0,0,0
1,0,4,0,1,70,0,0,0,1,0,0,0,0,0,0,0,0,0,0,0,0,0
1,0,4,1,30,96,1,0,0,0,0,0,0,0,0,0,0,0,0,0,0,0,0
1,0,2,1,28,66,0,0,0,0,0,0,0,0,0,1,0,0,0,0,0,0,0
0,1,3,0,24,95,0,0,0,0,0,0,1,0,0,0,0,0,0,0,0,0,0
0,0,1,1,28,77,0,0,1,0,0,0,0,0,0,0,0,0,0,0,0,0,0
1,0,6,0,6,99,0,0,0,0,0,0,0,0,0,0,1,0,0,0,0,0,0
0,1,9,1,5,82,0,0,0,1,0,0,0,0,0,0,0,0,0,0,0,0,0
0,0,2,0,12,69,0,0,0,0,0,0,0,0,0,0,0,0,0,0,1,0,0
1,0,7,0,3,87,0,0,0,0,0,0,0,0,0,0,0,0,0,0,0,1,0
0,0,4,0,26,94,0,0,0,0,0,0,0,0,0,1,0,0,0,0,0,0,0
0,0,4,0,18,90,1,0,0,0,0,0,0,0,0,0,0,0,0,0,0,0,0
0,0,5,0,31,80,1,0,0,0,0,0,0,0,0,0,0,0,0,0,0,0,0
0,0,1,0,17,97,0,0,0,0,0,0,0,0,0,0,0,0,0,0,1,0,0
0,0,2,1,23,88,0,0,0,0,0,0,0,0,0,0,0,0,1,0,0,0,0
1,0,0,0,17,84,0,0,0,0,0,1,0,0,0,0,0,0,0,0,0,0,0
1,0,4,0,29,86,0,0,0,0,0,0,1,0,0,0,0,0,0,0,0,0,0
0,0,0,0,13,97,0,0,0,0,0,1,0,0,0,0,0,0,0,0,0,0,0
0,0,3,0,35,85,0,0,0,0,0,0,0,0,0,0,0,0,0,0,0,1,0
0,0,5,0,35,92,0,0,0,0,0,1,0,0,0,0,0,0,0,0,0,0,0
1,0,3,0,28,76,1,0,0,0,0,0,0,0,0,0,0,0,0,0,0,0,0
1,1,6,1,2,77,0,0,0,1,0,0,0,0,0,0,0,0,0,0,0,0,0
1,0,6,1,28,65,0,0,0,0,0,0,0,0,0,0,0,0,1,0,0,0,0
1,0,3,1,26,68,1,0,0,0,0,0,0,0,0,0,0,0,0,0,0,0,0
1,0,7,0,26,72,0,0,0,0,0,0,0,0,0,0,0,0,0,1,0,0,0
0,0,1,0,22,80,0,0,0,0,0,0,1,0,0,0,0,0,0,0,0,0,0
1,1,1,0,26,82,0,0,0,0,0,0,0,0,0,0,0,0,1,0,0,0,0
0,0,1,0,16,82,0,0,0,0,0,0,0,0,0,0,0,0,0,0,1,0,0
1,0,4,1,10,74,0,0,1,0,0,0,0,0,0,0,0,0,0,0,0,0,0
0,0,3,1,21,71,0,0,0,0,0,0,0,0,0,0,0,0,0,0,0,0,1
1,1,1,0,30,75,0,0,0,0,0,0,0,0,0,0,0,0,1,0,0,0,0
0,0,6,0,24,71,1,0,0,0,0,0,0,0,0,0,0,0,0,0,0,0,0
1,1,1,0,33,71,0,0,0,0,0,0,0,0,0,0,0,0,0,1,0,0,0
0,0,5,0,3,75,0,1,0,0,0,0,0,0,0,0,0,0,0,0,0,0,0
0,0,2,0,34,92,0,0,0,0,0,0,0,0,0,0,0,0,1,0,0,0,0
0,0,6,1,2,85,0,0,0,1,0,0,0,0,0,0,0,0,0,0,0,0,0
0,0,2,0,17,70,0,0,0,0,0,0,0,0,0,0,0,0,1,0,0,0,0
1,0,1,0,18,63,1,0,0,0,0,0,0,0,0,0,0,0,0,0,0,0,0
1,0,2,0,16,78,0,0,0,0,0,0,0,0,0,0,0,0,0,0,0,0,1
1,0,3,1,21,65,0,0,0,0,0,0,1,0,0,0,0,0,0,0,0,0,0
1,0,1,0,24,96,0,0,0,0,0,0,0,0,0,0,0,0,1,0,0,0,0
0,0,3,1,27,84,0,0,0,0,0,0,0,0,0,0,0,0,0,0,0,1,0
0,1,4,1,24,96,0,0,0,0,0,0,0,0,0,0,0,0,0,1,0,0,0
1,0,5,0,27,99,0,0,0,0,1,0,0,0,0,0,0,0,0,0,0,0,0
1,0,3,0,14,89,0,0,0,0,0,0,0,0,1,0,0,0,0,0,0,0,0
1,0,8,0,30,100,0,0,0,0,0,0,0,0,0,0,0,0,1,0,0,0,0
0,0,1,0,24,85,0,0,0,0,0,0,0,0,0,1,0,0,0,0,0,0,0
0,0,4,0,0,97,0,0,0,1,0,0,0,0,0,0,0,0,0,0,0,0,0
1,0,3,0,35,92,0,0,0,0,0,0,1,0,0,0,0,0,0,0,0,0,0
0,0,2,0,21,70,0,0,0,0,0,0,0,0,0,0,0,0,1,0,0,0,0
1,1,1,0,15,63,1,0,0,0,0,0,0,0,0,0,0,0,0,0,0,0,0
0,0,1,0,5,97,0,0,0,0,0,0,0,1,0,0,0,0,0,0,0,0,0
0,0,4,0,8,74,0,0,0,0,0,0,0,0,1,0,0,0,0,0,0,0,0
0,0,0,0,1,62,0,0,0,0,0,0,0,1,0,0,0,0,0,0,0,0,0
0,1,9,1,5,81,0,0,0,1,0,0,0,0,0,0,0,0,0,0,0,0,0
0,1,1,1,26,93,0,0,1,0,0,0,0,0,0,0,0,0,0,0,0,0,0
0,0,2,0,24,73,0,0,1,0,0,0,0,0,0,0,0,0,0,0,0,0,0
0,0,5,0,24,92,0,0,1,0,0,0,0,0,0,0,0,0,0,0,0,0,0
1,1,0,1,9,88,0,0,0,0,0,0,0,0,0,0,1,0,0,0,0,0,0
1,0,2,0,3,81,0,1,0,0,0,0,0,0,0,0,0,0,0,0,0,0,0
1,0,2,0,1,97,0,1,0,0,0,0,0,0,0,0,0,0,0,0,0,0,0
0,0,2,0,15,96,0,0,1,0,0,0,0,0,0,0,0,0,0,0,0,0,0
0,0,5,0,32,78,0,0,1,0,0,0,0,0,0,0,0,0,0,0,0,0,0
0,0,3,0,26,96,1,0,0,0,0,0,0,0,0,0,0,0,0,0,0,0,0
1,0,5,1,32,81,0,0,0,0,0,0,0,0,0,0,0,0,1,0,0,0,0
1,0,0,0,35,95,0,0,1,0,0,0,0,0,0,0,0,0,0,0,0,0,0
1,0,3,0,2,64,0,0,0,0,0,0,0,1,0,0,0,0,0,0,0,0,0
1,0,1,0,13,72,0,0,0,0,0,0,0,0,1,0,0,0,0,0,0,0,0
0,1,2,1,20,99,0,0,0,0,0,0,0,0,0,0,0,0,0,1,0,0,0
0,0,5,0,5,85,0,1,0,0,0,0,0,0,0,0,0,0,0,0,0,0,0
1,0,1,0,5,79,0,0,0,0,0,0,0,0,0,0,1,0,0,0,0,0,0
0,0,2,0,34,72,0,0,1,0,0,0,0,0,0,0,0,0,0,0,0,0,0
0,0,6,0,34,88,0,0,0,0,0,0,0,0,0,0,0,0,0,0,0,0,1
1,0,2,0,21,91,0,0,0,0,1,0,0,0,0,0,0,0,0,0,0,0,0
0,0,4,0,27,71,1,0,0,0,0,0,0,0,0,0,0,0,0,0,0,0,0
1,0,0,0,31,100,0,0,0,0,0,0,0,0,0,0,0,0,1,0,0,0,0
1,0,4,0,31,60,0,0,0,0,0,0,0,0,0,1,0,0,0,0,0,0,0
0,1,3,0,12,76,0,0,0,0,0,0,0,0,0,0,0,0,0,0,1,0,0
1,0,2,0,13,74,0,0,0,0,1,0,0,0,0,0,0,0,0,0,0,0,0
1,0,3,0,28,83,1,0,0,0,0,0,0,0,0,0,0,0,0,0,0,0,0
1,0,5,0,27,87,0,0,0,0,0,0,0,0,0,0,0,0,1,0,0,0,0
0,1,3,0,4,86,0,0,0,0,0,0,0,1,0,0,0,0,0,0,0,0,0
1,0,2,0,33,70,0,0,0,0,0,0,0,0,0,0,0,0,1,0,0,0,0
0,0,4,0,18,60,1,0,0,0,0,0,0,0,0,0,0,0,0,0,0,0,0
0,0,0,0,29,89,0,0,0,0,0,0,0,0,0,1,0,0,0,0,0,0,0
0,0,1,0,13,82,0,0,0,0,0,0,0,0,0,0,0,0,0,0,0,0,1
1,0,4,0,5,63,0,0,0,0,0,0,0,1,0,0,0,0,0,0,0,0,0
0,0,6,0,15,85,0,0,0,0,0,0,0,0,0,0,0,0,1,0,0,0,0
1,0,2,0,2,95,0,0,0,0,0,0,0,0,0,0,0,0,0,0,0,1,0
0,0,3,0,27,81,1,0,0,0,0,0,0,0,0,0,0,0,0,0,0,0,0
1,0,1,0,22,81,0,0,1,0,0,0,0,0,0,0,0,0,0,0,0,0,0
0,0,5,1,24,81,1,0,0,0,0,0,0,0,0,0,0,0,0,0,0,0,0
0,0,6,0,27,98,0,0,1,0,0,0,0,0,0,0,0,0,0,0,0,0,0
0,0,2,0,25,61,1,0,0,0,0,0,0,0,0,0,0,0,0,0,0,0,0
1,0,3,0,17,71,0,0,0,0,1,0,0,0,0,0,0,0,0,0,0,0,0
1,0,1,0,14,86,0,0,0,0,1,0,0,0,0,0,0,0,0,0,0,0,0
0,0,5,0,14,95,0,0,1,0,0,0,0,0,0,0,0,0,0,0,0,0,0
1,0,1,0,3,73,0,0,0,0,0,0,0,0,1,0,0,0,0,0,0,0,0
0,0,7,0,5,65,0,0,0,1,0,0,0,0,0,0,0,0,0,0,0,0,0
1,0,3,0,4,68,0,0,0,0,0,0,0,1,0,0,0,0,0,0,0,0,0
1,0,2,0,31,78,0,0,1,0,0,0,0,0,0,0,0,0,0,0,0,0,0
1,0,1,0,16,63,0,0,0,0,1,0,0,0,0,0,0,0,0,0,0,0,0
1,0,5,0,15,95,0,0,0,0,0,0,0,0,0,0,0,0,0,0,0,1,0
0,0,7,1,5,79,0,0,0,1,0,0,0,0,0,0,0,0,0,0,0,0,0
0,0,8,0,4,83,0,0,0,1,0,0,0,0,0,0,0,0,0,0,0,0,0
0,0,1,1,29,64,1,0,0,0,0,0,0,0,0,0,0,0,0,0,0,0,0
1,0,7,1,18,81,0,0,0,0,0,0,0,0,0,0,0,0,0,0,0,1,0
0,0,2,0,16,68,0,0,0,0,0,0,0,0,0,0,0,0,0,0,1,0,0
1,0,0,0,23,80,0,0,0,0,0,0,0,0,0,0,0,0,1,0,0,0,0
0,1,3,0,28,95,0,0,0,0,0,0,0,0,0,0,0,0,1,0,0,0,0
0,0,7,0,31,95,0,0,0,0,0,0,0,0,0,1,0,0,0,0,0,0,0
0,0,9,0,5,76,0,0,0,1,0,0,0,0,0,0,0,0,0,0,0,0,0
1,0,2,0,6,99,0,0,0,0,0,0,0,0,0,0,0,0,0,1,0,0,0
1,0,1,0,33,91,0,0,0,0,0,0,0,0,0,1,0,0,0,0,0,0,0
0,0,7,0,0,62,0,0,0,1,0,0,0,0,0,0,0,0,0,0,0,0,0
0,0,6,1,19,76,0,0,0,0,0,0,0,0,0,0,0,0,1,0,0,0,0
0,0,2,0,26,94,1,0,0,0,0,0,0,0,0,0,0,0,0,0,0,0,0
0,0,1,0,3,99,0,1,0,0,0,0,0,0,0,0,0,0,0,0,0,0,0
1,0,2,0,10,90,0,0,0,0,0,0,0,0,0,0,0,0,0,0,0,1,0
0,0,5,0,24,85,0,0,0,0,0,0,1,0,0,0,0,0,0,0,0,0,0
0,0,5,0,1,82,0,1,0,0,0,0,0,0,0,0,0,0,0,0,0,0,0
0,0,1,0,25,71,0,0,0,0,0,0,0,0,0,0,0,0,1,0,0,0,0
0,0,3,1,14,84,0,0,0,0,0,0,0,0,0,0,0,0,0,0,1,0,0
1,0,9,0,31,99,0,0,0,0,0,0,0,0,0,0,0,0,0,1,0,0,0
0,0,2,1,9,87,0,0,0,0,0,0,0,0,0,0,1,0,0,0,0,0,0
0,0,1,0,8,90,0,0,0,0,0,0,0,0,0,0,0,0,0,0,1,0,0
1,0,2,0,22,95,1,0,0,0,0,0,0,0,0,0,0,0,0,0,0,0,0
0,0,3,0,11,72,0,0,1,0,0,0,0,0,0,0,0,0,0,0,0,0,0
0,0,2,0,21,69,0,0,0,0,0,0,0,0,0,0,0,0,0,0,0,1,0
0,0,1,0,28,99,0,0,0,0,0,0,0,0,0,0,0,0,0,0,0,1,0
0,1,9,0,4,91,0,0,0,1,0,0,0,0,0,0,0,0,0,0,0,0,0
1,0,4,0,35,97,0,0,0,0,0,0,0,0,0,0,0,0,1,0,0,0,0
1,0,6,0,27,87,0,0,0,0,0,0,1,0,0,0,0,0,0,0,0,0,0
1,0,0,1,14,73,1,0,0,0,0,0,0,0,0,0,0,0,0,0,0,0,0
1,0,4,0,29,77,0,0,0,0,0,0,1,0,0,0,0,0,0,0,0,0,0
0,0,1,0,33,95,0,0,0,0,0,0,0,0,0,1,0,0,0,0,0,0,0
1,0,1,0,18,75,0,0,0,0,0,0,0,0,0,0,0,0,0,0,0,0,1
1,0,2,0,11,68,0,0,0,0,0,0,0,0,0,0,0,0,0,0,0,1,0
0,1,5,0,3,97,0,0,0,1,0,0,0,0,0,0,0,0,0,0,0,0,0
1,0,2,0,19,94,0,0,0,0,0,0,0,0,0,0,0,0,1,0,0,0,0
1,0,1,0,31,93,0,0,0,0,0,0,0,0,0,0,0,0,1,0,0,0,0
1,0,5,1,28,72,0,0,0,0,0,0,0,0,0,0,0,0,0,1,0,0,0
1,0,1,0,16,78,0,0,0,0,0,1,0,0,0,0,0,0,0,0,0,0,0
1,0,3,0,4,66,0,1,0,0,0,0,0,0,0,0,0,0,0,0,0,0,0
0,0,1,0,15,75,0,0,1,0,0,0,0,0,0,0,0,0,0,0,0,0,0
1,0,4,0,31,77,0,0,0,0,0,0,0,0,0,0,0,0,0,0,0,0,1
1,0,4,0,29,85,0,0,0,0,0,0,0,0,0,0,0,0,1,0,0,0,0
1,0,5,0,27,95,0,0,0,0,0,0,0,0,0,0,0,0,0,0,0,1,0
1,0,1,0,29,87,0,0,0,0,0,1,0,0,0,0,0,0,0,0,0,0,0
0,0,2,0,23,90,0,0,0,0,0,0,0,0,0,0,0,0,1,0,0,0,0
0,0,2,0,32,95,0,0,0,0,0,0,0,0,0,0,0,1,0,0,0,0,0
0,0,5,0,9,81,0,0,0,0,0,0,0,0,0,0,0,0,0,0,1,0,0
0,0,3,0,16,77,0,0,0,0,0,0,0,0,0,0,0,0,1,0,0,0,0
1,0,2,0,29,69,0,0,0,0,0,0,0,0,0,0,0,0,1,0,0,0,0
0,0,3,1,5,92,0,1,0,0,0,0,0,0,0,0,0,0,0,0,0,0,0
1,0,3,0,14,95,0,0,0,0,0,0,0,0,0,0,0,0,1,0,0,0,0
1,0,2,0,20,68,0,0,1,0,0,0,0,0,0,0,0,0,0,0,0,0,0
0,0,2,0,28,76,0,0,0,0,0,0,0,0,0,0,0,0,1,0,0,0,0
0,1,2,0,13,93,0,0,1,0,0,0,0,0,0,0,0,0,0,0,0,0,0
1,1,9,1,3,92,0,0,0,1,0,0,0,0,0,0,0,0,0,0,0,0,0
0,0,5,0,26,87,0,0,1,0,0,0,0,0,0,0,0,0,0,0,0,0,0
1,1,3,0,8,67,0,0,0,0,0,0,0,0,0,0,0,0,0,1,0,0,0
0,0,3,0,4,84,0,0,0,1,0,0,0,0,0,0,0,0,0,0,0,0,0
1,0,4,1,20,78,0,0,0,0,0,0,0,0,0,0,0,0,1,0,0,0,0
1,0,3,0,34,78,0,0,0,0,1,0,0,0,0,0,0,0,0,0,0,0,0
1,0,2,0,42,97,0,0,0,0,0,0,1,0,0,0,0,0,0,0,0,0,0
1,0,6,0,4,81,0,0,0,0,0,0,0,1,0,0,0,0,0,0,0,0,0
0,0,6,1,14,90,0,0,0,0,0,0,0,0,0,0,0,0,1,0,0,0,0
1,0,1,0,29,77,0,0,0,0,1,0,0,0,0,0,0,0,0,0,0,0,0
0,0,3,0,34,72,0,0,0,0,0,0,0,0,0,1,0,0,0,0,0,0,0
1,0,3,0,1,67,0,1,0,0,0,0,0,0,0,0,0,0,0,0,0,0,0
1,0,5,0,27,96,0,0,0,0,0,0,0,0,0,0,0,0,1,0,0,0,0
0,0,4,0,30,83,0,0,1,0,0,0,0,0,0,0,0,0,0,0,0,0,0
0,0,1,0,15,86,0,0,0,0,0,0,0,0,0,0,0,0,0,0,1,0,0
0,0,2,0,5,64,0,0,0,0,0,0,0,0,0,0,1,0,0,0,0,0,0
1,0,3,0,29,88,0,0,0,0,0,0,0,0,0,0,0,0,0,0,0,1,0
0,1,1,0,28,79,0,0,0,0,0,0,1,0,0,0,0,0,0,0,0,0,0
0,1,9,0,1,77,0,0,0,1,0,0,0,0,0,0,0,0,0,0,0,0,0
0,0,2,0,22,91,0,0,0,0,0,0,1,0,0,0,0,0,0,0,0,0,0
1,0,6,0,21,69,0,0,0,0,0,0,0,0,0,0,0,0,0,0,0,1,0
1,0,2,0,34,100,0,0,0,0,0,0,0,0,0,0,0,0,1,0,0,0,0
1,0,3,0,33,83,0,0,0,0,0,0,0,0,0,0,0,0,0,1,0,0,0
0,1,1,0,0,76,0,0,0,1,0,0,0,0,0,0,0,0,0,0,0,0,0
1,0,9,0,3,89,0,0,0,1,0,0,0,0,0,0,0,0,0,0,0,0,0
0,0,0,0,20,90,1,0,0,0,0,0,0,0,0,0,0,0,0,0,0,0,0
1,0,1,0,18,81,0,0,0,0,0,0,0,0,0,0,0,0,1,0,0,0,0
0,0,1,0,35,99,0,0,0,0,0,1,0,0,0,0,0,0,0,0,0,0,0
0,0,2,0,3,80,0,0,0,1,0,0,0,0,0,0,0,0,0,0,0,0,0
0,0,1,0,27,76,0,0,0,0,0,0,0,0,0,0,0,0,0,0,0,1,0
1,0,4,0,32,97,0,0,0,0,0,0,1,0,0,0,0,0,0,0,0,0,0
1,0,1,0,30,76,0,0,0,0,0,0,0,0,0,0,0,0,1,0,0,0,0
1,0,7,0,3,65,0,0,0,0,0,0,0,1,0,0,0,0,0,0,0,0,0
0,0,2,1,19,66,0,0,0,0,0,0,0,0,0,0,0,0,1,0,0,0,0
0,0,2,0,9,91,0,0,0,0,0,0,0,0,0,0,0,0,0,0,1,0,0
1,0,3,0,26,93,0,0,0,0,0,0,0,0,0,1,0,0,0,0,0,0,0
0,0,1,0,28,89,0,0,0,0,0,0,0,0,0,0,0,0,1,0,0,0,0
0,1,1,0,35,99,0,0,1,0,0,0,0,0,0,0,0,0,0,0,0,0,0
1,0,4,0,32,79,0,0,1,0,0,0,0,0,0,0,0,0,0,0,0,0,0
0,1,2,0,35,92,0,0,0,0,0,0,0,0,0,0,0,0,1,0,0,0,0
0,0,3,0,26,96,0,0,0,0,0,1,0,0,0,0,0,0,0,0,0,0,0
1,0,3,0,14,99,0,0,1,0,0,0,0,0,0,0,0,0,0,0,0,0,0
0,0,4,0,26,77,0,0,1,0,0,0,0,0,0,0,0,0,0,0,0,0,0
0,0,5,1,3,81,0,0,0,0,0,0,0,0,0,0,1,0,0,0,0,0,0
1,0,1,0,33,83,0,0,0,0,1,0,0,0,0,0,0,0,0,0,0,0,0
1,0,1,0,35,89,0,0,1,0,0,0,0,0,0,0,0,0,0,0,0,0,0
0,0,1,0,22,88,0,0,0,0,0,0,0,0,0,0,0,0,0,0,0,1,0
0,0,2,0,23,100,0,0,0,0,0,1,0,0,0,0,0,0,0,0,0,0,0
1,0,2,1,27,70,0,0,0,0,0,0,0,0,0,1,0,0,0,0,0,0,0
1,0,6,0,31,85,0,0,0,0,0,0,0,0,0,0,0,0,1,0,0,0,0
0,0,1,0,26,70,0,0,1,0,0,0,0,0,0,0,0,0,0,0,0,0,0
0,0,4,0,1,99,0,0,0,0,0,0,0,0,0,0,1,0,0,0,0,0,0
0,0,2,0,7,68,0,0,0,0,0,0,0,0,0,0,0,0,0,0,1,0,0
0,0,1,1,4,90,0,0,0,0,0,0,0,0,0,0,1,0,0,0,0,0,0
1,0,0,0,31,82,0,0,0,0,0,0,0,0,0,0,0,0,1,0,0,0,0
1,0,7,1,23,71,1,0,0,0,0,0,0,0,0,0,0,0,0,0,0,0,0
0,0,4,0,5,74,0,0,0,0,0,0,0,0,0,0,0,0,0,0,0,1,0
1,0,3,0,4,85,0,1,0,0,0,0,0,0,0,0,0,0,0,0,0,0,0
1,0,0,1,23,61,0,0,0,0,1,0,0,0,0,0,0,0,0,0,0,0,0
1,0,3,0,15,73,0,0,0,0,0,0,0,0,1,0,0,0,0,0,0,0,0
1,0,2,0,24,75,0,0,0,0,0,0,0,0,0,1,0,0,0,0,0,0,0
1,0,2,0,31,90,0,0,0,0,0,0,0,0,0,0,0,0,1,0,0,0,0
1,0,4,0,29,79,0,0,0,0,0,0,0,0,0,1,0,0,0,0,0,0,0
0,0,3,0,49,98,0,0,0,0,0,0,1,0,0,0,0,0,0,0,0,0,0
1,0,4,0,6,98,0,0,0,0,0,0,0,0,0,0,0,0,0,0,0,1,0
1,0,7,1,33,67,1,0,0,0,0,0,0,0,0,0,0,0,0,0,0,0,0
0,1,5,1,10,80,0,0,0,0,0,1,0,0,0,0,0,0,0,0,0,0,0
0,0,1,0,13,65,0,0,0,0,0,0,0,0,1,0,0,0,0,0,0,0,0
0,0,6,1,25,77,0,0,1,0,0,0,0,0,0,0,0,0,0,0,0,0,0
0,0,2,0,35,85,0,0,0,0,0,0,0,0,0,1,0,0,0,0,0,0,0
1,1,8,1,1,79,0,0,0,1,0,0,0,0,0,0,0,0,0,0,0,0,0
1,0,1,0,29,61,0,0,0,0,0,0,0,0,0,0,0,0,0,1,0,0,0
1,0,3,0,20,96,0,0,0,0,0,0,0,0,0,0,0,0,1,0,0,0,0
1,1,3,0,49,92,0,0,0,0,0,0,1,0,0,0,0,0,0,0,0,0,0
0,0,4,0,13,76,0,0,0,0,0,0,0,0,0,0,0,0,0,0,1,0,0
0,0,2,0,20,84,0,0,0,0,0,0,0,0,0,0,0,0,0,0,0,1,0
0,0,2,1,18,75,0,0,0,0,0,0,0,0,0,0,0,0,0,0,1,0,0
1,0,1,0,23,92,0,0,0,0,0,0,0,0,0,0,0,0,1,0,0,0,0
0,0,0,0,10,81,0,0,0,0,0,0,0,0,0,0,1,0,0,0,0,0,0
0,0,4,1,4,64,0,1,0,0,0,0,0,0,0,0,0,0,0,0,0,0,0
1,0,1,0,11,65,0,0,0,0,1,0,0,0,0,0,0,0,0,0,0,0,0
0,0,3,0,15,99,0,0,0,0,0,0,0,0,0,0,0,0,0,0,1,0,0
0,0,1,1,16,68,0,0,1,0,0,0,0,0,0,0,0,0,0,0,0,0,0
0,0,1,1,26,63,0,0,0,0,0,0,0,0,0,0,0,0,1,0,0,0,0
1,0,2,0,29,62,0,0,0,0,0,0,0,0,0,0,0,0,0,0,0,1,0
1,0,4,1,32,69,0,0,0,0,0,0,0,0,0,0,0,0,1,0,0,0,0
0,0,5,0,24,97,0,0,0,0,0,0,1,0,0,0,0,0,0,0,0,0,0
0,0,3,1,20,72,0,0,0,0,0,0,0,0,0,0,0,0,1,0,0,0,0
0,1,5,1,1,97,0,0,0,1,0,0,0,0,0,0,0,0,0,0,0,0,0
1,0,9,0,0,84,0,0,0,1,0,0,0,0,0,0,0,0,0,0,0,0,0
1,0,8,1,5,82,0,0,0,1,0,0,0,0,0,0,0,0,0,0,0,0,0
0,0,2,0,5,97,0,0,0,1,0,0,0,0,0,0,0,0,0,0,0,0,0
1,0,6,0,1,88,0,0,0,1,0,0,0,0,0,0,0,0,0,0,0,0,0
0,0,1,1,27,70,0,0,0,0,0,0,0,0,0,0,0,0,1,0,0,0,0
1,1,1,0,29,69,0,0,0,0,0,0,0,0,0,1,0,0,0,0,0,0,0
0,1,9,0,4,85,0,0,0,1,0,0,0,0,0,0,0,0,0,0,0,0,0
0,1,8,1,4,74,0,0,0,1,0,0,0,0,0,0,0,0,0,0,0,0,0
1,0,3,0,21,87,0,0,0,0,0,0,1,0,0,0,0,0,0,0,0,0,0
0,0,3,0,31,100,0,0,0,0,0,0,0,0,0,0,0,0,0,1,0,0,0
0,0,3,0,15,80,0,0,1,0,0,0,0,0,0,0,0,0,0,0,0,0,0
1,0,0,0,30,96,0,0,0,0,0,0,0,0,0,1,0,0,0,0,0,0,0
1,0,1,0,31,82,0,0,0,0,0,0,0,0,0,0,0,0,1,0,0,0,0
1,0,7,0,23,96,0,0,0,0,0,0,0,0,0,0,0,0,0,0,0,0,1
1,0,1,0,23,72,0,0,0,0,0,1,0,0,0,0,0,0,0,0,0,0,0
0,1,0,0,27,64,0,0,0,0,0,0,0,0,0,0,0,0,1,0,0,0,0
0,0,3,1,5,87,0,0,0,0,0,0,0,0,0,0,1,0,0,0,0,0,0
0,0,9,0,21,67,0,0,1,0,0,0,0,0,0,0,0,0,0,0,0,0,0
1,0,5,0,26,80,0,0,1,0,0,0,0,0,0,0,0,0,0,0,0,0,0
0,0,2,0,13,85,0,0,0,0,0,0,0,0,0,0,0,0,0,0,1,0,0
0,0,7,0,10,98,0,0,0,0,0,0,0,0,0,0,0,0,0,0,0,1,0
0,0,4,0,25,71,0,0,0,0,0,0,0,0,0,0,0,0,1,0,0,0,0
0,0,4,0,13,70,0,0,0,0,0,0,0,0,0,0,0,0,0,0,0,1,0
1,0,2,0,29,64,0,0,0,0,1,0,0,0,0,0,0,0,0,0,0,0,0
0,0,4,0,1,71,0,0,0,0,0,0,0,0,0,0,1,0,0,0,0,0,0
0,1,2,0,11,84,0,0,0,0,0,0,0,0,0,0,0,0,0,1,0,0,0
0,0,1,0,26,94,0,0,0,0,0,0,0,0,0,1,0,0,0,0,0,0,0
0,0,0,0,12,69,0,0,0,0,0,0,0,0,0,0,0,0,0,0,1,0,0
1,1,0,0,32,88,0,0,0,0,0,0,0,0,0,0,0,0,1,0,0,0,0
0,0,5,0,28,84,1,0,0,0,0,0,0,0,0,0,0,0,0,0,0,0,0
0,0,1,0,34,80,0,0,0,0,0,0,0,0,0,0,0,0,0,0,0,1,0
0,0,6,0,17,81,0,0,0,0,0,0,0,0,0,0,0,0,1,0,0,0,0
0,0,2,0,31,91,0,0,0,0,0,0,0,0,0,0,0,0,1,0,0,0,0
1,0,2,1,25,76,1,0,0,0,0,0,0,0,0,0,0,0,0,0,0,0,0
0,0,7,0,14,87,0,0,0,0,0,0,0,0,0,0,0,0,1,0,0,0,0
0,0,2,0,2,64,0,0,0,0,0,0,0,1,0,0,0,0,0,0,0,0,0
0,0,2,0,2,82,0,1,0,0,0,0,0,0,0,0,0,0,0,0,0,0,0
1,0,3,0,33,68,0,0,0,0,0,0,0,0,0,0,0,1,0,0,0,0,0
1,0,6,0,33,70,0,0,0,0,0,0,0,0,0,0,0,0,0,0,0,1,0
0,0,1,0,5,92,0,1,0,0,0,0,0,0,0,0,0,0,0,0,0,0,0
1,1,3,0,23,76,0,0,0,0,0,0,0,0,0,0,0,0,1,0,0,0,0
0,0,3,0,23,77,0,0,1,0,0,0,0,0,0,0,0,0,0,0,0,0,0
0,0,6,0,3,86,0,0,0,1,0,0,0,0,0,0,0,0,0,0,0,0,0
1,0,0,0,48,93,0,0,0,0,0,0,1,0,0,0,0,0,0,0,0,0,0
1,0,3,0,32,61,0,0,1,0,0,0,0,0,0,0,0,0,0,0,0,0,0
1,1,4,1,3,70,0,0,0,1,0,0,0,0,0,0,0,0,0,0,0,0,0
1,0,1,0,24,83,0,0,0,0,0,0,0,0,0,0,0,0,0,0,0,1,0
0,0,4,0,21,82,0,0,0,0,0,0,0,0,0,0,0,0,1,0,0,0,0
0,0,0,0,25,74,0,0,0,0,0,0,0,0,0,1,0,0,0,0,0,0,0
0,0,3,0,10,77,0,0,0,0,0,0,0,0,1,0,0,0,0,0,0,0,0
1,0,1,0,4,62,0,0,0,0,0,0,0,1,0,0,0,0,0,0,0,0,0
0,0,2,0,7,79,0,0,0,0,0,0,0,0,0,0,0,0,0,0,0,1,0
1,1,8,0,0,72,0,0,0,1,0,0,0,0,0,0,0,0,0,0,0,0,0
0,0,4,0,2,64,0,0,0,0,0,0,0,0,0,0,0,0,0,0,0,1,0
1,0,0,1,16,90,0,0,0,0,1,0,0,0,0,0,0,0,0,0,0,0,0
1,0,4,0,12,70,0,0,0,0,0,0,0,0,0,0,0,0,0,1,0,0,0
1,1,9,0,4,60,0,0,0,1,0,0,0,0,0,0,0,0,0,0,0,0,0
1,0,3,1,23,83,0,0,0,0,0,0,0,0,0,0,0,0,1,0,0,0,0
0,0,6,0,15,92,1,0,0,0,0,0,0,0,0,0,0,0,0,0,0,0,0
1,0,2,0,31,79,0,0,0,0,0,0,0,0,0,0,0,0,0,1,0,0,0
1,1,8,0,3,88,0,0,0,1,0,0,0,0,0,0,0,0,0,0,0,0,0
0,0,4,0,2,68,0,0,0,0,0,0,0,0,0,0,0,0,0,0,0,1,0
0,0,5,0,35,95,0,0,1,0,0,0,0,0,0,0,0,0,0,0,0,0,0
1,0,5,0,27,87,0,0,0,0,0,1,0,0,0,0,0,0,0,0,0,0,0
0,0,5,0,32,73,0,0,0,0,0,0,0,0,0,0,0,0,1,0,0,0,0
0,1,4,0,24,97,0,0,0,0,0,0,0,0,0,0,0,0,1,0,0,0,0
1,0,3,1,29,83,0,0,0,0,0,0,0,0,0,0,0,0,1,0,0,0,0
1,0,4,0,17,95,0,0,0,0,0,0,0,0,0,0,0,0,1,0,0,0,0
1,1,3,0,18,87,0,0,1,0,0,0,0,0,0,0,0,0,0,0,0,0,0
1,0,5,0,15,97,0,0,0,0,0,0,0,0,1,0,0,0,0,0,0,0,0
1,0,1,0,32,64,0,0,0,0,0,0,0,0,0,0,0,0,0,0,0,0,1
0,0,7,0,3,92,0,0,0,0,0,0,0,1,0,0,0,0,0,0,0,0,0
0,0,5,0,31,72,0,0,0,0,0,1,0,0,0,0,0,0,0,0,0,0,0
1,0,5,1,3,86,0,0,0,1,0,0,0,0,0,0,0,0,0,0,0,0,0
1,0,7,0,25,74,0,0,0,0,0,0,0,0,0,0,0,0,1,0,0,0,0
1,1,1,1,0,61,0,0,0,0,0,0,0,0,0,0,1,0,0,0,0,0,0
1,1,1,0,29,66,0,0,0,0,0,0,0,0,0,0,0,0,0,1,0,0,0
0,0,1,0,17,81,0,0,1,0,0,0,0,0,0,0,0,0,0,0,0,0,0
0,1,4,0,0,76,0,0,0,1,0,0,0,0,0,0,0,0,0,0,0,0,0
1,0,5,0,25,100,0,0,0,0,0,0,0,0,0,0,0,0,0,0,0,0,1
1,0,2,0,23,80,0,0,0,0,0,0,0,0,0,0,0,0,1,0,0,0,0
0,1,5,0,4,66,0,0,0,1,0,0,0,0,0,0,0,0,0,0,0,0,0
1,0,7,1,11,97,0,0,0,0,1,0,0,0,0,0,0,0,0,0,0,0,0
0,0,7,0,12,68,0,0,0,0,0,0,0,0,0,0,0,0,0,0,0,1,0
0,1,2,0,48,89,0,0,0,0,0,0,1,0,0,0,0,0,0,0,0,0,0
1,0,4,1,0,84,0,0,0,1,0,0,0,0,0,0,0,0,0,0,0,0,0
1,0,7,1,12,77,0,0,1,0,0,0,0,0,0,0,0,0,0,0,0,0,0
0,0,1,1,31,76,0,0,1,0,0,0,0,0,0,0,0,0,0,0,0,0,0
0,1,9,0,19,98,1,0,0,0,0,0,0,0,0,0,0,0,0,0,0,0,0
0,0,0,0,17,79,0,0,0,0,0,0,0,0,0,0,0,0,1,0,0,0,0
1,0,6,1,24,75,0,0,0,0,0,0,0,0,0,0,0,0,0,0,0,1,0
0,0,2,0,11,87,0,0,0,0,0,0,0,0,0,0,0,0,0,0,1,0,0
1,1,6,0,2,62,0,0,0,1,0,0,0,0,0,0,0,0,0,0,0,0,0
0,1,2,1,32,64,0,0,0,0,0,0,1,0,0,0,0,0,0,0,0,0,0
1,0,7,0,5,76,0,0,0,0,0,0,0,1,0,0,0,0,0,0,0,0,0
1,0,5,1,23,65,0,0,0,0,0,0,1,0,0,0,0,0,0,0,0,0,0
0,0,8,0,14,69,0,0,1,0,0,0,0,0,0,0,0,0,0,0,0,0,0
1,1,6,0,1,79,0,0,0,1,0,0,0,0,0,0,0,0,0,0,0,0,0
1,0,4,0,32,78,0,0,0,0,0,0,0,0,0,0,0,1,0,0,0,0,0
1,0,1,0,34,95,0,0,0,0,0,0,0,0,0,0,0,1,0,0,0,0,0
0,0,2,1,13,98,0,0,0,0,0,0,0,0,0,0,0,0,0,0,0,1,0
1,0,1,0,24,76,0,0,0,0,0,0,0,0,0,1,0,0,0,0,0,0,0
0,0,5,0,32,91,0,0,0,0,0,0,0,0,0,1,0,0,0,0,0,0,0
1,0,2,0,21,80,0,0,1,0,0,0,0,0,0,0,0,0,0,0,0,0,0
0,1,6,0,0,60,0,0,0,1,0,0,0,0,0,0,0,0,0,0,0,0,0
0,0,6,0,34,92,1,0,0,0,0,0,0,0,0,0,0,0,0,0,0,0,0
1,0,2,0,14,79,0,0,0,0,0,1,0,0,0,0,0,0,0,0,0,0,0
1,0,3,0,25,81,0,0,0,0,0,0,0,0,0,0,0,0,1,0,0,0,0
0,0,3,0,5,80,0,0,0,0,0,0,0,1,0,0,0,0,0,0,0,0,0
0,0,7,0,20,79,0,0,0,0,0,1,0,0,0,0,0,0,0,0,0,0,0
1,0,1,1,26,94,0,0,0,0,0,1,0,0,0,0,0,0,0,0,0,0,0
0,0,9,0,2,62,0,0,0,1,0,0,0,0,0,0,0,0,0,0,0,0,0
0,0,3,1,1,84,0,0,0,0,0,0,0,0,0,0,1,0,0,0,0,0,0
0,0,5,0,35,85,0,0,0,0,0,0,0,0,0,1,0,0,0,0,0,0,0
0,1,3,0,2,80,0,0,0,1,0,0,0,0,0,0,0,0,0,0,0,0,0
0,0,7,0,5,97,0,0,0,1,0,0,0,0,0,0,0,0,0,0,0,0,0
0,0,3,0,24,100,0,0,0,0,0,0,0,0,0,0,0,0,1,0,0,0,0
0,0,0,0,5,66,0,1,0,0,0,0,0,0,0,0,0,0,0,0,0,0,0
0,0,6,0,3,72,0,0,0,0,0,0,0,1,0,0,0,0,0,0,0,0,0
1,0,6,0,5,98,0,0,0,0,0,0,0,1,0,0,0,0,0,0,0,0,0
0,0,1,0,33,100,0,0,0,0,0,0,0,0,0,1,0,0,0,0,0,0,0
1,0,2,0,15,71,0,0,0,0,0,0,0,0,0,0,0,0,0,0,0,1,0
0,1,5,0,32,66,0,0,1,0,0,0,0,0,0,0,0,0,0,0,0,0,0
1,0,0,1,14,69,0,0,1,0,0,0,0,0,0,0,0,0,0,0,0,0,0
1,0,3,0,47,85,0,0,0,0,0,0,1,0,0,0,0,0,0,0,0,0,0
0,0,4,0,6,73,0,0,0,0,0,0,0,0,0,0,0,0,0,0,0,1,0
1,0,5,1,3,80,0,0,0,0,0,0,0,0,0,0,1,0,0,0,0,0,0
1,0,1,1,42,100,0,0,0,0,0,0,1,0,0,0,0,0,0,0,0,0,0
1,0,1,0,22,88,0,0,0,0,1,0,0,0,0,0,0,0,0,0,0,0,0
0,0,7,0,1,83,0,0,0,1,0,0,0,0,0,0,0,0,0,0,0,0,0
0,0,1,1,21,99,0,0,1,0,0,0,0,0,0,0,0,0,0,0,0,0,0
1,0,4,0,50,95,0,0,0,0,0,0,1,0,0,0,0,0,0,0,0,0,0
1,1,7,0,29,84,1,0,0,0,0,0,0,0,0,0,0,0,0,0,0,0,0
0,0,4,0,31,96,0,0,0,0,0,0,0,0,0,1,0,0,0,0,0,0,0
0,0,6,0,5,65,0,0,0,0,0,0,0,0,0,0,1,0,0,0,0,0,0
1,0,1,1,25,64,0,0,0,0,0,0,0,0,0,1,0,0,0,0,0,0,0
0,0,2,0,22,70,0,0,0,0,0,0,0,0,0,0,0,0,0,1,0,0,0
0,0,8,1,1,70,0,0,0,1,0,0,0,0,0,0,0,0,0,0,0,0,0
0,0,5,0,26,65,0,0,0,0,0,0,1,0,0,0,0,0,0,0,0,0,0
1,0,9,0,3,65,0,0,0,1,0,0,0,0,0,0,0,0,0,0,0,0,0
1,1,7,0,12,60,0,0,0,0,0,0,0,0,0,0,0,0,0,0,0,1,0
1,0,1,0,1,63,0,0,0,1,0,0,0,0,0,0,0,0,0,0,0,0,0
0,0,4,1,18,76,0,0,0,0,0,0,0,0,0,0,0,0,0,0,0,1,0
1,0,3,0,27,99,1,0,0,0,0,0,0,0,0,0,0,0,0,0,0,0,0
0,0,5,0,24,66,0,0,0,0,0,0,0,0,0,0,0,0,1,0,0,0,0
0,0,1,1,19,95,0,0,0,0,0,0,0,0,0,0,0,0,0,0,0,1,0
1,0,2,0,47,100,0,0,0,0,0,0,1,0,0,0,0,0,0,0,0,0,0
1,0,1,0,11,96,0,0,0,0,0,0,0,0,0,0,0,0,0,0,0,1,0
0,0,2,0,29,87,0,0,0,0,0,0,0,0,0,0,0,0,1,0,0,0,0
1,0,2,1,14,87,0,0,0,0,0,0,0,0,0,0,0,0,1,0,0,0,0
0,0,5,0,4,88,0,1,0,0,0,0,0,0,0,0,0,0,0,0,0,0,0
0,0,4,0,15,67,0,0,0,0,0,0,0,0,0,0,0,0,1,0,0,0,0
0,0,5,0,32,83,0,0,0,0,0,0,0,0,0,0,0,0,1,0,0,0,0
1,0,7,0,33,80,0,0,0,0,0,0,0,0,0,0,0,0,0,1,0,0,0
0,0,4,1,29,97,0,0,0,0,0,0,0,0,0,0,0,0,1,0,0,0,0
1,0,2,0,31,69,0,0,0,0,0,0,0,0,0,1,0,0,0,0,0,0,0
0,0,5,0,29,87,0,0,0,0,0,0,0,0,0,1,0,0,0,0,0,0,0
0,1,5,0,0,92,0,0,0,1,0,0,0,0,0,0,0,0,0,0,0,0,0
0,1,6,0,1,93,0,0,0,1,0,0,0,0,0,0,0,0,0,0,0,0,0
0,0,3,0,42,88,0,0,0,0,0,0,1,0,0,0,0,0,0,0,0,0,0
0,1,9,1,2,83,0,0,0,1,0,0,0,0,0,0,0,0,0,0,0,0,0
1,0,3,0,1,94,0,0,0,0,0,0,0,0,0,0,1,0,0,0,0,0,0
1,0,1,0,11,84,0,0,0,0,0,0,0,0,1,0,0,0,0,0,0,0,0
0,1,4,0,18,74,0,0,0,0,0,0,0,0,0,0,0,0,1,0,0,0,0
0,0,2,1,35,92,0,0,0,0,0,0,0,0,0,0,0,0,1,0,0,0,0
1,0,1,0,1,80,0,0,0,0,0,0,0,1,0,0,0,0,0,0,0,0,0
1,1,0,0,12,77,0,0,0,0,0,0,0,0,0,0,0,0,0,0,0,1,0
0,0,2,0,21,80,0,0,1,0,0,0,0,0,0,0,0,0,0,0,0,0,0
1,0,2,1,18,72,0,0,0,0,1,0,0,0,0,0,0,0,0,0,0,0,0
1,1,6,0,5,65,0,0,0,1,0,0,0,0,0,0,0,0,0,0,0,0,0
0,0,5,0,2,96,0,0,0,1,0,0,0,0,0,0,0,0,0,0,0,0,0
1,0,5,1,27,82,0,0,0,0,0,0,0,0,0,1,0,0,0,0,0,0,0
0,1,6,0,18,80,0,0,1,0,0,0,0,0,0,0,0,0,0,0,0,0,0
1,0,2,0,28,66,0,0,0,0,0,0,0,0,0,0,0,0,1,0,0,0,0
1,0,5,0,1,86,0,0,0,1,0,0,0,0,0,0,0,0,0,0,0,0,0
1,0,7,0,42,98,0,0,0,0,0,0,1,0,0,0,0,0,0,0,0,0,0
0,0,8,0,21,64,1,0,0,0,0,0,0,0,0,0,0,0,0,0,0,0,0
1,0,4,0,31,83,0,0,0,0,0,0,0,0,0,0,0,0,1,0,0,0,0
0,0,8,0,34,94,0,0,0,0,0,0,0,0,0,1,0,0,0,0,0,0,0
1,0,1,1,5,81,0,0,0,0,0,0,0,0,0,0,1,0,0,0,0,0,0
1,0,3,0,46,88,0,0,0,0,0,0,1,0,0,0,0,0,0,0,0,0,0
0,0,3,0,9,98,0,0,0,0,0,0,0,0,1,0,0,0,0,0,0,0,0
1,0,5,0,26,90,0,0,0,0,0,0,0,0,0,1,0,0,0,0,0,0,0
0,0,3,0,31,100,0,0,0,0,0,0,0,0,0,0,0,0,1,0,0,0,0
1,0,4,0,27,77,0,0,0,0,0,0,0,0,0,0,0,0,0,0,0,0,1
1,1,7,0,28,72,0,0,0,0,0,0,0,0,0,0,0,0,1,0,0,0,0
0,0,3,1,5,80,0,0,0,0,0,0,0,0,1,0,0,0,0,0,0,0,0
0,0,2,0,4,60,0,0,0,1,0,0,0,0,0,0,0,0,0,0,0,0,0
1,0,1,0,33,94,0,0,0,0,0,0,1,0,0,0,0,0,0,0,0,0,0
1,0,3,0,16,76,0,0,1,0,0,0,0,0,0,0,0,0,0,0,0,0,0
0,0,1,0,15,96,0,0,0,0,0,0,0,0,0,0,0,0,0,0,1,0,0
1,0,7,0,10,75,0,0,0,0,0,0,0,0,1,0,0,0,0,0,0,0,0
0,0,0,1,18,75,0,0,0,0,0,0,0,0,0,0,0,0,0,0,0,1,0
1,0,1,0,12,87,0,0,0,0,0,0,0,0,0,0,0,0,0,1,0,0,0
0,0,3,0,25,61,0,0,1,0,0,0,0,0,0,0,0,0,0,0,0,0,0
0,0,3,0,23,75,0,0,1,0,0,0,0,0,0,0,0,0,0,0,0,0,0
0,0,6,0,8,79,0,0,0,0,0,0,0,0,0,0,1,0,0,0,0,0,0
1,0,4,0,32,86,1,0,0,0,0,0,0,0,0,0,0,0,0,0,0,0,0
1,0,8,0,0,69,0,0,0,1,0,0,0,0,0,0,0,0,0,0,0,0,0
1,0,1,0,6,71,0,0,0,0,0,0,0,0,0,0,0,0,0,1,0,0,0
1,0,6,0,5,67,0,1,0,0,0,0,0,0,0,0,0,0,0,0,0,0,0
1,0,0,0,16,66,0,0,0,0,0,0,0,0,0,0,0,0,1,0,0,0,0
1,0,5,1,4,80,0,0,0,0,0,0,0,0,0,0,1,0,0,0,0,0,0
0,1,8,0,2,93,0,0,0,1,0,0,0,0,0,0,0,0,0,0,0,0,0
1,0,2,0,35,90,0,0,0,0,0,0,0,0,0,0,0,0,0,0,0,1,0
0,0,2,1,34,70,0,0,0,0,0,0,0,0,0,1,0,0,0,0,0,0,0
0,0,1,0,7,87,0,0,0,0,0,1,0,0,0,0,0,0,0,0,0,0,0
1,0,0,0,14,66,0,0,0,0,1,0,0,0,0,0,0,0,0,0,0,0,0
0,0,1,0,24,74,0,0,0,0,0,0,1,0,0,0,0,0,0,0,0,0,0
0,0,4,0,25,77,0,0,0,0,0,0,0,0,0,0,0,0,1,0,0,0,0
1,0,8,0,3,83,0,0,0,1,0,0,0,0,0,0,0,0,0,0,0,0,0
0,1,7,1,0,88,0,0,0,1,0,0,0,0,0,0,0,0,0,0,0,0,0
0,0,2,0,33,70,0,0,0,0,0,0,0,0,0,0,0,0,0,0,0,1,0
1,0,3,0,12,72,0,0,0,0,0,0,0,0,0,0,0,0,0,0,0,1,0
0,0,3,1,1,77,0,1,0,0,0,0,0,0,0,0,0,0,0,0,0,0,0
1,0,5,1,19,76,0,0,0,0,0,0,0,0,0,0,0,0,0,1,0,0,0
1,0,2,0,2,99,0,0,0,0,0,1,0,0,0,0,0,0,0,0,0,0,0
1,0,4,0,3,80,0,0,0,0,0,0,0,1,0,0,0,0,0,0,0,0,0
1,0,1,0,48,95,0,0,0,0,0,0,1,0,0,0,0,0,0,0,0,0,0
1,0,2,0,32,100,0,0,0,0,0,0,0,0,0,1,0,0,0,0,0,0,0
0,0,6,0,1,70,0,0,0,0,0,0,0,0,0,0,0,0,0,0,0,1,0
0,0,1,0,22,99,0,0,0,0,0,0,1,0,0,0,0,0,0,0,0,0,0
1,0,5,0,16,72,0,0,1,0,0,0,0,0,0,0,0,0,0,0,0,0,0
1,1,6,0,15,69,0,0,0,0,1,0,0,0,0,0,0,0,0,0,0,0,0
1,0,3,1,26,77,0,0,0,0,0,0,0,0,0,0,0,0,1,0,0,0,0
1,0,5,0,46,100,0,0,0,0,0,0,1,0,0,0,0,0,0,0,0,0,0
1,1,4,0,31,80,0,0,0,0,0,0,0,0,0,0,0,1,0,0,0,0,0
0,0,9,0,5,88,0,0,0,1,0,0,0,0,0,0,0,0,0,0,0,0,0
1,0,6,0,21,79,1,0,0,0,0,0,0,0,0,0,0,0,0,0,0,0,0
0,0,2,0,26,90,0,0,0,0,0,1,0,0,0,0,0,0,0,0,0,0,0
0,0,1,0,3,78,0,1,0,0,0,0,0,0,0,0,0,0,0,0,0,0,0
0,0,1,1,11,90,0,0,1,0,0,0,0,0,0,0,0,0,0,0,0,0,0
1,0,6,0,5,83,0,0,0,1,0,0,0,0,0,0,0,0,0,0,0,0,0
0,0,8,1,19,74,0,0,0,0,0,0,0,0,0,0,0,0,1,0,0,0,0
0,1,7,0,3,79,0,0,0,1,0,0,0,0,0,0,0,0,0,0,0,0,0
1,1,5,0,15,67,0,0,0,0,0,0,0,0,0,0,0,0,1,0,0,0,0
1,0,4,0,32,65,0,0,0,0,0,0,0,0,0,1,0,0,0,0,0,0,0
1,1,5,0,4,90,0,0,0,1,0,0,0,0,0,0,0,0,0,0,0,0,0
1,0,1,0,31,84,0,0,0,0,0,0,0,0,0,0,0,1,0,0,0,0,0
1,0,2,0,19,82,0,0,0,0,0,0,0,0,0,0,0,0,1,0,0,0,0
0,0,1,0,16,75,0,0,0,0,0,0,0,0,0,0,0,0,1,0,0,0,0
1,0,1,0,29,95,0,0,0,0,0,0,0,0,0,1,0,0,0,0,0,0,0
1,0,3,0,26,85,0,0,0,0,0,0,0,0,0,1,0,0,0,0,0,0,0
1,1,4,0,27,81,0,0,0,0,0,0,0,0,0,1,0,0,0,0,0,0,0
1,0,3,0,35,87,0,0,0,0,0,0,0,0,0,0,0,0,1,0,0,0,0
0,0,5,0,26,93,0,0,0,0,0,0,0,0,0,0,0,0,0,0,0,1,0
0,1,2,0,28,67,0,0,0,0,0,0,1,0,0,0,0,0,0,0,0,0,0
1,1,1,0,32,69,0,0,1,0,0,0,0,0,0,0,0,0,0,0,0,0,0
1,0,0,0,33,89,1,0,0,0,0,0,0,0,0,0,0,0,0,0,0,0,0
0,0,2,1,18,68,0,0,0,0,0,0,0,0,0,0,0,0,0,1,0,0,0
1,0,1,0,18,99,0,0,0,0,0,0,0,0,0,0,0,0,1,0,0,0,0
0,0,1,1,9,93,0,0,0,0,0,0,0,0,0,0,0,0,0,0,0,1,0
1,1,5,0,25,96,0,0,0,0,0,0,0,0,0,0,0,0,0,1,0,0,0
0,0,1,1,18,100,0,0,0,0,0,0,0,0,0,0,0,0,0,0,1,0,0
0,0,4,0,3,72,0,0,0,0,0,0,0,0,0,0,0,0,0,0,0,1,0
0,0,4,1,34,84,0,0,0,0,0,0,0,0,0,1,0,0,0,0,0,0,0
0,0,7,0,4,74,0,0,0,1,0,0,0,0,0,0,0,0,0,0,0,0,0
1,0,3,0,14,82,0,0,0,0,0,0,0,0,1,0,0,0,0,0,0,0,0
1,1,5,0,8,68,0,0,0,0,0,0,0,0,0,0,1,0,0,0,0,0,0
0,0,3,0,35,92,0,0,0,0,0,0,0,0,0,0,0,1,0,0,0,0,0
1,0,3,0,2,76,0,1,0,0,0,0,0,0,0,0,0,0,0,0,0,0,0
0,0,2,0,27,73,0,0,0,0,0,0,0,0,0,1,0,0,0,0,0,0,0
1,0,5,0,20,92,1,0,0,0,0,0,0,0,0,0,0,0,0,0,0,0,0
1,0,4,0,21,81,0,0,0,0,0,0,0,0,0,0,0,0,1,0,0,0,0
0,0,5,0,6,60,0,0,0,0,0,0,0,0,1,0,0,0,0,0,0,0,0
0,0,3,0,18,94,0,0,1,0,0,0,0,0,0,0,0,0,0,0,0,0,0
0,0,2,0,7,69,0,0,0,0,0,0,0,0,0,0,1,0,0,0,0,0,0
0,0,2,0,24,64,0,0,0,0,0,0,0,0,0,0,0,0,1,0,0,0,0
1,0,5,0,21,75,1,0,0,0,0,0,0,0,0,0,0,0,0,0,0,0,0
0,1,0,0,34,77,0,0,0,0,0,0,0,0,0,1,0,0,0,0,0,0,0
0,0,7,1,0,61,0,0,0,1,0,0,0,0,0,0,0,0,0,0,0,0,0
1,0,4,0,17,60,0,0,0,0,0,0,0,0,0,0,0,0,1,0,0,0,0
0,0,5,0,10,87,0,0,1,0,0,0,0,0,0,0,0,0,0,0,0,0,0
0,0,4,1,35,90,0,0,0,0,0,0,0,0,0,1,0,0,0,0,0,0,0
1,0,3,0,27,71,0,0,0,0,0,0,0,0,0,0,0,0,1,0,0,0,0
1,0,2,1,30,89,0,0,0,0,0,0,0,0,0,0,0,1,0,0,0,0,0
1,0,2,0,35,85,0,0,0,0,0,0,0,0,0,1,0,0,0,0,0,0,0
0,1,5,0,5,66,0,0,0,0,0,0,0,1,0,0,0,0,0,0,0,0,0
0,0,6,1,10,87,0,0,0,0,0,0,0,0,1,0,0,0,0,0,0,0,0
0,1,8,0,1,93,0,0,0,1,0,0,0,0,0,0,0,0,0,0,0,0,0
1,1,3,0,30,64,0,0,0,0,0,0,0,0,0,1,0,0,0,0,0,0,0
1,0,4,0,3,87,0,0,0,1,0,0,0,0,0,0,0,0,0,0,0,0,0
1,0,3,1,18,85,0,0,0,0,1,0,0,0,0,0,0,0,0,0,0,0,0
0,1,8,1,0,73,0,0,0,1,0,0,0,0,0,0,0,0,0,0,0,0,0
1,1,5,0,15,76,0,0,0,0,0,0,0,0,0,0,0,0,1,0,0,0,0
0,1,3,0,43,86,0,0,0,0,0,0,1,0,0,0,0,0,0,0,0,0,0
1,0,5,0,16,86,0,0,0,0,0,1,0,0,0,0,0,0,0,0,0,0,0
0,0,3,0,23,69,1,0,0,0,0,0,0,0,0,0,0,0,0,0,0,0,0
1,0,2,0,2,74,0,0,0,0,0,0,0,1,0,0,0,0,0,0,0,0,0
0,0,1,0,34,79,0,0,0,0,0,0,0,0,0,1,0,0,0,0,0,0,0
1,1,2,0,34,94,0,0,0,0,0,0,0,0,0,0,0,0,1,0,0,0,0
1,0,3,0,18,88,0,0,0,0,0,0,0,0,0,0,0,0,1,0,0,0,0
0,0,5,1,21,94,0,0,0,0,0,0,0,0,0,0,0,0,0,0,0,1,0
1,1,3,1,3,93,0,0,0,1,0,0,0,0,0,0,0,0,0,0,0,0,0
0,0,4,0,31,81,0,0,0,0,0,0,1,0,0,0,0,0,0,0,0,0,0
0,0,5,1,17,71,0,0,0,0,0,0,0,0,0,0,0,0,1,0,0,0,0
0,0,0,0,10,63,0,0,1,0,0,0,0,0,0,0,0,0,0,0,0,0,0
0,0,1,0,5,72,0,0,0,0,0,1,0,0,0,0,0,0,0,0,0,0,0
1,0,4,0,8,89,0,0,0,0,0,0,0,0,0,0,0,0,0,1,0,0,0
1,0,4,0,3,92,0,0,0,1,0,0,0,0,0,0,0,0,0,0,0,0,0
0,0,3,0,30,90,0,0,0,0,0,0,1,0,0,0,0,0,0,0,0,0,0
0,0,2,0,20,88,1,0,0,0,0,0,0,0,0,0,0,0,0,0,0,0,0
0,1,5,0,25,68,0,0,0,0,0,0,0,0,0,0,0,0,1,0,0,0,0
1,0,4,1,23,66,0,0,0,0,1,0,0,0,0,0,0,0,0,0,0,0,0
1,0,7,0,3,63,0,0,0,0,0,0,0,1,0,0,0,0,0,0,0,0,0
1,1,1,0,24,60,0,0,0,0,0,0,0,0,0,0,0,0,1,0,0,0,0
1,0,1,0,37,91,0,0,0,0,0,0,1,0,0,0,0,0,0,0,0,0,0
1,0,2,0,28,81,0,0,0,0,0,0,0,0,0,0,0,0,0,0,0,1,0
0,0,2,0,5,94,0,0,0,1,0,0,0,0,0,0,0,0,0,0,0,0,0
0,0,3,0,6,83,0,0,0,0,0,0,0,0,0,0,1,0,0,0,0,0,0
0,0,7,0,40,90,0,0,0,0,0,0,1,0,0,0,0,0,0,0,0,0,0
1,0,3,1,35,86,0,0,0,0,0,0,0,0,0,0,0,0,0,0,0,1,0
1,0,4,1,34,74,0,0,0,0,0,0,1,0,0,0,0,0,0,0,0,0,0
1,0,2,0,24,86,0,0,0,0,0,0,0,0,0,0,0,0,1,0,0,0,0
0,0,6,0,35,85,0,0,0,0,0,0,0,0,0,0,0,1,0,0,0,0,0
0,1,6,0,0,61,0,0,0,1,0,0,0,0,0,0,0,0,0,0,0,0,0
1,0,1,0,35,93,0,0,0,0,0,0,1,0,0,0,0,0,0,0,0,0,0
1,0,5,1,18,68,0,0,0,0,0,0,0,0,0,0,0,0,0,0,0,1,0
0,1,1,1,1,78,0,0,0,1,0,0,0,0,0,0,0,0,0,0,0,0,0
1,0,2,0,16,83,0,0,0,0,1,0,0,0,0,0,0,0,0,0,0,0,0
1,0,5,0,28,82,0,0,0,0,0,0,0,0,0,0,0,0,1,0,0,0,0
1,0,3,0,14,73,0,0,0,0,0,0,0,0,1,0,0,0,0,0,0,0,0
1,0,3,0,25,64,0,0,0,0,0,0,1,0,0,0,0,0,0,0,0,0,0
0,0,2,0,16,60,0,0,1,0,0,0,0,0,0,0,0,0,0,0,0,0,0
1,0,4,0,28,93,0,0,0,0,0,0,0,0,0,0,0,0,0,1,0,0,0
1,0,0,0,15,83,0,0,0,0,0,0,0,0,0,0,0,0,1,0,0,0,0
1,0,2,0,34,90,0,0,0,0,0,0,0,0,0,1,0,0,0,0,0,0,0
1,0,2,0,27,80,0,0,0,0,0,0,0,0,0,1,0,0,0,0,0,0,0
0,1,4,0,28,100,0,0,0,0,0,0,1,0,0,0,0,0,0,0,0,0,0
1,0,3,0,33,88,0,0,0,0,0,0,0,0,0,0,0,1,0,0,0,0,0
0,0,5,0,12,94,0,0,1,0,0,0,0,0,0,0,0,0,0,0,0,0,0
1,0,0,0,27,98,0,0,0,0,0,0,0,0,0,1,0,0,0,0,0,0,0
0,0,1,0,15,69,0,0,0,0,0,0,0,0,1,0,0,0,0,0,0,0,0
0,0,1,1,3,71,0,0,0,0,0,0,0,0,0,0,1,0,0,0,0,0,0
1,0,2,0,26,94,0,0,0,0,0,0,0,0,0,1,0,0,0,0,0,0,0
0,0,1,0,35,94,0,0,0,0,0,1,0,0,0,0,0,0,0,0,0,0,0
1,0,1,0,20,69,0,0,1,0,0,0,0,0,0,0,0,0,0,0,0,0,0
0,0,3,0,14,77,0,0,0,0,0,0,0,0,0,0,0,0,0,0,0,0,1
0,0,2,1,24,90,0,0,0,0,0,0,0,0,0,0,0,0,1,0,0,0,0
1,0,2,0,8,75,0,0,0,0,0,0,0,0,1,0,0,0,0,0,0,0,0
0,0,3,0,19,86,0,0,0,0,0,0,0,0,0,0,0,0,0,0,0,1,0
0,0,2,0,29,72,0,0,0,0,0,0,0,0,0,0,0,0,0,0,0,1,0
1,0,1,0,14,99,0,0,1,0,0,0,0,0,0,0,0,0,0,0,0,0,0
1,0,4,0,19,73,1,0,0,0,0,0,0,0,0,0,0,0,0,0,0,0,0
1,0,0,0,29,84,0,0,0,0,0,0,0,0,0,0,0,0,0,1,0,0,0
0,0,1,0,2,99,0,1,0,0,0,0,0,0,0,0,0,0,0,0,0,0,0
0,0,6,0,25,84,0,0,0,0,0,0,0,0,0,1,0,0,0,0,0,0,0
0,0,0,0,6,89,0,0,0,0,0,0,0,0,1,0,0,0,0,0,0,0,0
1,0,2,1,11,65,0,0,1,0,0,0,0,0,0,0,0,0,0,0,0,0,0
1,0,1,1,4,80,0,0,0,0,0,1,0,0,0,0,0,0,0,0,0,0,0
1,0,2,0,33,79,0,0,0,0,0,0,0,0,0,1,0,0,0,0,0,0,0
0,0,3,1,22,85,0,0,0,0,0,0,1,0,0,0,0,0,0,0,0,0,0
0,0,0,0,34,92,0,0,0,0,0,0,1,0,0,0,0,0,0,0,0,0,0
1,0,1,0,22,93,0,0,0,0,0,0,0,0,0,0,0,0,1,0,0,0,0
1,0,1,0,11,78,0,0,0,0,0,0,0,0,1,0,0,0,0,0,0,0,0
1,0,1,0,12,98,0,0,0,0,0,0,0,0,1,0,0,0,0,0,0,0,0
0,0,2,0,35,97,0,0,0,0,0,0,0,0,0,0,0,0,0,0,0,1,0
0,0,0,0,6,90,0,0,0,0,0,0,0,0,0,0,1,0,0,0,0,0,0
1,0,9,1,0,68,0,0,0,1,0,0,0,0,0,0,0,0,0,0,0,0,0
1,0,2,1,26,64,0,0,0,0,0,0,0,0,0,1,0,0,0,0,0,0,0
1,0,0,0,19,67,0,0,1,0,0,0,0,0,0,0,0,0,0,0,0,0,0
0,0,0,0,3,72,0,0,0,0,0,0,0,0,1,0,0,0,0,0,0,0,0
1,0,1,0,14,82,0,0,1,0,0,0,0,0,0,0,0,0,0,0,0,0,0
1,0,9,0,12,89,0,0,0,0,0,0,0,0,0,0,0,0,0,0,0,0,1
1,0,1,0,18,99,0,0,0,0,0,0,0,0,0,0,0,0,1,0,0,0,0
1,0,5,0,4,82,0,0,0,1,0,0,0,0,0,0,0,0,0,0,0,0,0
1,0,1,0,34,70,0,0,0,0,1,0,0,0,0,0,0,0,0,0,0,0,0
1,0,2,0,21,74,0,0,0,0,0,0,0,0,0,0,0,0,0,0,0,1,0
0,0,3,1,5,91,0,0,0,0,0,0,0,0,0,0,1,0,0,0,0,0,0
1,0,1,1,16,66,1,0,0,0,0,0,0,0,0,0,0,0,0,0,0,0,0
0,0,0,0,31,90,0,0,0,0,0,0,0,0,0,0,0,1,0,0,0,0,0
0,1,6,0,1,69,0,0,0,1,0,0,0,0,0,0,0,0,0,0,0,0,0
1,0,3,0,35,88,0,0,1,0,0,0,0,0,0,0,0,0,0,0,0,0,0
1,0,1,1,41,91,0,0,0,0,0,0,1,0,0,0,0,0,0,0,0,0,0
1,1,5,1,1,90,0,0,0,1,0,0,0,0,0,0,0,0,0,0,0,0,0
1,0,2,0,6,78,0,0,0,0,0,0,0,0,0,0,1,0,0,0,0,0,0
0,0,3,0,30,76,0,0,0,0,0,0,0,0,0,0,0,1,0,0,0,0,0
0,0,3,0,32,69,0,0,1,0,0,0,0,0,0,0,0,0,0,0,0,0,0
1,0,2,0,18,67,0,0,0,0,0,0,0,0,0,0,0,0,1,0,0,0,0
1,0,1,0,2,89,0,0,0,1,0,0,0,0,0,0,0,0,0,0,0,0,0
0,0,5,0,5,60,0,0,0,1,0,0,0,0,0,0,0,0,0,0,0,0,0
0,0,2,0,32,67,0,0,0,0,0,0,0,0,0,1,0,0,0,0,0,0,0
0,1,2,0,18,64,0,0,0,0,0,0,0,0,0,0,0,0,0,0,1,0,0
0,0,7,0,27,68,0,0,0,0,0,0,0,0,0,1,0,0,0,0,0,0,0
1,0,3,0,9,98,0,0,0,0,0,0,0,0,0,0,0,0,0,0,0,1,0
0,0,2,0,15,83,0,0,0,0,0,0,0,0,0,0,0,0,0,0,1,0,0
1,0,9,0,1,94,0,0,0,1,0,0,0,0,0,0,0,0,0,0,0,0,0
1,0,2,0,31,62,0,0,0,0,0,0,0,0,0,0,0,0,1,0,0,0,0
0,0,3,0,2,82,0,1,0,0,0,0,0,0,0,0,0,0,0,0,0,0,0
0,1,4,0,2,94,0,0,0,0,0,0,0,1,0,0,0,0,0,0,0,0,0
0,1,6,0,5,81,0,0,0,1,0,0,0,0,0,0,0,0,0,0,0,0,0
1,0,1,0,21,68,0,0,0,0,0,0,0,0,0,0,0,0,1,0,0,0,0
0,0,6,0,12,82,0,0,0,0,0,1,0,0,0,0,0,0,0,0,0,0,0
0,1,5,0,0,65,0,0,0,1,0,0,0,0,0,0,0,0,0,0,0,0,0
1,0,5,0,26,80,1,0,0,0,0,0,0,0,0,0,0,0,0,0,0,0,0
1,0,3,0,15,78,1,0,0,0,0,0,0,0,0,0,0,0,0,0,0,0,0
0,1,1,0,14,92,1,0,0,0,0,0,0,0,0,0,0,0,0,0,0,0,0
0,0,6,0,9,75,0,0,0,0,0,0,0,0,0,0,0,0,0,0,1,0,0
1,0,2,0,19,81,0,0,0,0,0,0,0,0,0,0,0,0,0,0,0,1,0
0,0,7,0,17,76,0,0,0,0,0,0,0,0,0,0,0,0,0,0,1,0,0
0,0,3,1,9,67,0,0,0,0,0,0,0,0,0,0,1,0,0,0,0,0,0
0,0,5,1,14,67,0,0,1,0,0,0,0,0,0,0,0,0,0,0,0,0,0
1,0,1,1,3,61,0,0,0,0,0,0,0,1,0,0,0,0,0,0,0,0,0
1,1,9,1,22,94,0,0,0,0,0,0,0,0,0,0,0,0,1,0,0,0,0
0,0,3,0,10,85,0,0,0,0,0,0,0,0,0,0,1,0,0,0,0,0,0
1,1,1,0,1,62,0,0,0,1,0,0,0,0,0,0,0,0,0,0,0,0,0
0,0,0,0,10,68,0,0,0,0,0,0,0,0,0,0,0,0,0,0,0,1,0
0,0,2,0,36,88,0,0,0,0,0,0,1,0,0,0,0,0,0,0,0,0,0
0,0,3,0,34,67,0,0,0,0,0,0,0,0,0,0,0,0,1,0,0,0,0
1,0,3,0,32,87,0,0,0,0,0,0,1,0,0,0,0,0,0,0,0,0,0
0,0,2,0,28,80,0,0,0,0,0,0,0,0,0,0,0,0,1,0,0,0,0
1,0,2,0,32,93,0,0,0,0,0,0,0,0,0,0,0,0,1,0,0,0,0
1,0,2,0,4,86,0,0,0,1,0,0,0,0,0,0,0,0,0,0,0,0,0
1,0,2,0,21,65,1,0,0,0,0,0,0,0,0,0,0,0,0,0,0,0,0
0,0,1,1,22,97,0,0,0,0,0,0,0,0,0,0,0,0,0,0,0,0,1
0,0,4,0,28,88,0,0,1,0,0,0,0,0,0,0,0,0,0,0,0,0,0
1,0,3,0,35,90,0,0,0,0,1,0,0,0,0,0,0,0,0,0,0,0,0
1,0,1,0,35,94,0,0,0,0,0,0,0,0,0,1,0,0,0,0,0,0,0
0,0,4,1,16,98,0,0,1,0,0,0,0,0,0,0,0,0,0,0,0,0,0
1,0,1,1,20,91,0,0,1,0,0,0,0,0,0,0,0,0,0,0,0,0,0
0,0,4,0,27,80,0,0,0,0,0,0,0,0,0,0,0,0,1,0,0,0,0
0,0,6,0,14,67,0,0,1,0,0,0,0,0,0,0,0,0,0,0,0,0,0
1,0,1,0,35,94,0,0,0,0,1,0,0,0,0,0,0,0,0,0,0,0,0
1,1,6,0,2,76,0,0,0,1,0,0,0,0,0,0,0,0,0,0,0,0,0
1,0,4,0,3,64,0,1,0,0,0,0,0,0,0,0,0,0,0,0,0,0,0
0,0,2,0,32,66,0,0,0,0,0,0,0,0,0,1,0,0,0,0,0,0,0
0,1,6,1,33,98,0,0,0,0,0,0,0,0,0,0,0,0,1,0,0,0,0
0,0,2,1,24,67,0,0,1,0,0,0,0,0,0,0,0,0,0,0,0,0,0
1,0,2,0,5,94,0,0,0,0,0,0,0,0,0,0,0,0,0,0,0,1,0
0,0,5,0,8,86,0,0,0,0,0,0,0,0,0,0,0,0,0,0,1,0,0
0,0,2,1,8,71,0,0,0,0,0,0,0,0,0,0,0,0,0,0,1,0,0
1,0,0,0,21,95,0,0,0,0,0,0,0,0,0,0,0,0,0,0,0,1,0
0,0,1,1,6,75,0,0,0,0,0,0,0,0,1,0,0,0,0,0,0,0,0
0,1,0,0,15,76,0,0,0,0,0,0,0,0,0,0,0,0,1,0,0,0,0
0,1,1,0,12,63,0,0,0,0,0,0,0,0,1,0,0,0,0,0,0,0,0
0,0,6,0,1,86,0,1,0,0,0,0,0,0,0,0,0,0,0,0,0,0,0
1,0,2,0,14,92,0,0,0,0,0,0,0,0,0,0,0,0,1,0,0,0,0
1,0,3,0,26,85,1,0,0,0,0,0,0,0,0,0,0,0,0,0,0,0,0
1,1,1,0,31,90,0,0,0,0,0,0,1,0,0,0,0,0,0,0,0,0,0
0,0,4,0,5,75,0,0,0,0,0,0,0,0,0,0,0,0,0,0,0,1,0
1,0,2,0,28,87,1,0,0,0,0,0,0,0,0,0,0,0,0,0,0,0,0
0,0,1,1,11,65,0,0,0,0,0,0,0,0,0,0,0,0,0,0,0,1,0
1,0,1,1,19,70,0,0,0,0,0,0,0,0,0,0,0,0,1,0,0,0,0
1,0,3,0,17,93,0,0,0,0,0,0,0,0,0,0,0,0,0,1,0,0,0
0,0,0,1,30,86,0,0,0,0,0,0,0,0,0,0,0,0,0,0,0,1,0
1,0,2,0,23,81,0,0,0,0,0,0,0,0,0,0,0,0,1,0,0,0,0
1,0,6,0,0,69,0,0,0,1,0,0,0,0,0,0,0,0,0,0,0,0,0
0,0,0,1,19,94,0,0,1,0,0,0,0,0,0,0,0,0,0,0,0,0,0
0,0,2,1,33,79,0,0,0,0,0,0,0,0,0,1,0,0,0,0,0,0,0
0,1,2,1,1,64,0,0,0,0,0,0,0,1,0,0,0,0,0,0,0,0,0
0,0,2,0,35,88,0,0,0,0,0,0,0,0,0,0,0,0,0,0,0,0,1
1,0,1,0,3,63,0,0,0,0,0,0,0,0,0,0,1,0,0,0,0,0,0
0,0,2,0,2,88,0,0,0,0,0,0,0,1,0,0,0,0,0,0,0,0,0
0,0,5,1,16,63,0,0,0,0,0,0,0,0,0,0,0,0,1,0,0,0,0
0,0,3,0,38,100,0,0,0,0,0,0,1,0,0,0,0,0,0,0,0,0,0
0,0,2,0,3,73,0,1,0,0,0,0,0,0,0,0,0,0,0,0,0,0,0
0,1,5,0,11,82,0,0,0,0,0,0,0,0,0,0,0,0,0,0,1,0,0
1,0,1,0,1,62,0,0,0,0,0,0,0,1,0,0,0,0,0,0,0,0,0
0,0,4,0,4,65,0,0,0,0,0,0,0,0,0,0,0,0,0,0,0,1,0
1,0,3,0,43,92,0,0,0,0,0,0,1,0,0,0,0,0,0,0,0,0,0
1,0,1,0,47,86,0,0,0,0,0,0,1,0,0,0,0,0,0,0,0,0,0
1,0,1,0,9,62,0,0,0,0,0,0,0,0,1,0,0,0,0,0,0,0,0
0,0,6,0,2,66,0,0,0,1,0,0,0,0,0,0,0,0,0,0,0,0,0
1,1,4,0,5,83,0,0,0,1,0,0,0,0,0,0,0,0,0,0,0,0,0
0,0,2,0,26,84,0,0,0,0,0,0,0,0,0,0,0,0,0,0,0,1,0
0,1,3,0,25,99,0,0,0,0,0,0,0,0,0,0,0,0,1,0,0,0,0
1,0,5,0,9,87,0,0,0,0,0,0,0,0,0,0,1,0,0,0,0,0,0
1,0,1,0,27,64,1,0,0,0,0,0,0,0,0,0,0,0,0,0,0,0,0
0,0,2,1,19,60,0,0,1,0,0,0,0,0,0,0,0,0,0,0,0,0,0
0,1,1,0,31,88,0,0,0,0,0,0,0,0,0,0,0,1,0,0,0,0,0
0,0,4,1,26,92,0,0,0,0,0,0,0,0,0,0,0,0,1,0,0,0,0
1,0,6,1,11,64,0,0,1,0,0,0,0,0,0,0,0,0,0,0,0,0,0
0,1,6,0,6,89,0,0,0,0,0,1,0,0,0,0,0,0,0,0,0,0,0
0,0,8,0,2,94,0,0,0,1,0,0,0,0,0,0,0,0,0,0,0,0,0
1,0,7,0,5,95,0,0,0,1,0,0,0,0,0,0,0,0,0,0,0,0,0
0,0,3,0,27,61,0,0,0,0,0,0,0,0,0,1,0,0,0,0,0,0,0
0,0,2,0,30,87,0,0,0,0,0,0,0,0,0,1,0,0,0,0,0,0,0
1,0,5,0,21,72,0,0,0,0,0,0,0,0,0,0,0,0,1,0,0,0,0
0,0,0,0,8,76,0,0,0,0,0,0,0,0,0,0,0,0,0,0,1,0,0
0,0,2,0,21,87,0,0,1,0,0,0,0,0,0,0,0,0,0,0,0,0,0
1,1,3,0,18,84,0,0,1,0,0,0,0,0,0,0,0,0,0,0,0,0,0
1,0,4,0,3,82,0,0,0,0,0,0,0,0,1,0,0,0,0,0,0,0,0
1,0,1,0,32,79,0,0,0,0,0,0,1,0,0,0,0,0,0,0,0,0,0
0,0,6,0,8,89,0,0,0,0,0,1,0,0,0,0,0,0,0,0,0,0,0
1,0,2,0,3,73,0,0,0,0,0,0,0,0,0,0,0,0,0,0,0,1,0
1,0,2,0,17,93,0,0,0,0,0,0,0,0,0,0,0,0,0,1,0,0,0
1,0,0,0,17,79,0,0,0,0,0,0,0,0,0,0,0,0,1,0,0,0,0
0,0,4,0,27,99,0,0,0,0,0,0,0,0,0,1,0,0,0,0,0,0,0
1,0,2,1,12,71,0,0,1,0,0,0,0,0,0,0,0,0,0,0,0,0,0
1,0,3,0,46,93,0,0,0,0,0,0,1,0,0,0,0,0,0,0,0,0,0
1,0,1,0,19,61,1,0,0,0,0,0,0,0,0,0,0,0,0,0,0,0,0
1,0,2,0,30,82,0,0,0,0,1,0,0,0,0,0,0,0,0,0,0,0,0
1,0,2,0,20,73,0,0,0,0,0,0,0,0,0,0,0,0,1,0,0,0,0
0,0,5,0,14,78,0,0,0,0,0,0,0,0,0,0,0,0,1,0,0,0,0
0,0,5,0,27,100,1,0,0,0,0,0,0,0,0,0,0,0,0,0,0,0,0
