part_time_job,absence_days,extracurricular_activities,weekly_self_study_hours,history_score,career_Accountant,career_Artist,career_Banker,career_Business Owner,career_Designer,career_Doctor,career_Game Developer,career_Government Officer,career_Lawyer,career_Real Estate Developer,career_Scientist,career_Software Engineer,career_Stock Investor,career_Teacher,career_Unknown,career_Writer
0,2,0,47,86,0,0,0,0,0,1,0,0,0,0,0,0,0,0,0,0
0,9,1,13,97,0,0,0,0,0,0,0,1,0,0,0,0,0,0,0,0
0,5,0,3,74,0,1,0,0,0,0,0,0,0,0,0,0,0,0,0,0
0,2,0,26,100,0,0,0,0,0,0,0,0,0,0,0,0,0,0,1,0
0,3,1,18,69,0,0,0,0,0,0,0,0,0,0,0,0,0,1,0,0
0,2,0,7,60,0,0,0,0,0,0,0,0,0,0,0,0,0,1,0,0
1,7,0,4,59,0,0,0,1,0,0,0,0,0,0,0,0,0,0,0,0
0,3,0,39,90,0,0,0,0,0,1,0,0,0,0,0,0,0,0,0,0
0,3,1,30,64,0,0,0,0,0,0,0,0,0,0,1,0,0,0,0,0
0,2,0,27,65,0,0,0,0,0,0,0,0,0,0,0,1,0,0,0,0
0,9,0,2,72,0,0,0,1,0,0,0,0,0,0,0,0,0,0,0,0
0,4,0,35,91,0,0,0,0,0,0,0,0,0,0,0,1,0,0,0,0
0,5,0,22,86,0,0,0,0,0,1,0,0,0,0,0,0,0,0,0,0
0,3,0,19,100,1,0,0,0,0,0,0,0,0,0,0,0,0,0,0,0
0,0,0,14,69,0,0,0,0,0,0,0,0,0,0,0,1,0,0,0,0
0,4,0,30,68,0,0,0,0,1,0,0,0,0,0,0,0,0,0,0,0
0,1,0,24,84,0,0,1,0,0,0,0,0,0,0,0,0,0,0,0,0
0,3,1,31,93,0,0,0,0,0,0,0,0,0,0,0,0,0,0,1,0
0,1,0,21,70,0,0,0,0,0,0,0,0,0,0,0,0,0,0,1,0
0,4,0,31,97,0,0,0,0,0,0,0,0,0,0,0,1,0,0,0,0
1,6,0,3,94,0,0,0,1,0,0,0,0,0,0,0,0,0,0,0,0
0,4,0,3,99,0,0,0,0,0,0,1,0,0,0,0,0,0,0,0,0
0,5,1,27,85,0,0,0,0,0,0,0,0,1,0,0,0,0,0,0,0
0,4,0,32,78,0,0,0,0,0,0,0,0,0,0,0,0,0,0,1,0
0,0,0,14,89,1,0,0,0,0,0,0,0,0,0,0,0,0,0,0,0
0,2,0,24,81,0,0,0,0,0,0,0,0,1,0,0,0,0,0,0,0
0,3,0,32,96,0,0,1,0,0,0,0,0,0,0,0,0,0,0,0,0
0,6,0,31,60,0,0,0,0,0,0,0,0,0,0,0,1,0,0,0,0
0,3,0,21,72,0,0,0,0,0,0,0,0,0,0,0,0,0,0,1,0
0,2,0,1,81,0,0,0,0,0,0,1,0,0,0,0,0,0,0,0,0
0,5,0,33,86,0,0,0,0,0,0,0,0,1,0,0,0,0,0,0,0
0,1,0,34,97,0,0,1,0,0,0,0,0,0,0,0,0,0,0,0,0
1,6,0,2,54,0,0,0,1,0,0,0,0,0,0,0,0,0,0,0,0
0,1,0,15,66,0,0,0,0,1,0,0,0,0,0,0,0,0,0,0,0
1,3,0,22,87,0,0,0,0,0,0,0,0,0,0,0,0,0,0,0,1
0,2,0,20,100,0,0,0,0,0,0,0,0,0,0,0,1,0,0,0,0
0,7,1,27,90,0,0,0,0,0,0,0,0,0,0,0,1,0,0,0,0
0,3,0,24,63,0,0,0,0,0,0,0,0,0,0,0,1,0,0,0,0
0,1,1,5,91,0,0,0,0,0,0,0,0,0,0,0,0,0,0,1,0
0,7,0,34,94,0,0,0,0,0,0,0,0,0,0,0,0,0,0,1,0
1,3,0,3,67,0,0,0,1,0,0,0,0,0,0,0,0,0,0,0,0
0,1,0,15,67,0,0,0,0,0,0,0,0,0,0,0,0,1,0,0,0
0,7,0,11,80,0,0,0,0,0,0,0,1,0,0,0,0,0,0,0,0
0,2,0,9,76,0,0,0,0,0,0,0,1,0,0,0,0,0,0,0,0
0,3,1,14,95,0,0,0,0,0,0,0,0,0,0,0,1,0,0,0,0
0,5,0,3,79,0,0,0,0,0,0,0,0,0,0,0,0,0,0,1,0
0,2,1,34,98,0,0,0,0,0,0,0,0,0,0,0,1,0,0,0,0
0,3,1,2,76,0,1,0,0,0,0,0,0,0,0,0,0,0,0,0,0
0,0,0,5,89,0,0,0,0,0,0,1,0,0,0,0,0,0,0,0,0
0,2,0,4,73,0,1,0,0,0,0,0,0,0,0,0,0,0,0,0,0
0,2,0,25,80,0,0,0,0,0,0,0,0,0,0,0,1,0,0,0,0
0,7,0,2,60,0,0,0,1,0,0,0,0,0,0,0,0,0,0,0,0
0,2,0,0,97,0,0,0,0,0,0,0,0,0,1,0,0,0,0,0,0
0,3,0,16,80,1,0,0,0,0,0,0,0,0,0,0,0,0,0,0,0
0,1,0,4,93,0,0,0,0,0,0,0,0,0,0,0,0,0,0,1,0
1,9,0,2,54,0,0,0,1,0,0,0,0,0,0,0,0,0,0,0,0
0,1,0,22,75,0,0,1,0,0,0,0,0,0,0,0,0,0,0,0,0
0,6,0,1,71,0,0,0,1,0,0,0,0,0,0,0,0,0,0,0,0
0,1,0,19,96,0,0,0,0,0,0,0,0,0,0,0,0,0,0,1,0
0,6,0,5,93,0,0,0,1,0,0,0,0,0,0,0,0,0,0,0,0
1,0,0,13,90,0,0,0,0,0,0,0,0,0,0,0,0,0,1,0,0
0,3,0,47,100,0,0,0,0,0,1,0,0,0,0,0,0,0,0,0,0
0,2,0,9,62,0,0,0,0,0,0,0,0,0,0,0,0,0,0,1,0
0,4,0,7,95,0,0,0,0,0,0,0,0,0,0,0,0,0,0,1,0
0,4,0,26,70,0,0,0,0,0,0,0,0,0,0,0,0,0,0,1,0
1,5,0,25,73,0,0,0,0,0,0,0,0,0,0,0,0,1,0,0,0
1,4,0,16,82,0,0,1,0,0,0,0,0,0,0,0,0,0,0,0,0
0,4,0,27,63,0,0,0,0,0,0,0,0,0,0,0,1,0,0,0,0
0,2,0,6,83,0,0,0,0,1,0,0,0,0,0,0,0,0,0,0,0
0,1,1,11,97,0,0,1,0,0,0,0,0,0,0,0,0,0,0,0,0
0,4,0,23,94,0,0,0,0,0,0,0,0,0,0,0,1,0,0,0,0
0,1,0,29,99,0,0,0,0,0,0,0,0,1,0,0,0,0,0,0,0
0,0,0,3,79,0,0,0,0,0,0,1,0,0,0,0,0,0,0,0,0
0,4,1,22,91,0,0,0,0,0,0,0,0,0,0,0,0,0,0,1,0
1,5,0,4,72,0,0,0,1,0,0,0,0,0,0,0,0,0,0,0,0
0,3,0,3,92,0,0,0,0,0,0,0,0,0,0,0,0,0,0,1,0
0,5,0,18,100,0,0,0,0,0,0,0,0,0,0,0,0,0,0,1,0
0,1,0,33,73,0,0,0,0,0,0,0,0,0,0,0,1,0,0,0,0
0,0,1,17,99,0,0,0,0,0,0,0,0,0,0,0,0,0,0,1,0
0,1,0,15,72,0,0,0,0,0,0,0,0,0,0,0,0,0,1,0,0
0,2,0,5,81,0,0,0,0,0,0,1,0,0,0,0,0,0,0,0,0
1,7,0,5,76,0,0,0,1,0,0,0,0,0,0,0,0,0,0,0,0
0,5,0,22,94,0,0,0,0,0,0,0,0,0,0,0,0,0,0,1,0
0,1,0,34,98,0,0,0,0,0,0,0,0,1,0,0,0,0,0,0,0
0,4,0,25,87,0,0,0,0,0,0,0,0,0,0,0,0,1,0,0,0
0,5,1,31,66,1,0,0,0,0,0,0,0,0,0,0,0,0,0,0,0
0,3,0,26,94,0,0,1,0,0,0,0,0,0,0,0,0,0,0,0,0
0,5,0,35,99,0,0,0,0,0,0,0,0,0,0,0,1,0,0,0,0
0,3,1,28,90,0,0,0,0,0,0,0,0,0,0,0,0,0,0,1,0
0,1,0,33,84,0,0,0,0,0,0,0,0,0,0,0,1,0,0,0,0
0,3,0,2,78,0,1,0,0,0,0,0,0,0,0,0,0,0,0,0,0
0,5,1,9,99,0,0,0,0,0,0,0,0,0,1,0,0,0,0,0,0
1,2,1,0,62,0,0,0,1,0,0,0,0,0,0,0,0,0,0,0,0
0,5,0,30,79,0,0,0,0,0,0,0,0,0,0,1,0,0,0,0,0
0,7,0,1,82,0,0,0,0,0,0,1,0,0,0,0,0,0,0,0,0
0,2,0,2,90,0,0,0,0,0,0,1,0,0,0,0,0,0,0,0,0
0,2,0,30,64,0,0,0,0,0,0,0,0,0,0,1,0,0,0,0,0
0,3,0,24,73,0,0,0,0,0,0,0,0,0,0,0,0,1,0,0,0
0,2,0,14,90,0,0,0,0,0,0,0,0,0,0,0,0,0,1,0,0
0,1,0,24,72,0,0,0,0,0,0,0,0,0,0,0,1,0,0,0,0
0,3,0,34,88,0,0,0,0,0,0,0,0,1,0,0,0,0,0,0,0
0,3,0,16,62,1,0,0,0,0,0,0,0,0,0,0,0,0,0,0,0
0,1,1,21,87,1,0,0,0,0,0,0,0,0,0,0,0,0,0,0,0
0,1,0,1,95,0,1,0,0,0,0,0,0,0,0,0,0,0,0,0,0
0,2,0,22,83,0,0,1,0,0,0,0,0,0,0,0,0,0,0,0,0
0,1,1,14,80,0,0,0,0,0,0,0,0,0,0,0,0,0,1,0,0
0,1,0,22,71,0,0,0,0,0,1,0,0,0,0,0,0,0,0,0,0
0,3,0,17,62,0,0,1,0,0,0,0,0,0,0,0,0,0,0,0,0
0,4,0,33,71,0,0,1,0,0,0,0,0,0,0,0,0,0,0,0,0
0,5,0,29,88,0,0,1,0,0,0,0,0,0,0,0,0,0,0,0,0
1,1,0,27,71,0,0,0,0,0,0,0,0,0,0,0,0,0,0,1,0
0,3,0,22,87,0,0,0,0,0,0,0,0,0,0,0,1,0,0,0,0
0,7,1,3,78,0,0,0,1,0,0,0,0,0,0,0,0,0,0,0,0
0,7,0,3,76,0,0,0,1,0,0,0,0,0,0,0,0,0,0,0,0
0,7,1,17,78,0,0,0,0,0,0,0,0,0,0,0,1,0,0,0,0
0,3,0,17,88,0,0,0,0,0,0,0,0,0,0,0,1,0,0,0,0
0,1,0,7,92,0,0,0,0,0,0,0,1,0,0,0,0,0,0,0,0
0,1,0,20,67,0,0,0,0,0,0,0,0,0,0,0,1,0,0,0,0
0,6,0,16,95,0,0,1,0,0,0,0,0,0,0,0,0,0,0,0,0
0,2,0,32,84,0,0,0,0,0,0,0,0,0,0,0,1,0,0,0,0
0,3,0,3,100,0,1,0,0,0,0,0,0,0,0,0,0,0,0,0,0
0,1,0,28,63,0,0,0,0,1,0,0,0,0,0,0,0,0,0,0,0
0,0,0,21,72,1,0,0,0,0,0,0,0,0,0,0,0,0,0,0,0
0,7,1,35,87,0,0,0,0,0,0,0,0,0,0,0,1,0,0,0,0
0,7,1,14,95,1,0,0,0,0,0,0,0,0,0,0,0,0,0,0,0
1,7,0,1,56,0,0,0,1,0,0,0,0,0,0,0,0,0,0,0,0
0,9,1,0,71,0,0,0,1,0,0,0,0,0,0,0,0,0,0,0,0
0,3,0,35,91,0,0,0,0,0,0,0,0,0,0,0,1,0,0,0,0
0,3,0,31,96,0,0,0,0,0,0,0,0,1,0,0,0,0,0,0,0
0,3,1,15,86,0,0,1,0,0,0,0,0,0,0,0,0,0,0,0,0
0,1,0,30,68,0,0,0,0,0,1,0,0,0,0,0,0,0,0,0,0
0,7,0,17,64,0,0,1,0,0,0,0,0,0,0,0,0,0,0,0,0
0,2,0,23,68,0,0,0,0,0,0,0,0,0,0,0,1,0,0,0,0
0,7,0,4,64,0,0,0,1,0,0,0,0,0,0,0,0,0,0,0,0
1,7,0,1,73,0,0,0,1,0,0,0,0,0,0,0,0,0,0,0,0
0,1,0,11,98,0,0,0,0,1,0,0,0,0,0,0,0,0,0,0,0
0,7,1,15,88,0,0,0,0,0,0,0,0,0,0,0,1,0,0,0,0
1,4,1,4,85,0,1,0,0,0,0,0,0,0,0,0,0,0,0,0,0
0,2,0,28,77,0,0,0,0,0,0,0,0,0,0,0,0,1,0,0,0
0,7,1,30,97,0,0,0,0,0,0,0,0,1,0,0,0,0,0,0,0
0,8,0,1,64,0,0,0,1,0,0,0,0,0,0,0,0,0,0,0,0
0,6,0,16,70,0,0,0,0,0,0,0,0,0,0,0,1,0,0,0,0
0,2,1,18,93,0,0,0,0,0,0,0,0,0,0,0,0,0,1,0,0
1,1,0,4,67,0,0,0,0,0,0,1,0,0,0,0,0,0,0,0,0
0,8,0,32,88,1,0,0,0,0,0,0,0,0,0,0,0,0,0,0,0
0,2,0,12,82,0,0,1,0,0,0,0,0,0,0,0,0,0,0,0,0
1,6,0,5,92,0,0,0,0,1,0,0,0,0,0,0,0,0,0,0,0
0,2,1,15,89,0,0,0,0,0,0,0,1,0,0,0,0,0,0,0,0
0,3,0,31,69,1,0,0,0,0,0,0,0,0,0,0,0,0,0,0,0
0,1,0,2,92,0,0,0,0,0,0,0,0,0,0,0,0,0,0,1,0
0,3,0,22,81,1,0,0,0,0,0,0,0,0,0,0,0,0,0,0,0
0,1,1,12,69,0,0,0,0,0,0,0,1,0,0,0,0,0,0,0,0
0,3,0,34,60,0,0,1,0,0,0,0,0,0,0,0,0,0,0,0,0
0,0,0,9,70,0,0,0,0,0,0,0,0,0,0,0,0,0,1,0,0
0,5,0,43,96,0,0,0,0,0,1,0,0,0,0,0,0,0,0,0,0
0,2,0,1,87,0,0,0,0,0,0,0,0,0,1,0,0,0,0,0,0
0,2,0,19,64,0,0,0,0,0,0,0,0,0,0,0,1,0,0,0,0
1,4,0,2,55,0,0,0,1,0,0,0,0,0,0,0,0,0,0,0,0
0,4,1,31,98,0,0,0,0,0,0,0,0,0,0,1,0,0,0,0,0
0,4,0,11,85,0,0,0,0,0,0,0,0,0,0,0,0,0,1,0,0
1,0,0,22,60,0,0,0,0,0,0,0,0,0,0,0,0,0,0,1,0
0,3,0,2,99,0,0,0,0,0,0,1,0,0,0,0,0,0,0,0,0
0,4,0,34,84,0,0,0,0,0,0,0,0,0,0,0,1,0,0,0,0
1,5,0,25,76,0,0,0,0,0,0,0,0,0,0,0,0,0,0,1,0
0,1,1,26,92,0,0,0,0,0,0,0,0,1,0,0,0,0,0,0,0
0,1,1,4,77,0,0,0,0,0,0,0,1,0,0,0,0,0,0,0,0
0,1,0,25,65,0,0,0,0,0,0,0,0,0,0,0,1,0,0,0,0
0,1,0,13,72,0,0,0,0,1,0,0,0,0,0,0,0,0,0,0,0
0,3,0,8,99,0,0,0,0,0,0,0,0,0,0,0,0,0,1,0,0
0,5,0,15,75,0,0,0,0,0,0,0,1,0,0,0,0,0,0,0,0
0,1,0,18,69,0,0,0,0,0,0,0,0,0,0,0,0,0,1,0,0
1,3,0,24,74,0,0,1,0,0,0,0,0,0,0,0,0,0,0,0,0
0,3,0,15,64,0,0,0,0,0,0,0,0,0,0,0,0,0,1,0,0
0,1,0,5,76,0,0,0,0,0,0,1,0,0,0,0,0,0,0,0,0
0,6,0,5,58,0,0,0,1,0,0,0,0,0,0,0,0,0,0,0,0
0,2,1,26,81,0,0,0,0,0,0,0,0,1,0,0,0,0,0,0,0
0,2,0,14,94,0,0,0,0,0,0,0,1,0,0,0,0,0,0,0,0
0,2,0,32,87,0,0,0,0,0,0,0,0,0,0,0,1,0,0,0,0
0,3,0,13,79,0,0,0,0,0,0,0,0,0,0,0,0,0,1,0,0
0,7,0,33,76,0,0,1,0,0,0,0,0,0,0,0,0,0,0,0,0
0,3,0,15,92,1,0,0,0,0,0,0,0,0,0,0,0,0,0,0,0
0,2,0,30,70,0,0,0,0,0,0,0,0,0,0,0,0,0,0,1,0
0,7,0,2,53,0,0,0,1,0,0,0,0,0,0,0,0,0,0,0,0
1,7,0,0,55,0,0,0,1,0,0,0,0,0,0,0,0,0,0,0,0
0,2,0,4,95,0,0,0,1,0,0,0,0,0,0,0,0,0,0,0,0
0,5,1,21,72,0,0,0,0,0,0,0,0,0,0,0,0,0,0,1,0
0,2,0,29,87,0,0,0,0,0,0,0,0,0,0,0,0,0,0,0,1
0,7,0,14,69,0,0,0,0,0,0,0,0,0,0,0,0,0,0,1,0
0,2,1,32,83,0,0,0,0,0,0,0,0,0,0,0,0,1,0,0,0
1,1,0,22,79,0,0,0,0,0,0,0,0,0,0,0,1,0,0,0,0
0,0,0,42,87,0,0,0,0,0,1,0,0,0,0,0,0,0,0,0,0
0,1,0,1,51,0,0,0,1,0,0,0,0,0,0,0,0,0,0,0,0
1,3,1,17,96,0,0,0,0,0,0,0,0,0,0,0,1,0,0,0,0
0,6,0,31,81,0,0,0,0,0,0,0,0,0,0,0,0,0,0,0,1
0,1,0,24,97,0,0,0,0,0,0,0,0,1,0,0,0,0,0,0,0
0,7,0,2,65,0,0,0,1,0,0,0,0,0,0,0,0,0,0,0,0
0,2,0,4,68,0,0,0,0,0,0,0,1,0,0,0,0,0,0,0,0
0,1,0,20,92,0,0,1,0,0,0,0,0,0,0,0,0,0,0,0,0
0,3,0,17,61,0,0,1,0,0,0,0,0,0,0,0,0,0,0,0,0
0,5,0,25,70,0,0,0,0,0,0,0,0,0,0,0,0,0,0,1,0
0,6,0,21,84,0,0,0,0,0,0,0,0,0,0,0,1,0,0,0,0
0,3,0,27,76,0,0,0,0,0,0,0,0,0,0,0,1,0,0,0,0
0,5,0,14,66,0,0,0,0,0,0,0,0,0,0,0,1,0,0,0,0
0,3,0,16,89,0,0,1,0,0,0,0,0,0,0,0,0,0,0,0,0
0,4,0,30,78,1,0,0,0,0,0,0,0,0,0,0,0,0,0,0,0
0,2,0,35,97,0,0,0,0,0,0,0,0,0,0,0,0,0,0,0,1
0,1,0,14,69,0,0,0,0,0,0,0,0,0,0,0,0,0,1,0,0
0,1,0,3,62,0,0,0,0,1,0,0,0,0,0,0,0,0,0,0,0
0,4,0,15,79,1,0,0,0,0,0,0,0,0,0,0,0,0,0,0,0
0,0,0,14,69,0,0,1,0,0,0,0,0,0,0,0,0,0,0,0,0
0,1,1,0,84,0,1,0,0,0,0,0,0,0,0,0,0,0,0,0,0
0,1,0,34,93,0,0,0,0,0,0,0,0,1,0,0,0,0,0,0,0
0,7,0,7,89,0,0,0,0,0,0,0,0,0,0,0,0,1,0,0,0
0,5,0,28,90,0,0,0,0,0,0,0,0,0,0,0,0,1,0,0,0
0,1,0,0,86,0,0,0,1,0,0,0,0,0,0,0,0,0,0,0,0
1,2,0,1,95,0,1,0,0,0,0,0,0,0,0,0,0,0,0,0,0
0,7,0,9,70,0,0,0,0,0,0,0,0,0,0,0,0,0,1,0,0
0,3,0,32,69,1,0,0,0,0,0,0,0,0,0,0,0,0,0,0,0
1,9,0,4,90,0,0,0,1,0,0,0,0,0,0,0,0,0,0,0,0
0,1,0,21,96,0,0,0,0,0,0,0,0,0,0,0,1,0,0,0,0
0,3,0,29,82,0,0,0,0,0,0,0,0,1,0,0,0,0,0,0,0
0,3,0,13,87,0,0,0,0,0,0,0,0,0,0,0,0,0,0,1,0
0,2,1,32,87,0,0,1,0,0,0,0,0,0,0,0,0,0,0,0,0
0,1,0,1,73,0,1,0,0,0,0,0,0,0,0,0,0,0,0,0,0
0,2,0,32,72,0,0,0,0,1,0,0,0,0,0,0,0,0,0,0,0
0,1,1,4,76,0,0,0,0,0,0,0,0,0,1,0,0,0,0,0,0
0,3,1,32,81,0,0,0,0,0,0,0,0,1,0,0,0,0,0,0,0
0,1,0,33,71,0,0,0,0,0,1,0,0,0,0,0,0,0,0,0,0
0,0,0,29,82,0,0,0,0,0,0,0,0,0,0,0,1,0,0,0,0
0,7,0,7,93,0,0,0,0,0,0,0,0,0,1,0,0,0,0,0,0
0,6,0,4,68,0,0,0,0,0,0,0,0,0,1,0,0,0,0,0,0
0,3,0,29,90,0,0,0,0,0,0,0,0,1,0,0,0,0,0,0,0
0,3,0,5,87,0,0,0,0,0,0,0,0,0,1,0,0,0,0,0,0
1,7,0,2,54,0,0,0,1,0,0,0,0,0,0,0,0,0,0,0,0
0,4,1,0,77,0,0,0,0,0,0,0,0,0,1,0,0,0,0,0,0
0,6,1,1,82,0,0,0,0,0,0,0,0,0,0,0,0,0,0,1,0
0,3,1,26,83,1,0,0,0,0,0,0,0,0,0,0,0,0,0,0,0
1,5,0,2,96,0,0,0,1,0,0,0,0,0,0,0,0,0,0,0,0
0,3,0,21,89,0,0,0,0,0,0,0,0,0,0,0,0,0,0,1,0
0,5,0,0,67,0,0,0,1,0,0,0,0,0,0,0,0,0,0,0,0
0,5,1,10,61,0,0,0,0,0,0,0,0,0,0,0,0,0,1,0,0
0,5,1,24,96,0,0,1,0,0,0,0,0,0,0,0,0,0,0,0,0
0,5,0,26,81,0,0,0,0,0,0,0,0,0,0,0,0,1,0,0,0
0,3,0,24,96,1,0,0,0,0,0,0,0,0,0,0,0,0,0,0,0
1,8,1,0,99,0,0,0,1,0,0,0,0,0,0,0,0,0,0,0,0
0,4,0,32,99,0,0,0,0,0,0,0,0,0,0,0,1,0,0,0,0
0,8,0,15,80,0,0,0,0,0,0,0,0,0,0,0,0,0,0,1,0
0,6,0,15,94,0,0,0,0,0,0,0,1,0,0,0,0,0,0,0,0
0,3,1,4,95,0,0,0,0,0,0,1,0,0,0,0,0,0,0,0,0
0,0,0,29,94,0,0,0,0,0,0,0,0,1,0,0,0,0,0,0,0
0,2,0,13,75,0,0,0,0,0,0,0,0,0,0,0,0,0,0,1,0
0,3,0,49,96,0,0,0,0,0,1,0,0,0,0,0,0,0,0,0,0
0,2,0,44,88,0,0,0,0,0,1,0,0,0,0,0,0,0,0,0,0
0,1,0,14,87,0,0,0,0,0,0,0,0,0,0,0,1,0,0,0,0
0,4,0,1,61,0,0,0,0,0,0,0,0,0,1,0,0,0,0,0,0
0,2,0,11,69,0,0,0,0,0,0,0,0,0,0,0,0,0,1,0,0
0,3,0,2,98,0,0,0,0,0,0,0,0,0,0,0,0,0,0,1,0
0,9,0,3,55,0,0,0,1,0,0,0,0,0,0,0,0,0,0,0,0
0,5,0,28,100,0,0,1,0,0,0,0,0,0,0,0,0,0,0,0,0
1,8,0,3,96,0,0,0,1,0,0,0,0,0,0,0,0,0,0,0,0
0,3,1,1,55,0,0,0,1,0,0,0,0,0,0,0,0,0,0,0,0
0,7,0,37,96,0,0,0,0,0,1,0,0,0,0,0,0,0,0,0,0
0,3,1,28,77,0,0,0,0,0,0,0,0,0,0,0,1,0,0,0,0
0,3,0,30,76,0,0,0,0,0,0,0,0,0,0,1,0,0,0,0,0
1,4,0,26,87,0,0,0,0,0,0,0,0,0,0,0,0,0,0,1,0
0,0,0,17,69,0,0,0,0,0,0,0,0,0,0,0,1,0,0,0,0
0,6,1,16,96,0,0,0,0,0,0,0,0,0,0,0,1,0,0,0,0
1,8,0,2,52,0,0,0,1,0,0,0,0,0,0,0,0,0,0,0,0
0,0,0,17,95,1,0,0,0,0,0,0,0,0,0,0,0,0,0,0,0
0,9,0,3,92,0,0,0,1,0,0,0,0,0,0,0,0,0,0,0,0
1,3,0,47,87,0,0,0,0,0,1,0,0,0,0,0,0,0,0,0,0
1,0,0,3,90,0,0,0,0,0,0,1,0,0,0,0,0,0,0,0,0
0,4,0,15,71,0,0,0,0,0,0,0,0,0,0,0,1,0,0,0,0
0,1,0,3,92,0,0,0,0,0,0,0,0,0,0,0,0,1,0,0,0
0,9,0,4,62,0,0,0,1,0,0,0,0,0,0,0,0,0,0,0,0
1,6,0,2,81,0,0,0,1,0,0,0,0,0,0,0,0,0,0,0,0
0,2,0,34,83,0,0,0,0,0,0,0,0,0,0,0,1,0,0,0,0
0,7,1,1,88,0,0,0,0,0,0,1,0,0,0,0,0,0,0,0,0
0,1,0,5,91,0,1,0,0,0,0,0,0,0,0,0,0,0,0,0,0
0,1,0,47,87,0,0,0,0,0,1,0,0,0,0,0,0,0,0,0,0
0,3,1,16,70,0,0,0,0,0,0,0,0,0,0,0,0,1,0,0,0
0,5,1,32,75,0,0,0,0,0,0,0,0,0,0,1,0,0,0,0,0
0,2,0,31,91,0,0,1,0,0,0,0,0,0,0,0,0,0,0,0,0
0,3,0,16,70,0,0,0,0,0,0,0,0,0,0,0,0,0,0,1,0
0,6,0,21,65,0,0,1,0,0,0,0,0,0,0,0,0,0,0,0,0
0,6,0,48,90,0,0,0,0,0,1,0,0,0,0,0,0,0,0,0,0
1,3,0,28,80,0,0,0,0,0,0,0,0,0,0,0,0,0,0,1,0
0,4,0,31,93,0,0,0,0,0,0,0,0,1,0,0,0,0,0,0,0
1,9,1,4,63,0,0,0,1,0,0,0,0,0,0,0,0,0,0,0,0
0,3,1,23,73,1,0,0,0,0,0,0,0,0,0,0,0,0,0,0,0
0,1,0,23,91,0,0,0,0,0,1,0,0,0,0,0,0,0,0,0,0
0,1,0,7,62,0,0,0,0,0,0,0,0,0,0,0,0,0,0,1,0
0,0,0,5,91,0,1,0,0,0,0,0,0,0,0,0,0,0,0,0,0
0,2,0,4,91,0,0,0,0,0,0,0,0,0,0,0,0,0,0,1,0
0,2,0,26,85,0,0,0,0,0,0,0,0,0,0,0,0,0,0,1,0
0,4,1,33,89,0,0,0,0,0,0,0,0,1,0,0,0,0,0,0,0
0,4,1,34,94,0,0,0,0,0,0,0,0,1,0,0,0,0,0,0,0
1,4,0,16,79,1,0,0,0,0,0,0,0,0,0,0,0,0,0,0,0
0,0,0,4,82,0,0,0,0,0,0,0,0,0,0,0,0,1,0,0,0
0,3,0,21,90,0,0,0,0,0,0,0,0,0,0,0,1,0,0,0,0
0,7,0,4,99,0,0,0,1,0,0,0,0,0,0,0,0,0,0,0,0
0,3,0,24,70,0,0,0,0,0,0,0,0,0,0,0,0,0,0,0,1
0,6,0,1,55,0,0,0,1,0,0,0,0,0,0,0,0,0,0,0,0
1,5,0,17,88,0,0,0,0,0,0,0,0,0,0,0,0,0,1,0,0
1,2,0,5,66,0,0,0,0,0,0,0,0,0,1,0,0,0,0,0,0
0,3,1,31,80,0,0,1,0,0,0,0,0,0,0,0,0,0,0,0,0
0,2,1,4,89,0,1,0,0,0,0,0,0,0,0,0,0,0,0,0,0
0,1,0,11,72,0,0,0,0,0,0,0,0,0,0,0,0,0,0,0,1
0,0,0,5,62,0,0,0,0,0,0,1,0,0,0,0,0,0,0,0,0
1,6,0,1,60,0,0,0,1,0,0,0,0,0,0,0,0,0,0,0,0
0,2,1,30,77,0,0,0,0,0,0,0,0,0,0,0,0,1,0,0,0
0,2,1,6,77,0,0,0,0,0,0,0,0,0,0,0,0,0,0,1,0
0,7,0,26,90,0,0,0,0,0,0,0,0,1,0,0,0,0,0,0,0
0,0,0,23,89,0,0,0,0,0,0,0,0,0,0,0,1,0,0,0,0
0,4,0,30,95,0,0,1,0,0,0,0,0,0,0,0,0,0,0,0,0
0,4,0,34,85,0,0,1,0,0,0,0,0,0,0,0,0,0,0,0,0
0,1,0,26,77,1,0,0,0,0,0,0,0,0,0,0,0,0,0,0,0
0,1,1,18,85,0,0,0,0,0,0,0,0,0,0,0,1,0,0,0,0
0,4,0,39,95,0,0,0,0,0,1,0,0,0,0,0,0,0,0,0,0
0,7,1,29,88,0,0,1,0,0,0,0,0,0,0,0,0,0,0,0,0
1,5,1,31,99,0,0,1,0,0,0,0,0,0,0,0,0,0,0,0,0
1,4,0,13,89,0,0,1,0,0,0,0,0,0,0,0,0,0,0,0,0
0,4,1,12,86,0,0,1,0,0,0,0,0,0,0,0,0,0,0,0,0
1,3,0,28,93,0,0,0,0,0,0,0,0,1,0,0,0,0,0,0,0
1,8,0,35,88,1,0,0,0,0,0,0,0,0,0,0,0,0,0,0,0
1,6,0,0,100,0,0,0,1,0,0,0,0,0,0,0,0,0,0,0,0
0,3,0,16,79,0,0,0,0,0,0,0,0,0,0,0,0,0,0,1,0
0,2,0,26,96,0,0,0,0,0,0,0,0,1,0,0,0,0,0,0,0
1,2,0,14,74,0,0,0,0,0,0,0,0,0,0,0,1,0,0,0,0
0,6,0,3,91,0,0,0,1,0,0,0,0,0,0,0,0,0,0,0,0
0,1,0,24,81,1,0,0,0,0,0,0,0,0,0,0,0,0,0,0,0
0,2,0,20,68,0,0,0,0,0,0,0,0,0,0,0,0,0,0,1,0
0,0,0,35,87,1,0,0,0,0,0,0,0,0,0,0,0,0,0,0,0
0,0,0,29,71,0,0,0,0,0,1,0,0,0,0,0,0,0,0,0,0
0,1,0,14,79,0,0,0,0,0,0,0,0,0,0,0,0,0,1,0,0
0,2,1,16,100,0,0,0,0,0,0,0,0,0,0,0,0,0,0,0,1
0,4,0,2,66,0,0,0,0,0,0,0,0,0,0,0,0,0,0,1,0
0,0,0,29,69,0,0,0,0,0,0,0,0,0,0,0,1,0,0,0,0
0,0,0,15,84,0,0,0,0,0,0,0,0,0,0,0,0,0,1,0,0
0,1,0,31,91,1,0,0,0,0,0,0,0,0,0,0,0,0,0,0,0
0,7,0,30,73,0,0,0,0,0,1,0,0,0,0,0,0,0,0,0,0
0,3,0,17,95,0,0,0,0,0,0,0,0,0,0,0,0,0,1,0,0
1,2,0,10,71,0,0,0,0,0,0,0,1,0,0,0,0,0,0,0,0
0,2,0,22,72,0,0,0,0,0,0,0,0,0,0,0,0,0,0,0,1
0,2,0,11,98,0,0,0,0,0,0,0,0,0,0,0,0,0,0,1,0
0,3,0,35,95,0,0,0,0,0,0,0,0,0,0,0,1,0,0,0,0
0,9,0,5,64,0,0,0,1,0,0,0,0,0,0,0,0,0,0,0,0
0,2,0,3,68,0,0,0,0,1,0,0,0,0,0,0,0,0,0,0,0
0,1,0,1,99,0,0,0,0,0,0,0,0,0,1,0,0,0,0,0,0
0,1,0,32,86,0,0,0,0,0,0,0,0,0,0,0,1,0,0,0,0
0,9,0,26,83,0,0,0,0,0,0,0,0,1,0,0,0,0,0,0,0
1,7,0,34,82,0,0,0,0,0,0,0,0,1,0,0,0,0,0,0,0
0,7,0,15,91,0,0,0,0,1,0,0,0,0,0,0,0,0,0,0,0
0,0,0,34,98,0,0,0,0,0,0,0,0,0,0,0,1,0,0,0,0
0,6,0,27,94,0,0,0,0,0,0,0,0,0,0,0,0,1,0,0,0
0,1,0,5,69,0,0,0,0,0,0,1,0,0,0,0,0,0,0,0,0
0,2,1,31,62,0,0,0,0,0,0,0,0,0,0,1,0,0,0,0,0
0,6,0,0,79,0,1,0,0,0,0,0,0,0,0,0,0,0,0,0,0
1,7,0,1,68,0,0,0,1,0,0,0,0,0,0,0,0,0,0,0,0
0,1,0,6,88,0,0,0,0,1,0,0,0,0,0,0,0,0,0,0,0
0,1,0,1,63,0,1,0,0,0,0,0,0,0,0,0,0,0,0,0,0
0,2,0,13,67,0,0,1,0,0,0,0,0,0,0,0,0,0,0,0,0
1,8,0,3,76,0,0,0,1,0,0,0,0,0,0,0,0,0,0,0,0
1,2,0,29,69,0,0,0,0,1,0,0,0,0,0,0,0,0,0,0,0
0,0,1,11,75,0,0,0,0,0,0,0,1,0,0,0,0,0,0,0,0
0,1,0,13,84,1,0,0,0,0,0,0,0,0,0,0,0,0,0,0,0
0,5,0,33,98,0,0,0,0,0,0,0,0,0,0,0,1,0,0,0,0
0,7,0,31,81,0,0,0,0,0,0,0,0,0,0,1,0,0,0,0,0
1,7,0,3,59,0,0,0,1,0,0,0,0,0,0,0,0,0,0,0,0
1,5,1,1,51,0,0,0,1,0,0,0,0,0,0,0,0,0,0,0,0
0,0,1,8,81,0,0,0,0,0,0,0,0,0,0,0,0,0,0,1,0
0,2,0,18,81,1,0,0,0,0,0,0,0,0,0,0,0,0,0,0,0
0,6,1,4,100,0,0,0,0,0,0,1,0,0,0,0,0,0,0,0,0
0,1,0,10,72,0,0,0,0,0,0,0,0,0,0,0,0,0,0,1,0
0,2,0,32,64,0,0,1,0,0,0,0,0,0,0,0,0,0,0,0,0
0,1,0,32,84,0,0,0,0,0,0,0,0,1,0,0,0,0,0,0,0
0,8,0,2,69,0,0,0,1,0,0,0,0,0,0,0,0,0,0,0,0
0,3,0,27,80,0,0,0,0,0,0,0,0,0,0,0,0,0,0,1,0
0,5,0,10,63,0,0,0,0,0,0,0,0,0,0,0,0,0,1,0,0
0,5,0,40,100,0,0,0,0,0,1,0,0,0,0,0,0,0,0,0,0
0,0,0,8,72,0,0,0,0,0,0,0,0,0,1,0,0,0,0,0,0
0,2,0,22,86,0,0,0,0,0,0,0,0,0,0,0,0,0,0,1,0
0,3,0,21,67,0,0,0,0,0,0,0,0,0,0,0,0,0,0,1,0
0,3,1,35,99,0,0,1,0,0,0,0,0,0,0,0,0,0,0,0,0
0,4,1,14,100,0,0,0,0,0,0,0,0,0,0,0,0,0,1,0,0
0,1,1,29,63,0,0,0,0,0,0,0,0,0,0,0,1,0,0,0,0
1,3,0,20,75,1,0,0,0,0,0,0,0,0,0,0,0,0,0,0,0
0,3,1,24,75,0,0,0,0,0,0,0,0,0,0,0,1,0,0,0,0
0,3,1,27,94,0,0,0,0,0,0,0,0,0,0,0,1,0,0,0,0
0,3,0,31,85,0,0,0,0,0,0,0,0,0,0,0,1,0,0,0,0
0,4,0,27,84,0,0,0,0,0,0,0,0,1,0,0,0,0,0,0,0
0,2,0,35,96,0,0,0,0,0,0,0,0,0,0,1,0,0,0,0,0
0,9,0,10,88,0,0,1,0,0,0,0,0,0,0,0,0,0,0,0,0
0,7,0,15,67,1,0,0,0,0,0,0,0,0,0,0,0,0,0,0,0
0,1,0,20,99,0,0,0,0,0,0,0,0,0,0,0,1,0,0,0,0
0,1,0,27,82,0,0,1,0,0,0,0,0,0,0,0,0,0,0,0,0
0,1,1,2,71,0,1,0,0,0,0,0,0,0,0,0,0,0,0,0,0
0,5,0,9,88,0,0,0,0,1,0,0,0,0,0,0,0,0,0,0,0
0,5,0,12,95,0,0,0,0,1,0,0,0,0,0,0,0,0,0,0,0
0,3,0,0,65,0,1,0,0,0,0,0,0,0,0,0,0,0,0,0,0
0,2,0,3,69,0,0,0,0,0,0,0,1,0,0,0,0,0,0,0,0
0,4,0,20,62,0,0,0,0,0,0,0,0,0,0,0,1,0,0,0,0
0,1,0,9,72,0,0,0,0,0,0,0,0,0,0,0,0,0,0,1,0
0,5,0,32,90,0,0,0,0,0,0,0,0,0,0,0,1,0,0,0,0
1,1,0,2,66,0,0,0,0,0,0,1,0,0,0,0,0,0,0,0,0
0,6,0,19,85,0,0,1,0,0,0,0,0,0,0,0,0,0,0,0,0
0,4,0,22,94,1,0,0,0,0,0,0,0,0,0,0,0,0,0,0,0
1,4,0,5,93,0,0,0,1,0,0,0,0,0,0,0,0,0,0,0,0
0,3,1,5,100,0,0,0,0,0,0,0,0,0,1,0,0,0,0,0,0
0,2,0,8,99,0,0,0,0,0,0,0,0,0,0,0,0,0,0,1,0
0,0,0,34,74,0,0,0,0,0,0,0,0,0,0,0,1,0,0,0,0
1,7,0,1,84,0,0,0,1,0,0,0,0,0,0,0,0,0,0,0,0
0,1,1,28,92,0,0,0,0,0,0,0,0,1,0,0,0,0,0,0,0
0,1,0,26,69,0,0,0,0,0,0,0,0,0,0,0,1,0,0,0,0
0,3,0,30,67,0,0,0,0,0,0,0,0,0,0,0,0,0,0,1,0
1,7,0,2,98,0,0,0,1,0,0,0,0,0,0,0,0,0,0,0,0
0,5,0,42,89,0,0,0,0,0,1,0,0,0,0,0,0,0,0,0,0
0,6,0,24,87,1,0,0,0,0,0,0,0,0,0,0,0,0,0,0,0
0,1,0,0,96,0,0,0,0,0,0,0,0,0,1,0,0,0,0,0,0
0,3,0,4,91,0,0,0,0,0,0,0,0,0,1,0,0,0,0,0,0
0,3,0,25,100,0,0,0,0,0,0,0,0,0,0,0,1,0,0,0,0
1,1,1,1,75,0,1,0,0,0,0,0,0,0,0,0,0,0,0,0,0
0,7,0,11,92,0,0,0,0,0,0,0,0,0,0,0,0,0,0,1,0
0,3,0,15,81,0,0,0,0,0,0,0,0,0,0,0,1,0,0,0,0
0,1,0,13,87,0,0,1,0,0,0,0,0,0,0,0,0,0,0,0,0
0,2,0,8,69,0,0,0,0,0,0,0,0,0,0,0,0,0,1,0,0
1,4,1,0,62,0,0,0,1,0,0,0,0,0,0,0,0,0,0,0,0
0,5,0,14,67,0,0,0,0,1,0,0,0,0,0,0,0,0,0,0,0
1,4,1,3,58,0,0,0,1,0,0,0,0,0,0,0,0,0,0,0,0
1,7,1,0,56,0,0,0,1,0,0,0,0,0,0,0,0,0,0,0,0
0,6,0,4,54,0,0,0,1,0,0,0,0,0,0,0,0,0,0,0,0
0,7,0,1,83,0,0,0,1,0,0,0,0,0,0,0,0,0,0,0,0
0,3,0,27,91,0,0,0,0,0,0,0,0,0,0,0,1,0,0,0,0
0,4,1,12,77,0,0,1,0,0,0,0,0,0,0,0,0,0,0,0,0
0,9,0,15,61,0,0,0,0,0,0,0,0,0,0,0,0,0,1,0,0
0,3,0,26,68,0,0,0,0,0,0,0,0,0,0,0,1,0,0,0,0
0,1,0,31,85,0,0,0,0,0,0,0,0,1,0,0,0,0,0,0,0
0,8,0,16,81,0,0,0,0,0,0,0,0,0,0,0,1,0,0,0,0
0,1,0,24,72,0,0,0,0,0,0,0,0,0,0,0,1,0,0,0,0
0,2,0,2,73,0,0,0,0,0,0,0,0,0,1,0,0,0,0,0,0
0,3,0,9,64,0,0,0,0,0,0,0,0,0,0,0,0,0,1,0,0
1,7,0,0,98,0,0,0,1,0,0,0,0,0,0,0,0,0,0,0,0
0,6,0,4,90,0,0,0,1,0,0,0,0,0,0,0,0,0,0,0,0
1,4,0,23,95,0,0,0,0,0,0,0,0,0,0,0,1,0,0,0,0
0,1,0,5,67,0,1,0,0,0,0,0,0,0,0,0,0,0,0,0,0
0,5,1,15,60,0,0,0,0,0,0,0,0,0,0,0,1,0,0,0,0
0,3,0,2,73,0,1,0,0,0,0,0,0,0,0,0,0,0,0,0,0
0,6,0,14,61,0,0,0,0,0,0,0,0,0,0,0,1,0,0,0,0
0,5,0,0,88,0,0,0,0,0,0,0,0,0,1,0,0,0,0,0,0
0,1,0,10,68,0,0,0,0,0,0,0,0,0,1,0,0,0,0,0,0
1,5,0,2,65,0,0,0,1,0,0,0,0,0,0,0,0,0,0,0,0
0,7,0,28,84,0,0,0,0,0,1,0,0,0,0,0,0,0,0,0,0
0,0,1,29,82,0,0,0,0,0,0,0,0,1,0,0,0,0,0,0,0
0,0,0,35,89,0,0,0,0,0,0,0,0,0,0,0,1,0,0,0,0
0,1,0,12,69,0,0,1,0,0,0,0,0,0,0,0,0,0,0,0,0
0,4,0,25,68,0,0,0,0,0,0,0,0,0,0,0,0,0,0,1,0
0,2,0,24,98,0,0,1,0,0,0,0,0,0,0,0,0,0,0,0,0
0,4,0,16,68,1,0,0,0,0,0,0,0,0,0,0,0,0,0,0,0
0,1,0,35,91,0,0,0,0,0,0,0,0,0,0,0,0,0,0,0,1
0,0,0,5,67,0,0,0,0,0,0,0,0,0,0,0,0,0,0,1,0
0,4,0,14,82,1,0,0,0,0,0,0,0,0,0,0,0,0,0,0,0
0,2,0,26,65,0,0,0,0,0,0,0,0,0,0,0,0,0,0,1,0
0,2,1,6,78,0,0,0,0,0,0,0,0,0,0,0,0,0,0,1,0
0,2,0,29,89,0,0,0,0,0,0,0,0,0,0,0,1,0,0,0,0
1,9,1,4,56,0,0,0,1,0,0,0,0,0,0,0,0,0,0,0,0
1,2,0,0,95,0,1,0,0,0,0,0,0,0,0,0,0,0,0,0,0
0,1,1,20,64,0,0,0,0,0,0,0,0,0,0,0,1,0,0,0,0
0,2,0,35,87,0,0,0,0,0,0,0,0,0,0,1,0,0,0,0,0
0,3,1,24,66,0,0,0,0,0,0,0,0,0,0,0,0,0,0,1,0
1,6,0,0,67,0,0,0,1,0,0,0,0,0,0,0,0,0,0,0,0
1,3,0,29,85,0,0,0,0,0,0,0,0,0,0,0,1,0,0,0,0
0,5,0,23,64,0,0,0,0,0,0,0,0,0,0,0,1,0,0,0,0
0,0,0,1,87,0,0,0,0,0,0,1,0,0,0,0,0,0,0,0,0
0,1,1,14,68,0,0,0,0,0,0,0,0,0,0,0,0,0,0,1,0
0,2,0,4,71,0,0,0,0,0,0,1,0,0,0,0,0,0,0,0,0
1,6,0,3,64,0,0,0,1,0,0,0,0,0,0,0,0,0,0,0,0
0,9,0,3,95,0,0,0,1,0,0,0,0,0,0,0,0,0,0,0,0
0,3,0,33,91,0,0,0,0,0,0,0,0,0,0,1,0,0,0,0,0
0,2,1,10,73,0,0,0,0,0,0,0,0,0,1,0,0,0,0,0,0
1,2,0,29,68,0,0,0,0,0,0,0,0,0,0,0,0,0,0,1,0
0,0,1,29,66,0,0,1,0,0,0,0,0,0,0,0,0,0,0,0,0
0,3,0,18,60,0,0,0,0,0,0,0,0,0,0,0,0,0,0,1,0
0,3,1,5,96,0,1,0,0,0,0,0,0,0,0,0,0,0,0,0,0
0,4,0,27,87,1,0,0,0,0,0,0,0,0,0,0,0,0,0,0,0
0,4,0,32,94,0,0,1,0,0,0,0,0,0,0,0,0,0,0,0,0
1,7,0,5,60,0,0,0,1,0,0,0,0,0,0,0,0,0,0,0,0
0,7,0,7,65,0,0,0,0,0,0,0,0,0,0,0,0,0,0,1,0
0,3,0,22,75,0,0,1,0,0,0,0,0,0,0,0,0,0,0,0,0
0,7,0,18,97,1,0,0,0,0,0,0,0,0,0,0,0,0,0,0,0
0,6,0,4,78,0,0,0,0,0,0,0,1,0,0,0,0,0,0,0,0
1,7,0,32,81,0,0,0,0,0,0,0,0,0,0,0,0,0,0,0,1
0,2,0,34,64,0,0,0,0,0,0,0,0,0,0,1,0,0,0,0,0
0,5,0,28,99,0,0,0,0,0,0,0,0,1,0,0,0,0,0,0,0
0,2,0,28,76,0,0,1,0,0,0,0,0,0,0,0,0,0,0,0,0
0,6,0,28,88,0,0,0,0,0,0,0,0,1,0,0,0,0,0,0,0
0,4,1,44,99,0,0,0,0,0,1,0,0,0,0,0,0,0,0,0,0
1,0,0,13,88,0,0,0,0,0,0,0,0,0,0,0,0,0,0,1,0
0,3,0,16,97,1,0,0,0,0,0,0,0,0,0,0,0,0,0,0,0
0,1,0,18,66,0,0,1,0,0,0,0,0,0,0,0,0,0,0,0,0
0,1,0,28,93,0,0,0,0,0,0,0,0,0,0,0,0,0,0,1,0
0,5,0,29,95,0,0,0,0,0,0,0,0,1,0,0,0,0,0,0,0
0,8,0,30,98,0,0,0,0,0,0,0,0,1,0,0,0,0,0,0,0
0,1,1,32,95,0,0,0,0,0,0,0,0,0,0,0,1,0,0,0,0
0,0,0,19,85,0,0,0,0,0,0,0,0,0,0,0,1,0,0,0,0
0,2,0,18,72,0,0,0,0,0,0,0,0,0,0,0,1,0,0,0,0
0,5,0,23,91,0,0,0,0,0,1,0,0,0,0,0,0,0,0,0,0
1,8,0,1,70,0,0,0,1,0,0,0,0,0,0,0,0,0,0,0,0
0,4,0,13,61,1,0,0,0,0,0,0,0,0,0,0,0,0,0,0,0
0,1,0,1,86,0,0,0,1,0,0,0,0,0,0,0,0,0,0,0,0
0,5,0,27,61,0,0,0,0,0,0,0,0,0,0,0,0,0,0,1,0
1,7,0,4,50,0,0,0,1,0,0,0,0,0,0,0,0,0,0,0,0
0,9,0,4,69,0,0,0,1,0,0,0,0,0,0,0,0,0,0,0,0
0,3,0,6,72,0,0,0,0,0,0,0,0,0,0,0,0,0,0,1,0
1,5,0,4,99,0,0,0,1,0,0,0,0,0,0,0,0,0,0,0,0
0,4,0,22,91,0,0,0,0,0,0,0,0,0,0,0,1,0,0,0,0
0,3,1,25,97,0,0,1,0,0,0,0,0,0,0,0,0,0,0,0,0
0,3,0,19,69,1,0,0,0,0,0,0,0,0,0,0,0,0,0,0,0
0,0,0,19,91,0,0,0,0,0,0,0,0,0,0,0,1,0,0,0,0
0,5,0,1,81,0,0,0,0,0,0,1,0,0,0,0,0,0,0,0,0
0,1,0,31,78,0,0,0,0,0,0,0,0,0,0,1,0,0,0,0,0
0,6,1,32,92,0,0,0,0,0,0,0,0,1,0,0,0,0,0,0,0
0,5,0,33,62,0,0,0,0,0,0,0,0,0,0,0,1,0,0,0,0
0,0,0,11,85,0,0,0,0,0,0,0,0,0,0,0,0,0,1,0,0
0,0,0,33,99,1,0,0,0,0,0,0,0,0,0,0,0,0,0,0,0
0,3,0,10,64,0,0,0,0,0,0,0,0,0,0,0,0,0,1,0,0
0,3,0,38,88,0,0,0,0,0,1,0,0,0,0,0,0,0,0,0,0
0,3,1,35,87,0,0,0,0,0,0,0,0,0,0,0,0,0,0,1,0
0,6,0,5,99,0,0,0,0,0,0,0,0,0,0,0,0,0,0,1,0
1,1,1,15,87,0,0,1,0,0,0,0,0,0,0,0,0,0,0,0,0
0,3,0,28,96,0,0,0,0,0,1,0,0,0,0,0,0,0,0,0,0
0,1,0,5,77,0,0,0,0,0,0,0,0,0,1,0,0,0,0,0,0
0,8,1,28,69,0,0,1,0,0,0,0,0,0,0,0,0,0,0,0,0
0,2,0,29,96,0,0,0,0,0,0,0,0,0,0,0,0,0,0,1,0
0,3,1,14,100,1,0,0,0,0,0,0,0,0,0,0,0,0,0,0,0
0,4,0,14,99,0,0,0,0,0,0,0,0,0,0,0,0,0,1,0,0
0,4,1,11,61,0,0,0,0,1,0,0,0,0,0,0,0,0,0,0,0
0,3,0,28,99,0,0,0,0,0,0,0,0,1,0,0,0,0,0,0,0
0,1,0,31,98,0,0,0,0,0,0,0,0,0,0,0,0,0,0,0,1
1,6,0,2,71,0,0,0,1,0,0,0,0,0,0,0,0,0,0,0,0
0,0,0,32,93,1,0,0,0,0,0,0,0,0,0,0,0,0,0,0,0
0,3,0,3,75,0,0,0,0,0,0,0,0,0,1,0,0,0,0,0,0
1,1,0,33,79,1,0,0,0,0,0,0,0,0,0,0,0,0,0,0,0
0,3,0,4,71,0,0,0,1,0,0,0,0,0,0,0,0,0,0,0,0
1,4,0,0,86,0,0,0,1,0,0,0,0,0,0,0,0,0,0,0,0
0,2,0,10,83,0,0,0,0,0,0,0,0,0,0,0,0,1,0,0,0
0,8,0,11,66,0,0,1,0,0,0,0,0,0,0,0,0,0,0,0,0
0,2,1,29,83,0,0,0,0,0,0,0,0,0,0,0,1,0,0,0,0
0,1,0,25,98,0,0,0,0,0,0,0,0,0,0,0,1,0,0,0,0
0,0,0,15,64,0,0,0,0,0,0,0,0,0,0,0,0,0,1,0,0
1,3,1,0,62,0,1,0,0,0,0,0,0,0,0,0,0,0,0,0,0
1,5,0,4,74,0,0,0,1,0,0,0,0,0,0,0,0,0,0,0,0
0,5,0,34,66,1,0,0,0,0,0,0,0,0,0,0,0,0,0,0,0
0,7,0,8,90,0,0,0,0,0,0,0,1,0,0,0,0,0,0,0,0
0,1,1,3,70,0,0,0,0,0,0,0,0,0,0,0,0,0,0,1,0
1,9,0,4,89,0,0,0,1,0,0,0,0,0,0,0,0,0,0,0,0
0,1,0,2,100,0,1,0,0,0,0,0,0,0,0,0,0,0,0,0,0
0,4,0,4,80,0,1,0,0,0,0,0,0,0,0,0,0,0,0,0,0
0,7,0,49,98,0,0,0,0,0,1,0,0,0,0,0,0,0,0,0,0
0,3,0,12,68,0,0,0,0,0,0,0,0,0,0,0,0,0,1,0,0
0,6,0,9,93,0,0,0,0,0,0,0,1,0,0,0,0,0,0,0,0
0,3,0,38,92,0,0,0,0,0,1,0,0,0,0,0,0,0,0,0,0
0,4,0,7,63,0,0,0,0,0,0,0,0,0,0,0,0,1,0,0,0
0,3,1,30,78,0,0,0,0,0,0,0,0,0,0,0,1,0,0,0,0
0,3,1,11,66,0,0,0,0,0,0,0,0,0,0,0,0,0,0,1,0
0,7,0,4,81,0,0,0,1,0,0,0,0,0,0,0,0,0,0,0,0
0,9,1,6,94,0,0,0,0,0,0,0,0,0,1,0,0,0,0,0,0
0,1,0,1,60,0,0,0,0,0,0,0,0,0,1,0,0,0,0,0,0
0,7,0,21,62,0,0,0,0,0,0,0,0,0,0,0,0,1,0,0,0
0,3,0,35,89,0,0,0,0,0,1,0,0,0,0,0,0,0,0,0,0
0,0,0,33,83,0,0,0,0,0,0,0,0,1,0,0,0,0,0,0,0
0,6,0,4,74,0,0,0,0,0,0,0,0,0,1,0,0,0,0,0,0
0,5,0,7,99,0,0,0,0,0,0,0,1,0,0,0,0,0,0,0,0
0,2,0,34,71,0,0,0,0,0,0,0,0,0,0,0,0,1,0,0,0
1,2,0,17,90,0,0,0,0,0,0,0,0,0,0,0,1,0,0,0,0
0,2,1,9,94,0,0,0,0,0,0,0,0,0,1,0,0,0,0,0,0
0,2,0,3,66,0,0,0,0,0,0,0,0,0,1,0,0,0,0,0,0
0,5,0,28,77,0,0,1,0,0,0,0,0,0,0,0,0,0,0,0,0
0,5,0,28,78,0,0,0,0,0,0,0,0,0,0,0,0,1,0,0,0
0,2,0,26,67,0,0,0,0,0,1,0,0,0,0,0,0,0,0,0,0
0,3,0,15,89,0,0,0,0,0,0,0,0,0,0,0,0,0,1,0,0
0,3,0,33,75,0,0,0,0,0,0,0,0,0,0,0,0,0,0,1,0
0,3,1,31,83,0,0,0,0,0,0,0,0,0,0,0,0,0,0,0,1
0,1,0,26,64,0,0,0,0,0,0,0,0,0,0,0,0,0,0,1,0
0,9,0,3,88,0,0,0,1,0,0,0,0,0,0,0,0,0,0,0,0
1,3,0,24,67,0,0,0,0,0,1,0,0,0,0,0,0,0,0,0,0
0,1,1,28,66,0,0,1,0,0,0,0,0,0,0,0,0,0,0,0,0
1,9,1,5,79,0,0,0,1,0,0,0,0,0,0,0,0,0,0,0,0
0,2,0,12,82,0,0,0,0,0,0,0,0,0,0,0,0,0,1,0,0
0,4,0,26,91,0,0,0,0,0,0,0,0,1,0,0,0,0,0,0,0
0,4,0,18,80,1,0,0,0,0,0,0,0,0,0,0,0,0,0,0,0
0,5,0,31,98,1,0,0,0,0,0,0,0,0,0,0,0,0,0,0,0
0,1,0,17,88,0,0,0,0,0,0,0,0,0,0,0,0,0,1,0,0
0,2,1,23,82,0,0,0,0,0,0,0,0,0,0,0,1,0,0,0,0
0,0,0,13,67,0,0,0,0,1,0,0,0,0,0,0,0,0,0,0,0
0,3,0,35,85,0,0,0,0,0,0,0,0,0,0,0,0,0,0,1,0
0,5,0,35,89,0,0,0,0,1,0,0,0,0,0,0,0,0,0,0,0
0,1,0,22,98,0,0,0,0,0,1,0,0,0,0,0,0,0,0,0,0
0,1,0,16,83,0,0,0,0,0,0,0,0,0,0,0,0,0,1,0,0
0,3,1,21,77,0,0,0,0,0,0,0,0,0,0,0,0,0,0,0,1
0,6,0,24,64,1,0,0,0,0,0,0,0,0,0,0,0,0,0,0,0
0,5,0,3,67,0,1,0,0,0,0,0,0,0,0,0,0,0,0,0,0
0,2,0,34,80,0,0,0,0,0,0,0,0,0,0,0,1,0,0,0,0
0,6,1,2,89,0,0,0,1,0,0,0,0,0,0,0,0,0,0,0,0
0,2,0,17,97,0,0,0,0,0,0,0,0,0,0,0,1,0,0,0,0
0,3,1,27,72,0,0,0,0,0,0,0,0,0,0,0,0,0,0,1,0
1,4,1,24,68,0,0,0,0,0,0,0,0,0,0,0,0,1,0,0,0
0,1,0,24,100,0,0,0,0,0,0,0,0,1,0,0,0,0,0,0,0
0,4,0,0,73,0,0,0,1,0,0,0,0,0,0,0,0,0,0,0,0
0,2,0,21,76,0,0,0,0,0,0,0,0,0,0,0,1,0,0,0,0
0,1,0,5,72,0,0,0,0,0,0,1,0,0,0,0,0,0,0,0,0
0,4,0,8,90,0,0,0,0,0,0,0,1,0,0,0,0,0,0,0,0
0,0,0,1,66,0,0,0,0,0,0,1,0,0,0,0,0,0,0,0,0
1,9,1,5,72,0,0,0,1,0,0,0,0,0,0,0,0,0,0,0,0
1,1,1,26,100,0,0,1,0,0,0,0,0,0,0,0,0,0,0,0,0
0,2,0,24,66,0,0,1,0,0,0,0,0,0,0,0,0,0,0,0,0
0,5,0,24,100,0,0,1,0,0,0,0,0,0,0,0,0,0,0,0,0
0,2,0,15,65,0,0,1,0,0,0,0,0,0,0,0,0,0,0,0,0
0,5,0,32,62,0,0,1,0,0,0,0,0,0,0,0,0,0,0,0,0
0,3,0,26,83,1,0,0,0,0,0,0,0,0,0,0,0,0,0,0,0
1,2,1,20,74,0,0,0,0,0,0,0,0,0,0,0,0,1,0,0,0
0,5,0,5,94,0,1,0,0,0,0,0,0,0,0,0,0,0,0,0,0
0,2,0,34,74,0,0,1,0,0,0,0,0,0,0,0,0,0,0,0,0
0,6,0,34,75,0,0,0,0,0,0,0,0,0,0,0,0,0,0,0,1
0,4,0,27,63,1,0,0,0,0,0,0,0,0,0,0,0,0,0,0,0
1,3,0,12,67,0,0,0,0,0,0,0,0,0,0,0,0,0,1,0,0
1,3,0,4,63,0,0,0,0,0,0,1,0,0,0,0,0,0,0,0,0
0,4,0,18,80,1,0,0,0,0,0,0,0,0,0,0,0,0,0,0,0
0,0,0,29,92,0,0,0,0,0,0,0,0,1,0,0,0,0,0,0,0
0,1,0,13,77,0,0,0,0,0,0,0,0,0,0,0,0,0,0,0,1
0,6,0,15,67,0,0,0,0,0,0,0,0,0,0,0,1,0,0,0,0
0,3,0,27,88,1,0,0,0,0,0,0,0,0,0,0,0,0,0,0,0
0,5,1,24,85,1,0,0,0,0,0,0,0,0,0,0,0,0,0,0,0
0,6,0,27,72,0,0,1,0,0,0,0,0,0,0,0,0,0,0,0,0
0,2,0,25,63,1,0,0,0,0,0,0,0,0,0,0,0,0,0,0,0
0,5,0,14,72,0,0,1,0,0,0,0,0,0,0,0,0,0,0,0,0
0,7,0,5,79,0,0,0,1,0,0,0,0,0,0,0,0,0,0,0,0
0,7,1,5,51,0,0,0,1,0,0,0,0,0,0,0,0,0,0,0,0
0,8,0,4,91,0,0,0,1,0,0,0,0,0,0,0,0,0,0,0,0
0,1,1,29,93,1,0,0,0,0,0,0,0,0,0,0,0,0,0,0,0
0,2,0,16,62,0,0,0,0,0,0,0,0,0,0,0,0,0,1,0,0
1,3,0,28,98,0,0,0,0,0,0,0,0,0,0,0,1,0,0,0,0
0,7,0,31,94,0,0,0,0,0,0,0,0,1,0,0,0,0,0,0,0
0,9,0,5,60,0,0,0,1,0,0,0,0,0,0,0,0,0,0,0,0
0,7,0,0,67,0,0,0,1,0,0,0,0,0,0,0,0,0,0,0,0
0,6,1,19,78,0,0,0,0,0,0,0,0,0,0,0,1,0,0,0,0
0,2,0,26,79,1,0,0,0,0,0,0,0,0,0,0,0,0,0,0,0
0,1,0,3,67,0,1,0,0,0,0,0,0,0,0,0,0,0,0,0,0
0,5,0,24,82,0,0,0,0,0,1,0,0,0,0,0,0,0,0,0,0
0,5,0,1,62,0,1,0,0,0,0,0,0,0,0,0,0,0,0,0,0
0,1,0,25,87,0,0,0,0,0,0,0,0,0,0,0,1,0,0,0,0
0,3,1,14,61,0,0,0,0,0,0,0,0,0,0,0,0,0,1,0,0
0,2,1,9,81,0,0,0,0,0,0,0,0,0,1,0,0,0,0,0,0
0,1,0,8,67,0,0,0,0,0,0,0,0,0,0,0,0,0,1,0,0
0,3,0,11,82,0,0,1,0,0,0,0,0,0,0,0,0,0,0,0,0
0,2,0,21,98,0,0,0,0,0,0,0,0,0,0,0,0,0,0,1,0
0,1,0,28,64,0,0,0,0,0,0,0,0,0,0,0,0,0,0,1,0
1,9,0,4,100,0,0,0,1,0,0,0,0,0,0,0,0,0,0,0,0
0,1,0,33,85,0,0,0,0,0,0,0,0,1,0,0,0,0,0,0,0
1,5,0,3,63,0,0,0,1,0,0,0,0,0,0,0,0,0,0,0,0
0,1,0,15,95,0,0,1,0,0,0,0,0,0,0,0,0,0,0,0,0
0,2,0,23,75,0,0,0,0,0,0,0,0,0,0,0,1,0,0,0,0
0,2,0,32,64,0,0,0,0,0,0,0,0,0,0,1,0,0,0,0,0
0,5,0,9,87,0,0,0,0,0,0,0,0,0,0,0,0,0,1,0,0
0,3,0,16,84,0,0,0,0,0,0,0,0,0,0,0,1,0,0,0,0
0,3,1,5,69,0,1,0,0,0,0,0,0,0,0,0,0,0,0,0,0
0,2,0,28,79,0,0,0,0,0,0,0,0,0,0,0,1,0,0,0,0
1,2,0,13,89,0,0,1,0,0,0,0,0,0,0,0,0,0,0,0,0
0,5,0,26,84,0,0,1,0,0,0,0,0,0,0,0,0,0,0,0,0
0,3,0,4,66,0,0,0,1,0,0,0,0,0,0,0,0,0,0,0,0
0,6,1,14,92,0,0,0,0,0,0,0,0,0,0,0,1,0,0,0,0
0,3,0,34,86,0,0,0,0,0,0,0,0,1,0,0,0,0,0,0,0
0,4,0,30,85,0,0,1,0,0,0,0,0,0,0,0,0,0,0,0,0
0,1,0,15,98,0,0,0,0,0,0,0,0,0,0,0,0,0,1,0,0
0,2,0,5,71,0,0,0,0,0,0,0,0,0,1,0,0,0,0,0,0
1,1,0,28,76,0,0,0,0,0,1,0,0,0,0,0,0,0,0,0,0
1,9,0,1,58,0,0,0,1,0,0,0,0,0,0,0,0,0,0,0,0
0,2,0,22,73,0,0,0,0,0,1,0,0,0,0,0,0,0,0,0,0
1,1,0,0,85,0,0,0,1,0,0,0,0,0,0,0,0,0,0,0,0
0,0,0,20,66,1,0,0,0,0,0,0,0,0,0,0,0,0,0,0,0
0,1,0,35,96,0,0,0,0,1,0,0,0,0,0,0,0,0,0,0,0
0,2,0,3,70,0,0,0,1,0,0,0,0,0,0,0,0,0,0,0,0
0,1,0,27,91,0,0,0,0,0,0,0,0,0,0,0,0,0,0,1,0
0,2,1,19,73,0,0,0,0,0,0,0,0,0,0,0,1,0,0,0,0
0,2,0,9,65,0,0,0,0,0,0,0,0,0,0,0,0,0,1,0,0
0,1,0,28,96,0,0,0,0,0,0,0,0,0,0,0,1,0,0,0,0
1,1,0,35,94,0,0,1,0,0,0,0,0,0,0,0,0,0,0,0,0
1,2,0,35,91,0,0,0,0,0,0,0,0,0,0,0,1,0,0,0,0
0,3,0,26,64,0,0,0,0,1,0,0,0,0,0,0,0,0,0,0,0
0,4,0,26,78,0,0,1,0,0,0,0,0,0,0,0,0,0,0,0,0
0,5,1,3,77,0,0,0,0,0,0,0,0,0,1,0,0,0,0,0,0
0,1,0,22,81,0,0,0,0,0,0,0,0,0,0,0,0,0,0,1,0
0,2,0,23,90,0,0,0,0,1,0,0,0,0,0,0,0,0,0,0,0
0,1,0,26,77,0,0,1,0,0,0,0,0,0,0,0,0,0,0,0,0
0,4,0,1,71,0,0,0,0,0,0,0,0,0,1,0,0,0,0,0,0
0,2,0,7,78,0,0,0,0,0,0,0,0,0,0,0,0,0,1,0,0
0,1,1,4,84,0,0,0,0,0,0,0,0,0,1,0,0,0,0,0,0
0,4,0,5,66,0,0,0,0,0,0,0,0,0,0,0,0,0,0,1,0
0,3,0,49,90,0,0,0,0,0,1,0,0,0,0,0,0,0,0,0,0
1,5,1,10,70,0,0,0,0,1,0,0,0,0,0,0,0,0,0,0,0
0,1,0,13,76,0,0,0,0,0,0,0,1,0,0,0,0,0,0,0,0
0,6,1,25,60,0,0,1,0,0,0,0,0,0,0,0,0,0,0,0,0
0,2,0,35,90,0,0,0,0,0,0,0,0,1,0,0,0,0,0,0,0
0,4,0,13,87,0,0,0,0,0,0,0,0,0,0,0,0,0,1,0,0
0,2,0,20,93,0,0,0,0,0,0,0,0,0,0,0,0,0,0,1,0
0,2,1,18,75,0,0,0,0,0,0,0,0,0,0,0,0,0,1,0,0
0,0,0,10,86,0,0,0,0,0,0,0,0,0,1,0,0,0,0,0,0
0,4,1,4,100,0,1,0,0,0,0,0,0,0,0,0,0,0,0,0,0
0,3,0,15,73,0,0,0,0,0,0,0,0,0,0,0,0,0,1,0,0
0,1,1,16,79,0,0,1,0,0,0,0,0,0,0,0,0,0,0,0,0
0,1,1,26,85,0,0,0,0,0,0,0,0,0,0,0,1,0,0,0,0
0,5,0,24,75,0,0,0,0,0,1,0,0,0,0,0,0,0,0,0,0
0,3,1,20,77,0,0,0,0,0,0,0,0,0,0,0,1,0,0,0,0
1,5,1,1,61,0,0,0,1,0,0,0,0,0,0,0,0,0,0,0,0
0,2,0,5,93,0,0,0,1,0,0,0,0,0,0,0,0,0,0,0,0
0,1,1,27,92,0,0,0,0,0,0,0,0,0,0,0,1,0,0,0,0
1,9,0,4,57,0,0,0,1,0,0,0,0,0,0,0,0,0,0,0,0
1,8,1,4,96,0,0,0,1,0,0,0,0,0,0,0,0,0,0,0,0
0,3,0,31,63,0,0,0,0,0,0,0,0,0,0,0,0,1,0,0,0
0,3,0,15,76,0,0,1,0,0,0,0,0,0,0,0,0,0,0,0,0
1,0,0,27,97,0,0,0,0,0,0,0,0,0,0,0,1,0,0,0,0
0,3,1,5,93,0,0,0,0,0,0,0,0,0,1,0,0,0,0,0,0
0,9,0,21,73,0,0,1,0,0,0,0,0,0,0,0,0,0,0,0,0
0,2,0,13,94,0,0,0,0,0,0,0,0,0,0,0,0,0,1,0,0
0,7,0,10,76,0,0,0,0,0,0,0,0,0,0,0,0,0,0,1,0
0,4,0,25,94,0,0,0,0,0,0,0,0,0,0,0,1,0,0,0,0
0,4,0,13,92,0,0,0,0,0,0,0,0,0,0,0,0,0,0,1,0
0,4,0,1,100,0,0,0,0,0,0,0,0,0,1,0,0,0,0,0,0
1,2,0,11,65,0,0,0,0,0,0,0,0,0,0,0,0,1,0,0,0
0,1,0,26,100,0,0,0,0,0,0,0,0,1,0,0,0,0,0,0,0
0,0,0,12,75,0,0,0,0,0,0,0,0,0,0,0,0,0,1,0,0
0,5,0,28,99,1,0,0,0,0,0,0,0,0,0,0,0,0,0,0,0
0,1,0,34,93,0,0,0,0,0,0,0,0,0,0,0,0,0,0,1,0
0,6,0,17,64,0,0,0,0,0,0,0,0,0,0,0,1,0,0,0,0
0,2,0,31,74,0,0,0,0,0,0,0,0,0,0,0,1,0,0,0,0
0,7,0,14,74,0,0,0,0,0,0,0,0,0,0,0,1,0,0,0,0
0,2,0,2,60,0,0,0,0,0,0,1,0,0,0,0,0,0,0,0,0
0,2,0,2,87,0,1,0,0,0,0,0,0,0,0,0,0,0,0,0,0
0,1,0,5,86,0,1,0,0,0,0,0,0,0,0,0,0,0,0,0,0
0,3,0,23,69,0,0,1,0,0,0,0,0,0,0,0,0,0,0,0,0
0,6,0,3,61,0,0,0,1,0,0,0,0,0,0,0,0,0,0,0,0
0,4,0,21,74,0,0,0,0,0,0,0,0,0,0,0,1,0,0,0,0
0,0,0,25,87,0,0,0,0,0,0,0,0,1,0,0,0,0,0,0,0
0,3,0,10,68,0,0,0,0,0,0,0,1,0,0,0,0,0,0,0,0
0,2,0,7,73,0,0,0,0,0,0,0,0,0,0,0,0,0,0,1,0
0,4,0,2,68,0,0,0,0,0,0,0,0,0,0,0,0,0,0,1,0
0,6,0,15,99,1,0,0,0,0,0,0,0,0,0,0,0,0,0,0,0
0,4,0,2,93,0,0,0,0,0,0,0,0,0,0,0,0,0,0,1,0
0,5,0,35,86,0,0,1,0,0,0,0,0,0,0,0,0,0,0,0,0
0,5,0,32,83,0,0,0,0,0,0,0,0,0,0,0,1,0,0,0,0
1,4,0,24,98,0,0,0,0,0,0,0,0,0,0,0,1,0,0,0,0
0,7,0,3,97,0,0,0,0,0,0,1,0,0,0,0,0,0,0,0,0
0,5,0,31,68,0,0,0,0,1,0,0,0,0,0,0,0,0,0,0,0
0,1,0,17,100,0,0,1,0,0,0,0,0,0,0,0,0,0,0,0,0
1,4,0,0,51,0,0,0,1,0,0,0,0,0,0,0,0,0,0,0,0
1,5,0,4,61,0,0,0,1,0,0,0,0,0,0,0,0,0,0,0,0
0,7,0,12,84,0,0,0,0,0,0,0,0,0,0,0,0,0,0,1,0
1,2,0,48,97,0,0,0,0,0,1,0,0,0,0,0,0,0,0,0,0
0,1,1,31,93,0,0,1,0,0,0,0,0,0,0,0,0,0,0,0,0
1,9,0,19,99,1,0,0,0,0,0,0,0,0,0,0,0,0,0,0,0
0,0,0,17,92,0,0,0,0,0,0,0,0,0,0,0,1,0,0,0,0
0,2,0,11,75,0,0,0,0,0,0,0,0,0,0,0,0,0,1,0,0
1,2,1,32,99,0,0,0,0,0,1,0,0,0,0,0,0,0,0,0,0
0,8,0,14,75,0,0,1,0,0,0,0,0,0,0,0,0,0,0,0,0
0,2,1,13,87,0,0,0,0,0,0,0,0,0,0,0,0,0,0,1,0
0,5,0,32,90,0,0,0,0,0,0,0,0,1,0,0,0,0,0,0,0
1,6,0,0,50,0,0,0,1,0,0,0,0,0,0,0,0,0,0,0,0
0,6,0,34,75,1,0,0,0,0,0,0,0,0,0,0,0,0,0,0,0
0,3,0,5,66,0,0,0,0,0,0,1,0,0,0,0,0,0,0,0,0
0,7,0,20,67,0,0,0,0,1,0,0,0,0,0,0,0,0,0,0,0
0,9,0,2,71,0,0,0,1,0,0,0,0,0,0,0,0,0,0,0,0
0,3,1,1,80,0,0,0,0,0,0,0,0,0,1,0,0,0,0,0,0
0,5,0,35,86,0,0,0,0,0,0,0,0,1,0,0,0,0,0,0,0
1,3,0,2,78,0,0,0,1,0,0,0,0,0,0,0,0,0,0,0,0
0,7,0,5,68,0,0,0,1,0,0,0,0,0,0,0,0,0,0,0,0
0,3,0,24,69,0,0,0,0,0,0,0,0,0,0,0,1,0,0,0,0
0,0,0,5,100,0,1,0,0,0,0,0,0,0,0,0,0,0,0,0,0
0,6,0,3,66,0,0,0,0,0,0,1,0,0,0,0,0,0,0,0,0
0,1,0,33,82,0,0,0,0,0,0,0,0,1,0,0,0,0,0,0,0
1,5,0,32,61,0,0,1,0,0,0,0,0,0,0,0,0,0,0,0,0
0,4,0,6,88,0,0,0,0,0,0,0,0,0,0,0,0,0,0,1,0
0,7,0,1,96,0,0,0,1,0,0,0,0,0,0,0,0,0,0,0,0
0,1,1,21,93,0,0,1,0,0,0,0,0,0,0,0,0,0,0,0,0
0,4,0,31,95,0,0,0,0,0,0,0,0,1,0,0,0,0,0,0,0
0,6,0,5,61,0,0,0,0,0,0,0,0,0,1,0,0,0,0,0,0
0,2,0,22,93,0,0,0,0,0,0,0,0,0,0,0,0,1,0,0,0
0,8,1,1,98,0,0,0,1,0,0,0,0,0,0,0,0,0,0,0,0
0,5,0,26,92,0,0,0,0,0,1,0,0,0,0,0,0,0,0,0,0
0,4,1,18,72,0,0,0,0,0,0,0,0,0,0,0,0,0,0,1,0
0,5,0,24,75,0,0,0,0,0,0,0,0,0,0,0,1,0,0,0,0
0,1,1,19,96,0,0,0,0,0,0,0,0,0,0,0,0,0,0,1,0
0,2,0,29,90,0,0,0,0,0,0,0,0,0,0,0,1,0,0,0,0
0,5,0,4,61,0,1,0,0,0,0,0,0,0,0,0,0,0,0,0,0
0,4,0,15,77,0,0,0,0,0,0,0,0,0,0,0,1,0,0,0,0
0,5,0,32,91,0,0,0,0,0,0,0,0,0,0,0,1,0,0,0,0
0,4,1,29,80,0,0,0,0,0,0,0,0,0,0,0,1,0,0,0,0
0,5,0,29,89,0,0,0,0,0,0,0,0,1,0,0,0,0,0,0,0
1,5,0,0,65,0,0,0,1,0,0,0,0,0,0,0,0,0,0,0,0
1,6,0,1,62,0,0,0,1,0,0,0,0,0,0,0,0,0,0,0,0
0,3,0,42,100,0,0,0,0,0,1,0,0,0,0,0,0,0,0,0,0
1,9,1,2,65,0,0,0,1,0,0,0,0,0,0,0,0,0,0,0,0
1,4,0,18,65,0,0,0,0,0,0,0,0,0,0,0,1,0,0,0,0
0,2,1,35,97,0,0,0,0,0,0,0,0,0,0,0,1,0,0,0,0
0,2,0,21,67,0,0,1,0,0,0,0,0,0,0,0,0,0,0,0,0
0,5,0,2,79,0,0,0,1,0,0,0,0,0,0,0,0,0,0,0,0
1,6,0,18,90,0,0,1,0,0,0,0,0,0,0,0,0,0,0,0,0
0,8,0,21,84,1,0,0,0,0,0,0,0,0,0,0,0,0,0,0,0
0,8,0,34,94,0,0,0,0,0,0,0,0,1,0,0,0,0,0,0,0
0,3,0,9,84,0,0,0,0,0,0,0,1,0,0,0,0,0,0,0,0
0,3,0,31,98,0,0,0,0,0,0,0,0,0,0,0,1,0,0,0,0
0,3,1,5,87,0,0,0,0,0,0,0,1,0,0,0,0,0,0,0,0
0,2,0,4,72,0,0,0,1,0,0,0,0,0,0,0,0,0,0,0,0
0,1,0,15,76,0,0,0,0,0,0,0,0,0,0,0,0,0,1,0,0
0,0,1,18,91,0,0,0,0,0,0,0,0,0,0,0,0,0,0,1,0
0,3,0,25,76,0,0,1,0,0,0,0,0,0,0,0,0,0,0,0,0
0,3,0,23,83,0,0,1,0,0,0,0,0,0,0,0,0,0,0,0,0
0,6,0,8,67,0,0,0,0,0,0,0,0,0,1,0,0,0,0,0,0
1,8,0,2,62,0,0,0,1,0,0,0,0,0,0,0,0,0,0,0,0
0,2,1,34,89,0,0,0,0,0,0,0,0,1,0,0,0,0,0,0,0
0,1,0,7,81,0,0,0,0,1,0,0,0,0,0,0,0,0,0,0,0
0,1,0,24,74,0,0,0,0,0,1,0,0,0,0,0,0,0,0,0,0
0,4,0,25,69,0,0,0,0,0,0,0,0,0,0,0,1,0,0,0,0
1,7,1,0,56,0,0,0,1,0,0,0,0,0,0,0,0,0,0,0,0
0,2,0,33,84,0,0,0,0,0,0,0,0,0,0,0,0,0,0,1,0
0,3,1,1,96,0,1,0,0,0,0,0,0,0,0,0,0,0,0,0,0
0,6,0,1,69,0,0,0,0,0,0,0,0,0,0,0,0,0,0,1,0
0,1,0,22,92,0,0,0,0,0,1,0,0,0,0,0,0,0,0,0,0
0,9,0,5,87,0,0,0,1,0,0,0,0,0,0,0,0,0,0,0,0
0,2,0,26,89,0,0,0,0,1,0,0,0,0,0,0,0,0,0,0,0
0,1,0,3,85,0,1,0,0,0,0,0,0,0,0,0,0,0,0,0,0
0,1,1,11,91,0,0,1,0,0,0,0,0,0,0,0,0,0,0,0,0
0,8,1,19,83,0,0,0,0,0,0,0,0,0,0,0,1,0,0,0,0
1,7,0,3,52,0,0,0,1,0,0,0,0,0,0,0,0,0,0,0,0
0,1,0,16,96,0,0,0,0,0,0,0,0,0,0,0,1,0,0,0,0
0,5,0,26,100,0,0,0,0,0,0,0,0,0,0,0,0,0,0,1,0
1,2,0,28,75,0,0,0,0,0,1,0,0,0,0,0,0,0,0,0,0
0,2,1,18,60,0,0,0,0,0,0,0,0,0,0,0,0,1,0,0,0
0,1,1,9,89,0,0,0,0,0,0,0,0,0,0,0,0,0,0,1,0
0,1,1,18,93,0,0,0,0,0,0,0,0,0,0,0,0,0,1,0,0
0,4,0,3,65,0,0,0,0,0,0,0,0,0,0,0,0,0,0,1,0
0,4,1,34,90,0,0,0,0,0,0,0,0,1,0,0,0,0,0,0,0
0,7,0,4,50,0,0,0,1,0,0,0,0,0,0,0,0,0,0,0,0
0,3,0,35,97,0,0,0,0,0,0,0,0,0,0,1,0,0,0,0,0
0,2,0,27,100,0,0,0,0,0,0,0,0,1,0,0,0,0,0,0,0
0,5,0,6,73,0,0,0,0,0,0,0,1,0,0,0,0,0,0,0,0
0,3,0,18,95,0,0,1,0,0,0,0,0,0,0,0,0,0,0,0,0
0,2,0,7,66,0,0,0,0,0,0,0,0,0,1,0,0,0,0,0,0
0,2,0,24,63,0,0,0,0,0,0,0,0,0,0,0,1,0,0,0,0
1,0,0,34,85,0,0,0,0,0,0,0,0,1,0,0,0,0,0,0,0
0,7,1,0,96,0,0,0,1,0,0,0,0,0,0,0,0,0,0,0,0
0,5,0,10,77,0,0,1,0,0,0,0,0,0,0,0,0,0,0,0,0
0,4,1,35,88,0,0,0,0,0,0,0,0,1,0,0,0,0,0,0,0
1,5,0,5,83,0,0,0,0,0,0,1,0,0,0,0,0,0,0,0,0
0,6,1,10,84,0,0,0,0,0,0,0,1,0,0,0,0,0,0,0,0
1,8,0,1,98,0,0,0,1,0,0,0,0,0,0,0,0,0,0,0,0
1,8,1,0,78,0,0,0,1,0,0,0,0,0,0,0,0,0,0,0,0
1,3,0,43,99,0,0,0,0,0,1,0,0,0,0,0,0,0,0,0,0
0,3,0,23,75,1,0,0,0,0,0,0,0,0,0,0,0,0,0,0,0
0,1,0,34,81,0,0,0,0,0,0,0,0,1,0,0,0,0,0,0,0
0,5,1,21,86,0,0,0,0,0,0,0,0,0,0,0,0,0,0,1,0
0,4,0,31,81,0,0,0,0,0,1,0,0,0,0,0,0,0,0,0,0
0,5,1,17,75,0,0,0,0,0,0,0,0,0,0,0,1,0,0,0,0
0,0,0,10,92,0,0,1,0,0,0,0,0,0,0,0,0,0,0,0,0
0,1,0,5,88,0,0,0,0,1,0,0,0,0,0,0,0,0,0,0,0
0,3,0,30,94,0,0,0,0,0,1,0,0,0,0,0,0,0,0,0,0
0,2,0,20,70,1,0,0,0,0,0,0,0,0,0,0,0,0,0,0,0
1,5,0,25,87,0,0,0,0,0,0,0,0,0,0,0,1,0,0,0,0
0,2,0,5,71,0,0,0,1,0,0,0,0,0,0,0,0,0,0,0,0
0,3,0,6,63,0,0,0,0,0,0,0,0,0,1,0,0,0,0,0,0
0,7,0,40,99,0,0,0,0,0,1,0,0,0,0,0,0,0,0,0,0
0,6,0,35,91,0,0,0,0,0,0,0,0,0,0,1,0,0,0,0,0
1,6,0,0,83,0,0,0,1,0,0,0,0,0,0,0,0,0,0,0,0
1,1,1,1,55,0,0,0,1,0,0,0,0,0,0,0,0,0,0,0,0
0,2,0,16,99,0,0,1,0,0,0,0,0,0,0,0,0,0,0,0,0
1,4,0,28,63,0,0,0,0,0,1,0,0,0,0,0,0,0,0,0,0
0,5,0,12,87,0,0,1,0,0,0,0,0,0,0,0,0,0,0,0,0
0,1,0,15,96,0,0,0,0,0,0,0,1,0,0,0,0,0,0,0,0
0,1,1,3,64,0,0,0,0,0,0,0,0,0,1,0,0,0,0,0,0
0,1,0,35,88,0,0,0,0,1,0,0,0,0,0,0,0,0,0,0,0
0,3,0,14,73,0,0,0,0,0,0,0,0,0,0,0,0,0,0,0,1
0,2,1,24,82,0,0,0,0,0,0,0,0,0,0,0,1,0,0,0,0
0,3,0,19,73,0,0,0,0,0,0,0,0,0,0,0,0,0,0,1,0
0,2,0,29,86,0,0,0,0,0,0,0,0,0,0,0,0,0,0,1,0
0,1,0,2,78,0,1,0,0,0,0,0,0,0,0,0,0,0,0,0,0
0,6,0,25,82,0,0,0,0,0,0,0,0,1,0,0,0,0,0,0,0
0,0,0,6,73,0,0,0,0,0,0,0,1,0,0,0,0,0,0,0,0
0,3,1,22,79,0,0,0,0,0,1,0,0,0,0,0,0,0,0,0,0
0,0,0,34,84,0,0,0,0,0,1,0,0,0,0,0,0,0,0,0,0
0,2,0,35,92,0,0,0,0,0,0,0,0,0,0,0,0,0,0,1,0
0,0,0,6,66,0,0,0,0,0,0,0,0,0,1,0,0,0,0,0,0
0,0,0,3,97,0,0,0,0,0,0,0,1,0,0,0,0,0,0,0,0
0,3,1,5,88,0,0,0,0,0,0,0,0,0,1,0,0,0,0,0,0
0,0,0,31,61,0,0,0,0,0,0,0,0,0,0,1,0,0,0,0,0
1,6,0,1,83,0,0,0,1,0,0,0,0,0,0,0,0,0,0,0,0
0,3,0,30,88,0,0,0,0,0,0,0,0,0,0,1,0,0,0,0,0
0,3,0,32,84,0,0,1,0,0,0,0,0,0,0,0,0,0,0,0,0
0,5,0,5,52,0,0,0,1,0,0,0,0,0,0,0,0,0,0,0,0
0,2,0,32,96,0,0,0,0,0,0,0,0,1,0,0,0,0,0,0,0
1,2,0,18,93,0,0,0,0,0,0,0,0,0,0,0,0,0,1,0,0
0,7,0,27,81,0,0,0,0,0,0,0,0,1,0,0,0,0,0,0,0
0,2,0,15,63,0,0,0,0,0,0,0,0,0,0,0,0,0,1,0,0
0,3,0,2,69,0,1,0,0,0,0,0,0,0,0,0,0,0,0,0,0
1,4,0,2,97,0,0,0,0,0,0,1,0,0,0,0,0,0,0,0,0
1,6,0,5,53,0,0,0,1,0,0,0,0,0,0,0,0,0,0,0,0
0,6,0,12,79,0,0,0,0,1,0,0,0,0,0,0,0,0,0,0,0
1,5,0,0,55,0,0,0,1,0,0,0,0,0,0,0,0,0,0,0,0
1,1,0,14,68,1,0,0,0,0,0,0,0,0,0,0,0,0,0,0,0
0,6,0,9,99,0,0,0,0,0,0,0,0,0,0,0,0,0,1,0,0
0,7,0,17,80,0,0,0,0,0,0,0,0,0,0,0,0,0,1,0,0
0,3,1,9,95,0,0,0,0,0,0,0,0,0,1,0,0,0,0,0,0
0,5,1,14,64,0,0,1,0,0,0,0,0,0,0,0,0,0,0,0,0
0,3,0,10,91,0,0,0,0,0,0,0,0,0,1,0,0,0,0,0,0
0,0,0,10,78,0,0,0,0,0,0,0,0,0,0,0,0,0,0,1,0
0,2,0,36,100,0,0,0,0,0,1,0,0,0,0,0,0,0,0,0,0
0,3,0,34,75,0,0,0,0,0,0,0,0,0,0,0,1,0,0,0,0
0,2,0,28,82,0,0,0,0,0,0,0,0,0,0,0,1,0,0,0,0
0,1,1,22,100,0,0,0,0,0,0,0,0,0,0,0,0,0,0,0,1
0,4,0,28,87,0,0,1,0,0,0,0,0,0,0,0,0,0,0,0,0
0,4,1,16,70,0,0,1,0,0,0,0,0,0,0,0,0,0,0,0,0
0,4,0,27,82,0,0,0,0,0,0,0,0,0,0,0,1,0,0,0,0
0,6,0,14,96,0,0,1,0,0,0,0,0,0,0,0,0,0,0,0,0
0,2,0,32,95,0,0,0,0,0,0,0,0,1,0,0,0,0,0,0,0
1,6,1,33,90,0,0,0,0,0,0,0,0,0,0,0,1,0,0,0,0
0,2,1,24,84,0,0,1,0,0,0,0,0,0,0,0,0,0,0,0,0
0,5,0,8,100,0,0,0,0,0,0,0,0,0,0,0,0,0,1,0,0
0,2,1,8,95,0,0,0,0,0,0,0,0,0,0,0,0,0,1,0,0
0,1,1,6,94,0,0,0,0,0,0,0,1,0,0,0,0,0,0,0,0
1,0,0,15,95,0,0,0,0,0,0,0,0,0,0,0,1,0,0,0,0
1,1,0,12,86,0,0,0,0,0,0,0,1,0,0,0,0,0,0,0,0
0,6,0,1,66,0,1,0,0,0,0,0,0,0,0,0,0,0,0,0,0
0,4,0,5,68,0,0,0,0,0,0,0,0,0,0,0,0,0,0,1,0
0,1,1,11,61,0,0,0,0,0,0,0,0,0,0,0,0,0,0,1,0
0,0,1,30,77,0,0,0,0,0,0,0,0,0,0,0,0,0,0,1,0
0,0,1,19,70,0,0,1,0,0,0,0,0,0,0,0,0,0,0,0,0
0,2,1,33,89,0,0,0,0,0,0,0,0,1,0,0,0,0,0,0,0
1,2,1,1,73,0,0,0,0,0,0,1,0,0,0,0,0,0,0,0,0
0,2,0,35,85,0,0,0,0,0,0,0,0,0,0,0,0,0,0,0,1
0,2,0,2,86,0,0,0,0,0,0,1,0,0,0,0,0,0,0,0,0
0,5,1,16,97,0,0,0,0,0,0,0,0,0,0,0,1,0,0,0,0
0,3,0,38,92,0,0,0,0,0,1,0,0,0,0,0,0,0,0,0,0
0,2,0,3,67,0,1,0,0,0,0,0,0,0,0,0,0,0,0,0,0
1,5,0,11,100,0,0,0,0,0,0,0,0,0,0,0,0,0,1,0,0
0,4,0,4,60,0,0,0,0,0,0,0,0,0,0,0,0,0,0,1,0
0,6,0,2,54,0,0,0,1,0,0,0,0,0,0,0,0,0,0,0,0
0,2,0,26,88,0,0,0,0,0,0,0,0,0,0,0,0,0,0,1,0
1,3,0,25,91,0,0,0,0,0,0,0,0,0,0,0,1,0,0,0,0
0,2,1,19,88,0,0,1,0,0,0,0,0,0,0,0,0,0,0,0,0
1,1,0,31,80,0,0,0,0,0,0,0,0,0,0,1,0,0,0,0,0
0,4,1,26,97,0,0,0,0,0,0,0,0,0,0,0,1,0,0,0,0
1,6,0,6,74,0,0,0,0,1,0,0,0,0,0,0,0,0,0,0,0
0,8,0,2,59,0,0,0,1,0,0,0,0,0,0,0,0,0,0,0,0
0,3,0,27,86,0,0,0,0,0,0,0,0,1,0,0,0,0,0,0,0
0,2,0,30,81,0,0,0,0,0,0,0,0,1,0,0,0,0,0,0,0
0,0,0,8,91,0,0,0,0,0,0,0,0,0,0,0,0,0,1,0,0
0,2,0,21,77,0,0,1,0,0,0,0,0,0,0,0,0,0,0,0,0
0,6,0,8,91,0,0,0,0,1,0,0,0,0,0,0,0,0,0,0,0
0,4,0,27,96,0,0,0,0,0,0,0,0,1,0,0,0,0,0,0,0
0,5,0,14,85,0,0,0,0,0,0,0,0,0,0,0,1,0,0,0,0
0,5,0,27,99,1,0,0,0,0,0,0,0,0,0,0,0,0,0,0,0
