part_time_job,absence_days,extracurricular_activities,weekly_self_study_hours,english_score,career_Accountant,career_Artist,career_Banker,career_Business Owner,career_Designer,career_Doctor,career_Game Developer,career_Government Officer,career_Lawyer,career_Real Estate Developer,career_Scientist,career_Software Engineer,career_Stock Investor,career_Teacher,career_Unknown,career_Writer
0,2,0,47,88,0,0,0,0,0,1,0,0,0,0,0,0,0,0,0,0
0,9,1,13,77,0,0,0,0,0,0,0,1,0,0,0,0,0,0,0,0
0,5,0,3,63,0,1,0,0,0,0,0,0,0,0,0,0,0,0,0,0
0,2,0,26,80,0,0,0,0,0,0,0,0,0,0,0,0,0,0,1,0
0,3,1,18,71,0,0,0,0,0,0,0,0,0,0,0,0,0,1,0,0
0,2,0,7,81,0,0,0,0,0,0,0,0,0,0,0,0,0,1,0,0
1,7,0,4,65,0,0,0,1,0,0,0,0,0,0,0,0,0,0,0,0
0,3,0,39,95,0,0,0,0,0,1,0,0,0,0,0,0,0,0,0,0
0,3,1,30,89,0,0,0,0,0,0,0,0,0,0,1,0,0,0,0,0
0,2,0,27,72,0,0,0,0,0,0,0,0,0,0,0,1,0,0,0,0
0,9,0,2,54,0,0,0,1,0,0,0,0,0,0,0,0,0,0,0,0
0,4,0,35,88,0,0,0,0,0,0,0,0,0,0,0,1,0,0,0,0
0,5,0,22,90,0,0,0,0,0,1,0,0,0,0,0,0,0,0,0,0
0,3,0,19,74,1,0,0,0,0,0,0,0,0,0,0,0,0,0,0,0
0,0,0,14,85,0,0,0,0,0,0,0,0,0,0,0,1,0,0,0,0
0,4,0,30,85,0,0,0,0,1,0,0,0,0,0,0,0,0,0,0,0
0,1,0,24,77,0,0,1,0,0,0,0,0,0,0,0,0,0,0,0,0
0,3,1,31,69,0,0,0,0,0,0,0,0,0,0,0,0,0,0,1,0
0,1,0,21,66,0,0,0,0,0,0,0,0,0,0,0,0,0,0,1,0
0,4,0,31,81,0,0,0,0,0,0,0,0,0,0,0,1,0,0,0,0
1,6,0,3,98,0,0,0,1,0,0,0,0,0,0,0,0,0,0,0,0
0,4,0,3,68,0,0,0,0,0,0,1,0,0,0,0,0,0,0,0,0
0,5,1,27,91,0,0,0,0,0,0,0,0,1,0,0,0,0,0,0,0
0,4,0,32,68,0,0,0,0,0,0,0,0,0,0,0,0,0,0,1,0
0,0,0,14,83,1,0,0,0,0,0,0,0,0,0,0,0,0,0,0,0
0,2,0,24,86,0,0,0,0,0,0,0,0,1,0,0,0,0,0,0,0
0,3,0,32,98,0,0,1,0,0,0,0,0,0,0,0,0,0,0,0,0
0,6,0,31,71,0,0,0,0,0,0,0,0,0,0,0,1,0,0,0,0
0,3,0,21,81,0,0,0,0,0,0,0,0,0,0,0,0,0,0,1,0
0,2,0,1,83,0,0,0,0,0,0,1,0,0,0,0,0,0,0,0,0
0,5,0,33,88,0,0,0,0,0,0,0,0,1,0,0,0,0,0,0,0
0,1,0,34,95,0,0,1,0,0,0,0,0,0,0,0,0,0,0,0,0
1,6,0,2,96,0,0,0,1,0,0,0,0,0,0,0,0,0,0,0,0
0,1,0,15,88,0,0,0,0,1,0,0,0,0,0,0,0,0,0,0,0
1,3,0,22,97,0,0,0,0,0,0,0,0,0,0,0,0,0,0,0,1
0,2,0,20,81,0,0,0,0,0,0,0,0,0,0,0,1,0,0,0,0
0,7,1,27,98,0,0,0,0,0,0,0,0,0,0,0,1,0,0,0,0
0,3,0,24,99,0,0,0,0,0,0,0,0,0,0,0,1,0,0,0,0
0,1,1,5,93,0,0,0,0,0,0,0,0,0,0,0,0,0,0,1,0
0,7,0,34,77,0,0,0,0,0,0,0,0,0,0,0,0,0,0,1,0
1,3,0,3,58,0,0,0,1,0,0,0,0,0,0,0,0,0,0,0,0
0,1,0,15,61,0,0,0,0,0,0,0,0,0,0,0,0,1,0,0,0
0,7,0,11,92,0,0,0,0,0,0,0,1,0,0,0,0,0,0,0,0
0,2,0,9,67,0,0,0,0,0,0,0,1,0,0,0,0,0,0,0,0
0,3,1,14,63,0,0,0,0,0,0,0,0,0,0,0,1,0,0,0,0
0,5,0,3,93,0,0,0,0,0,0,0,0,0,0,0,0,0,0,1,0
0,2,1,34,64,0,0,0,0,0,0,0,0,0,0,0,1,0,0,0,0
0,3,1,2,69,0,1,0,0,0,0,0,0,0,0,0,0,0,0,0,0
0,0,0,5,93,0,0,0,0,0,0,1,0,0,0,0,0,0,0,0,0
0,2,0,4,60,0,1,0,0,0,0,0,0,0,0,0,0,0,0,0,0
0,2,0,25,98,0,0,0,0,0,0,0,0,0,0,0,1,0,0,0,0
0,7,0,2,78,0,0,0,1,0,0,0,0,0,0,0,0,0,0,0,0
0,2,0,0,95,0,0,0,0,0,0,0,0,0,1,0,0,0,0,0,0
0,3,0,16,95,1,0,0,0,0,0,0,0,0,0,0,0,0,0,0,0
0,1,0,4,87,0,0,0,0,0,0,0,0,0,0,0,0,0,0,1,0
1,9,0,2,54,0,0,0,1,0,0,0,0,0,0,0,0,0,0,0,0
0,1,0,22,76,0,0,1,0,0,0,0,0,0,0,0,0,0,0,0,0
0,6,0,1,97,0,0,0,1,0,0,0,0,0,0,0,0,0,0,0,0
0,1,0,19,63,0,0,0,0,0,0,0,0,0,0,0,0,0,0,1,0
0,6,0,5,60,0,0,0,1,0,0,0,0,0,0,0,0,0,0,0,0
1,0,0,13,90,0,0,0,0,0,0,0,0,0,0,0,0,0,1,0,0
0,3,0,47,96,0,0,0,0,0,1,0,0,0,0,0,0,0,0,0,0
0,2,0,9,72,0,0,0,0,0,0,0,0,0,0,0,0,0,0,1,0
0,4,0,7,89,0,0,0,0,0,0,0,0,0,0,0,0,0,0,1,0
0,4,0,26,69,0,0,0,0,0,0,0,0,0,0,0,0,0,0,1,0
1,5,0,25,84,0,0,0,0,0,0,0,0,0,0,0,0,1,0,0,0
1,4,0,16,92,0,0,1,0,0,0,0,0,0,0,0,0,0,0,0,0
0,4,0,27,69,0,0,0,0,0,0,0,0,0,0,0,1,0,0,0,0
0,2,0,6,85,0,0,0,0,1,0,0,0,0,0,0,0,0,0,0,0
0,1,1,11,90,0,0,1,0,0,0,0,0,0,0,0,0,0,0,0,0
0,4,0,23,82,0,0,0,0,0,0,0,0,0,0,0,1,0,0,0,0
0,1,0,29,97,0,0,0,0,0,0,0,0,1,0,0,0,0,0,0,0
0,0,0,3,72,0,0,0,0,0,0,1,0,0,0,0,0,0,0,0,0
0,4,1,22,75,0,0,0,0,0,0,0,0,0,0,0,0,0,0,1,0
1,5,0,4,71,0,0,0,1,0,0,0,0,0,0,0,0,0,0,0,0
0,3,0,3,61,0,0,0,0,0,0,0,0,0,0,0,0,0,0,1,0
0,5,0,18,90,0,0,0,0,0,0,0,0,0,0,0,0,0,0,1,0
0,1,0,33,81,0,0,0,0,0,0,0,0,0,0,0,1,0,0,0,0
0,0,1,17,64,0,0,0,0,0,0,0,0,0,0,0,0,0,0,1,0
0,1,0,15,80,0,0,0,0,0,0,0,0,0,0,0,0,0,1,0,0
0,2,0,5,80,0,0,0,0,0,0,1,0,0,0,0,0,0,0,0,0
1,7,0,5,81,0,0,0,1,0,0,0,0,0,0,0,0,0,0,0,0
0,5,0,22,92,0,0,0,0,0,0,0,0,0,0,0,0,0,0,1,0
0,1,0,34,98,0,0,0,0,0,0,0,0,1,0,0,0,0,0,0,0
0,4,0,25,64,0,0,0,0,0,0,0,0,0,0,0,0,1,0,0,0
0,5,1,31,83,1,0,0,0,0,0,0,0,0,0,0,0,0,0,0,0
0,3,0,26,91,0,0,1,0,0,0,0,0,0,0,0,0,0,0,0,0
0,5,0,35,98,0,0,0,0,0,0,0,0,0,0,0,1,0,0,0,0
0,3,1,28,93,0,0,0,0,0,0,0,0,0,0,0,0,0,0,1,0
0,1,0,33,69,0,0,0,0,0,0,0,0,0,0,0,1,0,0,0,0
0,3,0,2,88,0,1,0,0,0,0,0,0,0,0,0,0,0,0,0,0
0,5,1,9,84,0,0,0,0,0,0,0,0,0,1,0,0,0,0,0,0
1,2,1,0,76,0,0,0,1,0,0,0,0,0,0,0,0,0,0,0,0
0,5,0,30,99,0,0,0,0,0,0,0,0,0,0,1,0,0,0,0,0
0,7,0,1,90,0,0,0,0,0,0,1,0,0,0,0,0,0,0,0,0
0,2,0,2,71,0,0,0,0,0,0,1,0,0,0,0,0,0,0,0,0
0,2,0,30,70,0,0,0,0,0,0,0,0,0,0,1,0,0,0,0,0
0,3,0,24,85,0,0,0,0,0,0,0,0,0,0,0,0,1,0,0,0
0,2,0,14,91,0,0,0,0,0,0,0,0,0,0,0,0,0,1,0,0
0,1,0,24,61,0,0,0,0,0,0,0,0,0,0,0,1,0,0,0,0
0,3,0,34,81,0,0,0,0,0,0,0,0,1,0,0,0,0,0,0,0
0,3,0,16,80,1,0,0,0,0,0,0,0,0,0,0,0,0,0,0,0
0,1,1,21,67,1,0,0,0,0,0,0,0,0,0,0,0,0,0,0,0
0,1,0,1,86,0,1,0,0,0,0,0,0,0,0,0,0,0,0,0,0
0,2,0,22,95,0,0,1,0,0,0,0,0,0,0,0,0,0,0,0,0
0,1,1,14,84,0,0,0,0,0,0,0,0,0,0,0,0,0,1,0,0
0,1,0,22,64,0,0,0,0,0,1,0,0,0,0,0,0,0,0,0,0
0,3,0,17,98,0,0,1,0,0,0,0,0,0,0,0,0,0,0,0,0
0,4,0,33,76,0,0,1,0,0,0,0,0,0,0,0,0,0,0,0,0
0,5,0,29,94,0,0,1,0,0,0,0,0,0,0,0,0,0,0,0,0
1,1,0,27,70,0,0,0,0,0,0,0,0,0,0,0,0,0,0,1,0
0,3,0,22,90,0,0,0,0,0,0,0,0,0,0,0,1,0,0,0,0
0,7,1,3,96,0,0,0,1,0,0,0,0,0,0,0,0,0,0,0,0
0,7,0,3,83,0,0,0,1,0,0,0,0,0,0,0,0,0,0,0,0
0,7,1,17,91,0,0,0,0,0,0,0,0,0,0,0,1,0,0,0,0
0,3,0,17,92,0,0,0,0,0,0,0,0,0,0,0,1,0,0,0,0
0,1,0,7,99,0,0,0,0,0,0,0,1,0,0,0,0,0,0,0,0
0,1,0,20,75,0,0,0,0,0,0,0,0,0,0,0,1,0,0,0,0
0,6,0,16,82,0,0,1,0,0,0,0,0,0,0,0,0,0,0,0,0
0,2,0,32,80,0,0,0,0,0,0,0,0,0,0,0,1,0,0,0,0
0,3,0,3,96,0,1,0,0,0,0,0,0,0,0,0,0,0,0,0,0
0,1,0,28,74,0,0,0,0,1,0,0,0,0,0,0,0,0,0,0,0
0,0,0,21,90,1,0,0,0,0,0,0,0,0,0,0,0,0,0,0,0
0,7,1,35,87,0,0,0,0,0,0,0,0,0,0,0,1,0,0,0,0
0,7,1,14,75,1,0,0,0,0,0,0,0,0,0,0,0,0,0,0,0
1,7,0,1,74,0,0,0,1,0,0,0,0,0,0,0,0,0,0,0,0
0,9,1,0,84,0,0,0,1,0,0,0,0,0,0,0,0,0,0,0,0
0,3,0,35,96,0,0,0,0,0,0,0,0,0,0,0,1,0,0,0,0
0,3,0,31,97,0,0,0,0,0,0,0,0,1,0,0,0,0,0,0,0
0,3,1,15,99,0,0,1,0,0,0,0,0,0,0,0,0,0,0,0,0
0,1,0,30,68,0,0,0,0,0,1,0,0,0,0,0,0,0,0,0,0
0,7,0,17,92,0,0,1,0,0,0,0,0,0,0,0,0,0,0,0,0
0,2,0,23,81,0,0,0,0,0,0,0,0,0,0,0,1,0,0,0,0
0,7,0,4,62,0,0,0,1,0,0,0,0,0,0,0,0,0,0,0,0
1,7,0,1,92,0,0,0,1,0,0,0,0,0,0,0,0,0,0,0,0
0,1,0,11,79,0,0,0,0,1,0,0,0,0,0,0,0,0,0,0,0
0,7,1,15,75,0,0,0,0,0,0,0,0,0,0,0,1,0,0,0,0
1,4,1,4,95,0,1,0,0,0,0,0,0,0,0,0,0,0,0,0,0
0,2,0,28,88,0,0,0,0,0,0,0,0,0,0,0,0,1,0,0,0
0,7,1,30,88,0,0,0,0,0,0,0,0,1,0,0,0,0,0,0,0
0,8,0,1,51,0,0,0,1,0,0,0,0,0,0,0,0,0,0,0,0
0,6,0,16,90,0,0,0,0,0,0,0,0,0,0,0,1,0,0,0,0
0,2,1,18,94,0,0,0,0,0,0,0,0,0,0,0,0,0,1,0,0
1,1,0,4,94,0,0,0,0,0,0,1,0,0,0,0,0,0,0,0,0
0,8,0,32,96,1,0,0,0,0,0,0,0,0,0,0,0,0,0,0,0
0,2,0,12,93,0,0,1,0,0,0,0,0,0,0,0,0,0,0,0,0
1,6,0,5,94,0,0,0,0,1,0,0,0,0,0,0,0,0,0,0,0
0,2,1,15,99,0,0,0,0,0,0,0,1,0,0,0,0,0,0,0,0
0,3,0,31,80,1,0,0,0,0,0,0,0,0,0,0,0,0,0,0,0
0,1,0,2,63,0,0,0,0,0,0,0,0,0,0,0,0,0,0,1,0
0,3,0,22,74,1,0,0,0,0,0,0,0,0,0,0,0,0,0,0,0
0,1,1,12,76,0,0,0,0,0,0,0,1,0,0,0,0,0,0,0,0
0,3,0,34,78,0,0,1,0,0,0,0,0,0,0,0,0,0,0,0,0
0,0,0,9,70,0,0,0,0,0,0,0,0,0,0,0,0,0,1,0,0
0,5,0,43,90,0,0,0,0,0,1,0,0,0,0,0,0,0,0,0,0
0,2,0,1,61,0,0,0,0,0,0,0,0,0,1,0,0,0,0,0,0
0,2,0,19,77,0,0,0,0,0,0,0,0,0,0,0,1,0,0,0,0
1,4,0,2,79,0,0,0,1,0,0,0,0,0,0,0,0,0,0,0,0
0,4,1,31,69,0,0,0,0,0,0,0,0,0,0,1,0,0,0,0,0
0,4,0,11,70,0,0,0,0,0,0,0,0,0,0,0,0,0,1,0,0
1,0,0,22,68,0,0,0,0,0,0,0,0,0,0,0,0,0,0,1,0
0,3,0,2,78,0,0,0,0,0,0,1,0,0,0,0,0,0,0,0,0
0,4,0,34,83,0,0,0,0,0,0,0,0,0,0,0,1,0,0,0,0
1,5,0,25,70,0,0,0,0,0,0,0,0,0,0,0,0,0,0,1,0
0,1,1,26,85,0,0,0,0,0,0,0,0,1,0,0,0,0,0,0,0
0,1,1,4,99,0,0,0,0,0,0,0,1,0,0,0,0,0,0,0,0
0,1,0,25,85,0,0,0,0,0,0,0,0,0,0,0,1,0,0,0,0
0,1,0,13,88,0,0,0,0,1,0,0,0,0,0,0,0,0,0,0,0
0,3,0,8,86,0,0,0,0,0,0,0,0,0,0,0,0,0,1,0,0
0,5,0,15,90,0,0,0,0,0,0,0,1,0,0,0,0,0,0,0,0
0,1,0,18,88,0,0,0,0,0,0,0,0,0,0,0,0,0,1,0,0
1,3,0,24,95,0,0,1,0,0,0,0,0,0,0,0,0,0,0,0,0
0,3,0,15,92,0,0,0,0,0,0,0,0,0,0,0,0,0,1,0,0
0,1,0,5,60,0,0,0,0,0,0,1,0,0,0,0,0,0,0,0,0
0,6,0,5,52,0,0,0,1,0,0,0,0,0,0,0,0,0,0,0,0
0,2,1,26,82,0,0,0,0,0,0,0,0,1,0,0,0,0,0,0,0
0,2,0,14,77,0,0,0,0,0,0,0,1,0,0,0,0,0,0,0,0
0,2,0,32,70,0,0,0,0,0,0,0,0,0,0,0,1,0,0,0,0
0,3,0,13,91,0,0,0,0,0,0,0,0,0,0,0,0,0,1,0,0
0,7,0,33,96,0,0,1,0,0,0,0,0,0,0,0,0,0,0,0,0
0,3,0,15,93,1,0,0,0,0,0,0,0,0,0,0,0,0,0,0,0
0,2,0,30,79,0,0,0,0,0,0,0,0,0,0,0,0,0,0,1,0
0,7,0,2,95,0,0,0,1,0,0,0,0,0,0,0,0,0,0,0,0
1,7,0,0,77,0,0,0,1,0,0,0,0,0,0,0,0,0,0,0,0
0,2,0,4,58,0,0,0,1,0,0,0,0,0,0,0,0,0,0,0,0
0,5,1,21,73,0,0,0,0,0,0,0,0,0,0,0,0,0,0,1,0
0,2,0,29,90,0,0,0,0,0,0,0,0,0,0,0,0,0,0,0,1
0,7,0,14,63,0,0,0,0,0,0,0,0,0,0,0,0,0,0,1,0
0,2,1,32,94,0,0,0,0,0,0,0,0,0,0,0,0,1,0,0,0
1,1,0,22,74,0,0,0,0,0,0,0,0,0,0,0,1,0,0,0,0
0,0,0,42,85,0,0,0,0,0,1,0,0,0,0,0,0,0,0,0,0
0,1,0,1,64,0,0,0,1,0,0,0,0,0,0,0,0,0,0,0,0
1,3,1,17,94,0,0,0,0,0,0,0,0,0,0,0,1,0,0,0,0
0,6,0,31,94,0,0,0,0,0,0,0,0,0,0,0,0,0,0,0,1
0,1,0,24,85,0,0,0,0,0,0,0,0,1,0,0,0,0,0,0,0
0,7,0,2,73,0,0,0,1,0,0,0,0,0,0,0,0,0,0,0,0
0,2,0,4,66,0,0,0,0,0,0,0,1,0,0,0,0,0,0,0,0
0,1,0,20,92,0,0,1,0,0,0,0,0,0,0,0,0,0,0,0,0
0,3,0,17,86,0,0,1,0,0,0,0,0,0,0,0,0,0,0,0,0
0,5,0,25,77,0,0,0,0,0,0,0,0,0,0,0,0,0,0,1,0
0,6,0,21,87,0,0,0,0,0,0,0,0,0,0,0,1,0,0,0,0
0,3,0,27,85,0,0,0,0,0,0,0,0,0,0,0,1,0,0,0,0
0,5,0,14,89,0,0,0,0,0,0,0,0,0,0,0,1,0,0,0,0
0,3,0,16,92,0,0,1,0,0,0,0,0,0,0,0,0,0,0,0,0
0,4,0,30,68,1,0,0,0,0,0,0,0,0,0,0,0,0,0,0,0
0,2,0,35,90,0,0,0,0,0,0,0,0,0,0,0,0,0,0,0,1
0,1,0,14,77,0,0,0,0,0,0,0,0,0,0,0,0,0,1,0,0
0,1,0,3,91,0,0,0,0,1,0,0,0,0,0,0,0,0,0,0,0
0,4,0,15,99,1,0,0,0,0,0,0,0,0,0,0,0,0,0,0,0
0,0,0,14,89,0,0,1,0,0,0,0,0,0,0,0,0,0,0,0,0
0,1,1,0,84,0,1,0,0,0,0,0,0,0,0,0,0,0,0,0,0
0,1,0,34,87,0,0,0,0,0,0,0,0,1,0,0,0,0,0,0,0
0,7,0,7,61,0,0,0,0,0,0,0,0,0,0,0,0,1,0,0,0
0,5,0,28,90,0,0,0,0,0,0,0,0,0,0,0,0,1,0,0,0
0,1,0,0,50,0,0,0,1,0,0,0,0,0,0,0,0,0,0,0,0
1,2,0,1,99,0,1,0,0,0,0,0,0,0,0,0,0,0,0,0,0
0,7,0,9,81,0,0,0,0,0,0,0,0,0,0,0,0,0,1,0,0
0,3,0,32,95,1,0,0,0,0,0,0,0,0,0,0,0,0,0,0,0
1,9,0,4,77,0,0,0,1,0,0,0,0,0,0,0,0,0,0,0,0
0,1,0,21,87,0,0,0,0,0,0,0,0,0,0,0,1,0,0,0,0
0,3,0,29,97,0,0,0,0,0,0,0,0,1,0,0,0,0,0,0,0
0,3,0,13,85,0,0,0,0,0,0,0,0,0,0,0,0,0,0,1,0
0,2,1,32,89,0,0,1,0,0,0,0,0,0,0,0,0,0,0,0,0
0,1,0,1,69,0,1,0,0,0,0,0,0,0,0,0,0,0,0,0,0
0,2,0,32,90,0,0,0,0,1,0,0,0,0,0,0,0,0,0,0,0
0,1,1,4,87,0,0,0,0,0,0,0,0,0,1,0,0,0,0,0,0
0,3,1,32,96,0,0,0,0,0,0,0,0,1,0,0,0,0,0,0,0
0,1,0,33,60,0,0,0,0,0,1,0,0,0,0,0,0,0,0,0,0
0,0,0,29,90,0,0,0,0,0,0,0,0,0,0,0,1,0,0,0,0
0,7,0,7,79,0,0,0,0,0,0,0,0,0,1,0,0,0,0,0,0
0,6,0,4,69,0,0,0,0,0,0,0,0,0,1,0,0,0,0,0,0
0,3,0,29,91,0,0,0,0,0,0,0,0,1,0,0,0,0,0,0,0
0,3,0,5,62,0,0,0,0,0,0,0,0,0,1,0,0,0,0,0,0
1,7,0,2,74,0,0,0,1,0,0,0,0,0,0,0,0,0,0,0,0
0,4,1,0,69,0,0,0,0,0,0,0,0,0,1,0,0,0,0,0,0
0,6,1,1,60,0,0,0,0,0,0,0,0,0,0,0,0,0,0,1,0
0,3,1,26,61,1,0,0,0,0,0,0,0,0,0,0,0,0,0,0,0
1,5,0,2,77,0,0,0,1,0,0,0,0,0,0,0,0,0,0,0,0
0,3,0,21,70,0,0,0,0,0,0,0,0,0,0,0,0,0,0,1,0
0,5,0,0,90,0,0,0,1,0,0,0,0,0,0,0,0,0,0,0,0
0,5,1,10,79,0,0,0,0,0,0,0,0,0,0,0,0,0,1,0,0
0,5,1,24,77,0,0,1,0,0,0,0,0,0,0,0,0,0,0,0,0
0,5,0,26,84,0,0,0,0,0,0,0,0,0,0,0,0,1,0,0,0
0,3,0,24,76,1,0,0,0,0,0,0,0,0,0,0,0,0,0,0,0
1,8,1,0,76,0,0,0,1,0,0,0,0,0,0,0,0,0,0,0,0
0,4,0,32,92,0,0,0,0,0,0,0,0,0,0,0,1,0,0,0,0
0,8,0,15,75,0,0,0,0,0,0,0,0,0,0,0,0,0,0,1,0
0,6,0,15,65,0,0,0,0,0,0,0,1,0,0,0,0,0,0,0,0
0,3,1,4,99,0,0,0,0,0,0,1,0,0,0,0,0,0,0,0,0
0,0,0,29,95,0,0,0,0,0,0,0,0,1,0,0,0,0,0,0,0
0,2,0,13,82,0,0,0,0,0,0,0,0,0,0,0,0,0,0,1,0
0,3,0,49,92,0,0,0,0,0,1,0,0,0,0,0,0,0,0,0,0
0,2,0,44,94,0,0,0,0,0,1,0,0,0,0,0,0,0,0,0,0
0,1,0,14,88,0,0,0,0,0,0,0,0,0,0,0,1,0,0,0,0
0,4,0,1,66,0,0,0,0,0,0,0,0,0,1,0,0,0,0,0,0
0,2,0,11,84,0,0,0,0,0,0,0,0,0,0,0,0,0,1,0,0
0,3,0,2,64,0,0,0,0,0,0,0,0,0,0,0,0,0,0,1,0
0,9,0,3,91,0,0,0,1,0,0,0,0,0,0,0,0,0,0,0,0
0,5,0,28,75,0,0,1,0,0,0,0,0,0,0,0,0,0,0,0,0
1,8,0,3,57,0,0,0,1,0,0,0,0,0,0,0,0,0,0,0,0
0,3,1,1,50,0,0,0,1,0,0,0,0,0,0,0,0,0,0,0,0
0,7,0,37,96,0,0,0,0,0,1,0,0,0,0,0,0,0,0,0,0
0,3,1,28,84,0,0,0,0,0,0,0,0,0,0,0,1,0,0,0,0
0,3,0,30,99,0,0,0,0,0,0,0,0,0,0,1,0,0,0,0,0
1,4,0,26,77,0,0,0,0,0,0,0,0,0,0,0,0,0,0,1,0
0,0,0,17,88,0,0,0,0,0,0,0,0,0,0,0,1,0,0,0,0
0,6,1,16,97,0,0,0,0,0,0,0,0,0,0,0,1,0,0,0,0
1,8,0,2,76,0,0,0,1,0,0,0,0,0,0,0,0,0,0,0,0
0,0,0,17,79,1,0,0,0,0,0,0,0,0,0,0,0,0,0,0,0
0,9,0,3,66,0,0,0,1,0,0,0,0,0,0,0,0,0,0,0,0
1,3,0,47,88,0,0,0,0,0,1,0,0,0,0,0,0,0,0,0,0
1,0,0,3,63,0,0,0,0,0,0,1,0,0,0,0,0,0,0,0,0
0,4,0,15,90,0,0,0,0,0,0,0,0,0,0,0,1,0,0,0,0
0,1,0,3,81,0,0,0,0,0,0,0,0,0,0,0,0,1,0,0,0
0,9,0,4,77,0,0,0,1,0,0,0,0,0,0,0,0,0,0,0,0
1,6,0,2,71,0,0,0,1,0,0,0,0,0,0,0,0,0,0,0,0
0,2,0,34,91,0,0,0,0,0,0,0,0,0,0,0,1,0,0,0,0
0,7,1,1,98,0,0,0,0,0,0,1,0,0,0,0,0,0,0,0,0
0,1,0,5,93,0,1,0,0,0,0,0,0,0,0,0,0,0,0,0,0
0,1,0,47,90,0,0,0,0,0,1,0,0,0,0,0,0,0,0,0,0
0,3,1,16,65,0,0,0,0,0,0,0,0,0,0,0,0,1,0,0,0
0,5,1,32,91,0,0,0,0,0,0,0,0,0,0,1,0,0,0,0,0
0,2,0,31,92,0,0,1,0,0,0,0,0,0,0,0,0,0,0,0,0
0,3,0,16,74,0,0,0,0,0,0,0,0,0,0,0,0,0,0,1,0
0,6,0,21,88,0,0,1,0,0,0,0,0,0,0,0,0,0,0,0,0
0,6,0,48,89,0,0,0,0,0,1,0,0,0,0,0,0,0,0,0,0
1,3,0,28,94,0,0,0,0,0,0,0,0,0,0,0,0,0,0,1,0
0,4,0,31,81,0,0,0,0,0,0,0,0,1,0,0,0,0,0,0,0
1,9,1,4,71,0,0,0,1,0,0,0,0,0,0,0,0,0,0,0,0
0,3,1,23,91,1,0,0,0,0,0,0,0,0,0,0,0,0,0,0,0
0,1,0,23,82,0,0,0,0,0,1,0,0,0,0,0,0,0,0,0,0
0,1,0,7,88,0,0,0,0,0,0,0,0,0,0,0,0,0,0,1,0
0,0,0,5,95,0,1,0,0,0,0,0,0,0,0,0,0,0,0,0,0
0,2,0,4,61,0,0,0,0,0,0,0,0,0,0,0,0,0,0,1,0
0,2,0,26,63,0,0,0,0,0,0,0,0,0,0,0,0,0,0,1,0
0,4,1,33,93,0,0,0,0,0,0,0,0,1,0,0,0,0,0,0,0
0,4,1,34,82,0,0,0,0,0,0,0,0,1,0,0,0,0,0,0,0
1,4,0,16,82,1,0,0,0,0,0,0,0,0,0,0,0,0,0,0,0
0,0,0,4,93,0,0,0,0,0,0,0,0,0,0,0,0,1,0,0,0
0,3,0,21,86,0,0,0,0,0,0,0,0,0,0,0,1,0,0,0,0
0,7,0,4,98,0,0,0,1,0,0,0,0,0,0,0,0,0,0,0,0
0,3,0,24,99,0,0,0,0,0,0,0,0,0,0,0,0,0,0,0,1
0,6,0,1,64,0,0,0,1,0,0,0,0,0,0,0,0,0,0,0,0
1,5,0,17,95,0,0,0,0,0,0,0,0,0,0,0,0,0,1,0,0
1,2,0,5,82,0,0,0,0,0,0,0,0,0,1,0,0,0,0,0,0
0,3,1,31,89,0,0,1,0,0,0,0,0,0,0,0,0,0,0,0,0
0,2,1,4,86,0,1,0,0,0,0,0,0,0,0,0,0,0,0,0,0
0,1,0,11,95,0,0,0,0,0,0,0,0,0,0,0,0,0,0,0,1
0,0,0,5,71,0,0,0,0,0,0,1,0,0,0,0,0,0,0,0,0
1,6,0,1,58,0,0,0,1,0,0,0,0,0,0,0,0,0,0,0,0
0,2,1,30,71,0,0,0,0,0,0,0,0,0,0,0,0,1,0,0,0
0,2,1,6,61,0,0,0,0,0,0,0,0,0,0,0,0,0,0,1,0
0,7,0,26,80,0,0,0,0,0,0,0,0,1,0,0,0,0,0,0,0
0,0,0,23,90,0,0,0,0,0,0,0,0,0,0,0,1,0,0,0,0
0,4,0,30,90,0,0,1,0,0,0,0,0,0,0,0,0,0,0,0,0
0,4,0,34,99,0,0,1,0,0,0,0,0,0,0,0,0,0,0,0,0
0,1,0,26,85,1,0,0,0,0,0,0,0,0,0,0,0,0,0,0,0
0,1,1,18,71,0,0,0,0,0,0,0,0,0,0,0,1,0,0,0,0
0,4,0,39,85,0,0,0,0,0,1,0,0,0,0,0,0,0,0,0,0
0,7,1,29,93,0,0,1,0,0,0,0,0,0,0,0,0,0,0,0,0
1,5,1,31,87,0,0,1,0,0,0,0,0,0,0,0,0,0,0,0,0
1,4,0,13,78,0,0,1,0,0,0,0,0,0,0,0,0,0,0,0,0
0,4,1,12,92,0,0,1,0,0,0,0,0,0,0,0,0,0,0,0,0
1,3,0,28,81,0,0,0,0,0,0,0,0,1,0,0,0,0,0,0,0
1,8,0,35,85,1,0,0,0,0,0,0,0,0,0,0,0,0,0,0,0
1,6,0,0,86,0,0,0,1,0,0,0,0,0,0,0,0,0,0,0,0
0,3,0,16,70,0,0,0,0,0,0,0,0,0,0,0,0,0,0,1,0
0,2,0,26,85,0,0,0,0,0,0,0,0,1,0,0,0,0,0,0,0
1,2,0,14,69,0,0,0,0,0,0,0,0,0,0,0,1,0,0,0,0
0,6,0,3,91,0,0,0,1,0,0,0,0,0,0,0,0,0,0,0,0
0,1,0,24,79,1,0,0,0,0,0,0,0,0,0,0,0,0,0,0,0
0,2,0,20,81,0,0,0,0,0,0,0,0,0,0,0,0,0,0,1,0
0,0,0,35,86,1,0,0,0,0,0,0,0,0,0,0,0,0,0,0,0
0,0,0,29,78,0,0,0,0,0,1,0,0,0,0,0,0,0,0,0,0
0,1,0,14,90,0,0,0,0,0,0,0,0,0,0,0,0,0,1,0,0
0,2,1,16,96,0,0,0,0,0,0,0,0,0,0,0,0,0,0,0,1
0,4,0,2,96,0,0,0,0,0,0,0,0,0,0,0,0,0,0,1,0
0,0,0,29,73,0,0,0,0,0,0,0,0,0,0,0,1,0,0,0,0
0,0,0,15,71,0,0,0,0,0,0,0,0,0,0,0,0,0,1,0,0
0,1,0,31,60,1,0,0,0,0,0,0,0,0,0,0,0,0,0,0,0
0,7,0,30,63,0,0,0,0,0,1,0,0,0,0,0,0,0,0,0,0
0,3,0,17,97,0,0,0,0,0,0,0,0,0,0,0,0,0,1,0,0
1,2,0,10,95,0,0,0,0,0,0,0,1,0,0,0,0,0,0,0,0
0,2,0,22,94,0,0,0,0,0,0,0,0,0,0,0,0,0,0,0,1
0,2,0,11,81,0,0,0,0,0,0,0,0,0,0,0,0,0,0,1,0
0,3,0,35,98,0,0,0,0,0,0,0,0,0,0,0,1,0,0,0,0
0,9,0,5,61,0,0,0,1,0,0,0,0,0,0,0,0,0,0,0,0
0,2,0,3,82,0,0,0,0,1,0,0,0,0,0,0,0,0,0,0,0
0,1,0,1,80,0,0,0,0,0,0,0,0,0,1,0,0,0,0,0,0
0,1,0,32,84,0,0,0,0,0,0,0,0,0,0,0,1,0,0,0,0
0,9,0,26,94,0,0,0,0,0,0,0,0,1,0,0,0,0,0,0,0
1,7,0,34,89,0,0,0,0,0,0,0,0,1,0,0,0,0,0,0,0
0,7,0,15,94,0,0,0,0,1,0,0,0,0,0,0,0,0,0,0,0
0,0,0,34,80,0,0,0,0,0,0,0,0,0,0,0,1,0,0,0,0
0,6,0,27,93,0,0,0,0,0,0,0,0,0,0,0,0,1,0,0,0
0,1,0,5,78,0,0,0,0,0,0,1,0,0,0,0,0,0,0,0,0
0,2,1,31,94,0,0,0,0,0,0,0,0,0,0,1,0,0,0,0,0
0,6,0,0,75,0,1,0,0,0,0,0,0,0,0,0,0,0,0,0,0
1,7,0,1,63,0,0,0,1,0,0,0,0,0,0,0,0,0,0,0,0
0,1,0,6,66,0,0,0,0,1,0,0,0,0,0,0,0,0,0,0,0
0,1,0,1,61,0,1,0,0,0,0,0,0,0,0,0,0,0,0,0,0
0,2,0,13,89,0,0,1,0,0,0,0,0,0,0,0,0,0,0,0,0
1,8,0,3,84,0,0,0,1,0,0,0,0,0,0,0,0,0,0,0,0
1,2,0,29,80,0,0,0,0,1,0,0,0,0,0,0,0,0,0,0,0
0,0,1,11,82,0,0,0,0,0,0,0,1,0,0,0,0,0,0,0,0
0,1,0,13,97,1,0,0,0,0,0,0,0,0,0,0,0,0,0,0,0
0,5,0,33,67,0,0,0,0,0,0,0,0,0,0,0,1,0,0,0,0
0,7,0,31,83,0,0,0,0,0,0,0,0,0,0,1,0,0,0,0,0
1,7,0,3,54,0,0,0,1,0,0,0,0,0,0,0,0,0,0,0,0
1,5,1,1,60,0,0,0,1,0,0,0,0,0,0,0,0,0,0,0,0
0,0,1,8,79,0,0,0,0,0,0,0,0,0,0,0,0,0,0,1,0
0,2,0,18,65,1,0,0,0,0,0,0,0,0,0,0,0,0,0,0,0
0,6,1,4,92,0,0,0,0,0,0,1,0,0,0,0,0,0,0,0,0
0,1,0,10,67,0,0,0,0,0,0,0,0,0,0,0,0,0,0,1,0
0,2,0,32,76,0,0,1,0,0,0,0,0,0,0,0,0,0,0,0,0
0,1,0,32,80,0,0,0,0,0,0,0,0,1,0,0,0,0,0,0,0
0,8,0,2,93,0,0,0,1,0,0,0,0,0,0,0,0,0,0,0,0
0,3,0,27,86,0,0,0,0,0,0,0,0,0,0,0,0,0,0,1,0
0,5,0,10,76,0,0,0,0,0,0,0,0,0,0,0,0,0,1,0,0
0,5,0,40,91,0,0,0,0,0,1,0,0,0,0,0,0,0,0,0,0
0,0,0,8,87,0,0,0,0,0,0,0,0,0,1,0,0,0,0,0,0
0,2,0,22,61,0,0,0,0,0,0,0,0,0,0,0,0,0,0,1,0
0,3,0,21,61,0,0,0,0,0,0,0,0,0,0,0,0,0,0,1,0
0,3,1,35,96,0,0,1,0,0,0,0,0,0,0,0,0,0,0,0,0
0,4,1,14,95,0,0,0,0,0,0,0,0,0,0,0,0,0,1,0,0
0,1,1,29,88,0,0,0,0,0,0,0,0,0,0,0,1,0,0,0,0
1,3,0,20,70,1,0,0,0,0,0,0,0,0,0,0,0,0,0,0,0
0,3,1,24,91,0,0,0,0,0,0,0,0,0,0,0,1,0,0,0,0
0,3,1,27,90,0,0,0,0,0,0,0,0,0,0,0,1,0,0,0,0
0,3,0,31,65,0,0,0,0,0,0,0,0,0,0,0,1,0,0,0,0
0,4,0,27,98,0,0,0,0,0,0,0,0,1,0,0,0,0,0,0,0
0,2,0,35,95,0,0,0,0,0,0,0,0,0,0,1,0,0,0,0,0
0,9,0,10,94,0,0,1,0,0,0,0,0,0,0,0,0,0,0,0,0
0,7,0,15,88,1,0,0,0,0,0,0,0,0,0,0,0,0,0,0,0
0,1,0,20,69,0,0,0,0,0,0,0,0,0,0,0,1,0,0,0,0
0,1,0,27,78,0,0,1,0,0,0,0,0,0,0,0,0,0,0,0,0
0,1,1,2,72,0,1,0,0,0,0,0,0,0,0,0,0,0,0,0,0
0,5,0,9,68,0,0,0,0,1,0,0,0,0,0,0,0,0,0,0,0
0,5,0,12,99,0,0,0,0,1,0,0,0,0,0,0,0,0,0,0,0
0,3,0,0,69,0,1,0,0,0,0,0,0,0,0,0,0,0,0,0,0
0,2,0,3,84,0,0,0,0,0,0,0,1,0,0,0,0,0,0,0,0
0,4,0,20,83,0,0,0,0,0,0,0,0,0,0,0,1,0,0,0,0
0,1,0,9,78,0,0,0,0,0,0,0,0,0,0,0,0,0,0,1,0
0,5,0,32,82,0,0,0,0,0,0,0,0,0,0,0,1,0,0,0,0
1,1,0,2,79,0,0,0,0,0,0,1,0,0,0,0,0,0,0,0,0
0,6,0,19,91,0,0,1,0,0,0,0,0,0,0,0,0,0,0,0,0
0,4,0,22,92,1,0,0,0,0,0,0,0,0,0,0,0,0,0,0,0
1,4,0,5,79,0,0,0,1,0,0,0,0,0,0,0,0,0,0,0,0
0,3,1,5,89,0,0,0,0,0,0,0,0,0,1,0,0,0,0,0,0
0,2,0,8,70,0,0,0,0,0,0,0,0,0,0,0,0,0,0,1,0
0,0,0,34,61,0,0,0,0,0,0,0,0,0,0,0,1,0,0,0,0
1,7,0,1,94,0,0,0,1,0,0,0,0,0,0,0,0,0,0,0,0
0,1,1,28,88,0,0,0,0,0,0,0,0,1,0,0,0,0,0,0,0
0,1,0,26,70,0,0,0,0,0,0,0,0,0,0,0,1,0,0,0,0
0,3,0,30,98,0,0,0,0,0,0,0,0,0,0,0,0,0,0,1,0
1,7,0,2,80,0,0,0,1,0,0,0,0,0,0,0,0,0,0,0,0
0,5,0,42,92,0,0,0,0,0,1,0,0,0,0,0,0,0,0,0,0
0,6,0,24,75,1,0,0,0,0,0,0,0,0,0,0,0,0,0,0,0
0,1,0,0,90,0,0,0,0,0,0,0,0,0,1,0,0,0,0,0,0
0,3,0,4,72,0,0,0,0,0,0,0,0,0,1,0,0,0,0,0,0
0,3,0,25,95,0,0,0,0,0,0,0,0,0,0,0,1,0,0,0,0
1,1,1,1,73,0,1,0,0,0,0,0,0,0,0,0,0,0,0,0,0
0,7,0,11,91,0,0,0,0,0,0,0,0,0,0,0,0,0,0,1,0
0,3,0,15,96,0,0,0,0,0,0,0,0,0,0,0,1,0,0,0,0
0,1,0,13,89,0,0,1,0,0,0,0,0,0,0,0,0,0,0,0,0
0,2,0,8,79,0,0,0,0,0,0,0,0,0,0,0,0,0,1,0,0
1,4,1,0,91,0,0,0,1,0,0,0,0,0,0,0,0,0,0,0,0
0,5,0,14,74,0,0,0,0,1,0,0,0,0,0,0,0,0,0,0,0
1,4,1,3,99,0,0,0,1,0,0,0,0,0,0,0,0,0,0,0,0
1,7,1,0,78,0,0,0,1,0,0,0,0,0,0,0,0,0,0,0,0
0,6,0,4,54,0,0,0,1,0,0,0,0,0,0,0,0,0,0,0,0
0,7,0,1,95,0,0,0,1,0,0,0,0,0,0,0,0,0,0,0,0
0,3,0,27,99,0,0,0,0,0,0,0,0,0,0,0,1,0,0,0,0
0,4,1,12,78,0,0,1,0,0,0,0,0,0,0,0,0,0,0,0,0
0,9,0,15,95,0,0,0,0,0,0,0,0,0,0,0,0,0,1,0,0
0,3,0,26,79,0,0,0,0,0,0,0,0,0,0,0,1,0,0,0,0
0,1,0,31,86,0,0,0,0,0,0,0,0,1,0,0,0,0,0,0,0
0,8,0,16,72,0,0,0,0,0,0,0,0,0,0,0,1,0,0,0,0
0,1,0,24,60,0,0,0,0,0,0,0,0,0,0,0,1,0,0,0,0
0,2,0,2,74,0,0,0,0,0,0,0,0,0,1,0,0,0,0,0,0
0,3,0,9,96,0,0,0,0,0,0,0,0,0,0,0,0,0,1,0,0
1,7,0,0,59,0,0,0,1,0,0,0,0,0,0,0,0,0,0,0,0
0,6,0,4,63,0,0,0,1,0,0,0,0,0,0,0,0,0,0,0,0
1,4,0,23,62,0,0,0,0,0,0,0,0,0,0,0,1,0,0,0,0
0,1,0,5,97,0,1,0,0,0,0,0,0,0,0,0,0,0,0,0,0
0,5,1,15,74,0,0,0,0,0,0,0,0,0,0,0,1,0,0,0,0
0,3,0,2,87,0,1,0,0,0,0,0,0,0,0,0,0,0,0,0,0
0,6,0,14,84,0,0,0,0,0,0,0,0,0,0,0,1,0,0,0,0
0,5,0,0,88,0,0,0,0,0,0,0,0,0,1,0,0,0,0,0,0
0,1,0,10,84,0,0,0,0,0,0,0,0,0,1,0,0,0,0,0,0
1,5,0,2,94,0,0,0,1,0,0,0,0,0,0,0,0,0,0,0,0
0,7,0,28,74,0,0,0,0,0,1,0,0,0,0,0,0,0,0,0,0
0,0,1,29,84,0,0,0,0,0,0,0,0,1,0,0,0,0,0,0,0
0,0,0,35,92,0,0,0,0,0,0,0,0,0,0,0,1,0,0,0,0
0,1,0,12,83,0,0,1,0,0,0,0,0,0,0,0,0,0,0,0,0
0,4,0,25,88,0,0,0,0,0,0,0,0,0,0,0,0,0,0,1,0
0,2,0,24,93,0,0,1,0,0,0,0,0,0,0,0,0,0,0,0,0
0,4,0,16,94,1,0,0,0,0,0,0,0,0,0,0,0,0,0,0,0
0,1,0,35,93,0,0,0,0,0,0,0,0,0,0,0,0,0,0,0,1
0,0,0,5,95,0,0,0,0,0,0,0,0,0,0,0,0,0,0,1,0
0,4,0,14,93,1,0,0,0,0,0,0,0,0,0,0,0,0,0,0,0
0,2,0,26,80,0,0,0,0,0,0,0,0,0,0,0,0,0,0,1,0
0,2,1,6,98,0,0,0,0,0,0,0,0,0,0,0,0,0,0,1,0
0,2,0,29,90,0,0,0,0,0,0,0,0,0,0,0,1,0,0,0,0
1,9,1,4,50,0,0,0,1,0,0,0,0,0,0,0,0,0,0,0,0
1,2,0,0,89,0,1,0,0,0,0,0,0,0,0,0,0,0,0,0,0
0,1,1,20,77,0,0,0,0,0,0,0,0,0,0,0,1,0,0,0,0
0,2,0,35,97,0,0,0,0,0,0,0,0,0,0,1,0,0,0,0,0
0,3,1,24,99,0,0,0,0,0,0,0,0,0,0,0,0,0,0,1,0
1,6,0,0,89,0,0,0,1,0,0,0,0,0,0,0,0,0,0,0,0
1,3,0,29,62,0,0,0,0,0,0,0,0,0,0,0,1,0,0,0,0
0,5,0,23,96,0,0,0,0,0,0,0,0,0,0,0,1,0,0,0,0
0,0,0,1,84,0,0,0,0,0,0,1,0,0,0,0,0,0,0,0,0
0,1,1,14,76,0,0,0,0,0,0,0,0,0,0,0,0,0,0,1,0
0,2,0,4,79,0,0,0,0,0,0,1,0,0,0,0,0,0,0,0,0
1,6,0,3,83,0,0,0,1,0,0,0,0,0,0,0,0,0,0,0,0
0,9,0,3,81,0,0,0,1,0,0,0,0,0,0,0,0,0,0,0,0
0,3,0,33,77,0,0,0,0,0,0,0,0,0,0,1,0,0,0,0,0
0,2,1,10,77,0,0,0,0,0,0,0,0,0,1,0,0,0,0,0,0
1,2,0,29,64,0,0,0,0,0,0,0,0,0,0,0,0,0,0,1,0
0,0,1,29,95,0,0,1,0,0,0,0,0,0,0,0,0,0,0,0,0
0,3,0,18,82,0,0,0,0,0,0,0,0,0,0,0,0,0,0,1,0
0,3,1,5,81,0,1,0,0,0,0,0,0,0,0,0,0,0,0,0,0
0,4,0,27,84,1,0,0,0,0,0,0,0,0,0,0,0,0,0,0,0
0,4,0,32,82,0,0,1,0,0,0,0,0,0,0,0,0,0,0,0,0
1,7,0,5,80,0,0,0,1,0,0,0,0,0,0,0,0,0,0,0,0
0,7,0,7,75,0,0,0,0,0,0,0,0,0,0,0,0,0,0,1,0
0,3,0,22,94,0,0,1,0,0,0,0,0,0,0,0,0,0,0,0,0
0,7,0,18,88,1,0,0,0,0,0,0,0,0,0,0,0,0,0,0,0
0,6,0,4,80,0,0,0,0,0,0,0,1,0,0,0,0,0,0,0,0
1,7,0,32,94,0,0,0,0,0,0,0,0,0,0,0,0,0,0,0,1
0,2,0,34,94,0,0,0,0,0,0,0,0,0,0,1,0,0,0,0,0
0,5,0,28,95,0,0,0,0,0,0,0,0,1,0,0,0,0,0,0,0
0,2,0,28,92,0,0,1,0,0,0,0,0,0,0,0,0,0,0,0,0
0,6,0,28,86,0,0,0,0,0,0,0,0,1,0,0,0,0,0,0,0
0,4,1,44,89,0,0,0,0,0,1,0,0,0,0,0,0,0,0,0,0
1,0,0,13,88,0,0,0,0,0,0,0,0,0,0,0,0,0,0,1,0
0,3,0,16,74,1,0,0,0,0,0,0,0,0,0,0,0,0,0,0,0
0,1,0,18,96,0,0,1,0,0,0,0,0,0,0,0,0,0,0,0,0
0,1,0,28,94,0,0,0,0,0,0,0,0,0,0,0,0,0,0,1,0
0,5,0,29,80,0,0,0,0,0,0,0,0,1,0,0,0,0,0,0,0
0,8,0,30,95,0,0,0,0,0,0,0,0,1,0,0,0,0,0,0,0
0,1,1,32,62,0,0,0,0,0,0,0,0,0,0,0,1,0,0,0,0
0,0,0,19,74,0,0,0,0,0,0,0,0,0,0,0,1,0,0,0,0
0,2,0,18,97,0,0,0,0,0,0,0,0,0,0,0,1,0,0,0,0
0,5,0,23,62,0,0,0,0,0,1,0,0,0,0,0,0,0,0,0,0
1,8,0,1,86,0,0,0,1,0,0,0,0,0,0,0,0,0,0,0,0
0,4,0,13,94,1,0,0,0,0,0,0,0,0,0,0,0,0,0,0,0
0,1,0,1,86,0,0,0,1,0,0,0,0,0,0,0,0,0,0,0,0
0,5,0,27,76,0,0,0,0,0,0,0,0,0,0,0,0,0,0,1,0
1,7,0,4,87,0,0,0,1,0,0,0,0,0,0,0,0,0,0,0,0
0,9,0,4,50,0,0,0,1,0,0,0,0,0,0,0,0,0,0,0,0
0,3,0,6,76,0,0,0,0,0,0,0,0,0,0,0,0,0,0,1,0
1,5,0,4,80,0,0,0,1,0,0,0,0,0,0,0,0,0,0,0,0
0,4,0,22,80,0,0,0,0,0,0,0,0,0,0,0,1,0,0,0,0
0,3,1,25,81,0,0,1,0,0,0,0,0,0,0,0,0,0,0,0,0
0,3,0,19,87,1,0,0,0,0,0,0,0,0,0,0,0,0,0,0,0
0,0,0,19,89,0,0,0,0,0,0,0,0,0,0,0,1,0,0,0,0
0,5,0,1,86,0,0,0,0,0,0,1,0,0,0,0,0,0,0,0,0
0,1,0,31,98,0,0,0,0,0,0,0,0,0,0,1,0,0,0,0,0
0,6,1,32,82,0,0,0,0,0,0,0,0,1,0,0,0,0,0,0,0
0,5,0,33,92,0,0,0,0,0,0,0,0,0,0,0,1,0,0,0,0
0,0,0,11,81,0,0,0,0,0,0,0,0,0,0,0,0,0,1,0,0
0,0,0,33,82,1,0,0,0,0,0,0,0,0,0,0,0,0,0,0,0
0,3,0,10,94,0,0,0,0,0,0,0,0,0,0,0,0,0,1,0,0
0,3,0,38,92,0,0,0,0,0,1,0,0,0,0,0,0,0,0,0,0
0,3,1,35,98,0,0,0,0,0,0,0,0,0,0,0,0,0,0,1,0
0,6,0,5,94,0,0,0,0,0,0,0,0,0,0,0,0,0,0,1,0
1,1,1,15,92,0,0,1,0,0,0,0,0,0,0,0,0,0,0,0,0
0,3,0,28,91,0,0,0,0,0,1,0,0,0,0,0,0,0,0,0,0
0,1,0,5,70,0,0,0,0,0,0,0,0,0,1,0,0,0,0,0,0
0,8,1,28,79,0,0,1,0,0,0,0,0,0,0,0,0,0,0,0,0
0,2,0,29,77,0,0,0,0,0,0,0,0,0,0,0,0,0,0,1,0
0,3,1,14,81,1,0,0,0,0,0,0,0,0,0,0,0,0,0,0,0
0,4,0,14,95,0,0,0,0,0,0,0,0,0,0,0,0,0,1,0,0
0,4,1,11,80,0,0,0,0,1,0,0,0,0,0,0,0,0,0,0,0
0,3,0,28,90,0,0,0,0,0,0,0,0,1,0,0,0,0,0,0,0
0,1,0,31,90,0,0,0,0,0,0,0,0,0,0,0,0,0,0,0,1
1,6,0,2,74,0,0,0,1,0,0,0,0,0,0,0,0,0,0,0,0
0,0,0,32,65,1,0,0,0,0,0,0,0,0,0,0,0,0,0,0,0
0,3,0,3,99,0,0,0,0,0,0,0,0,0,1,0,0,0,0,0,0
1,1,0,33,98,1,0,0,0,0,0,0,0,0,0,0,0,0,0,0,0
0,3,0,4,84,0,0,0,1,0,0,0,0,0,0,0,0,0,0,0,0
1,4,0,0,78,0,0,0,1,0,0,0,0,0,0,0,0,0,0,0,0
0,2,0,10,79,0,0,0,0,0,0,0,0,0,0,0,0,1,0,0,0
0,8,0,11,82,0,0,1,0,0,0,0,0,0,0,0,0,0,0,0,0
0,2,1,29,95,0,0,0,0,0,0,0,0,0,0,0,1,0,0,0,0
0,1,0,25,68,0,0,0,0,0,0,0,0,0,0,0,1,0,0,0,0
0,0,0,15,81,0,0,0,0,0,0,0,0,0,0,0,0,0,1,0,0
1,3,1,0,71,0,1,0,0,0,0,0,0,0,0,0,0,0,0,0,0
1,5,0,4,87,0,0,0,1,0,0,0,0,0,0,0,0,0,0,0,0
0,5,0,34,83,1,0,0,0,0,0,0,0,0,0,0,0,0,0,0,0
0,7,0,8,67,0,0,0,0,0,0,0,1,0,0,0,0,0,0,0,0
0,1,1,3,71,0,0,0,0,0,0,0,0,0,0,0,0,0,0,1,0
1,9,0,4,64,0,0,0,1,0,0,0,0,0,0,0,0,0,0,0,0
0,1,0,2,76,0,1,0,0,0,0,0,0,0,0,0,0,0,0,0,0
0,4,0,4,72,0,1,0,0,0,0,0,0,0,0,0,0,0,0,0,0
0,7,0,49,88,0,0,0,0,0,1,0,0,0,0,0,0,0,0,0,0
0,3,0,12,85,0,0,0,0,0,0,0,0,0,0,0,0,0,1,0,0
0,6,0,9,80,0,0,0,0,0,0,0,1,0,0,0,0,0,0,0,0
0,3,0,38,90,0,0,0,0,0,1,0,0,0,0,0,0,0,0,0,0
0,4,0,7,94,0,0,0,0,0,0,0,0,0,0,0,0,1,0,0,0
0,3,1,30,83,0,0,0,0,0,0,0,0,0,0,0,1,0,0,0,0
0,3,1,11,91,0,0,0,0,0,0,0,0,0,0,0,0,0,0,1,0
0,7,0,4,74,0,0,0,1,0,0,0,0,0,0,0,0,0,0,0,0
0,9,1,6,67,0,0,0,0,0,0,0,0,0,1,0,0,0,0,0,0
0,1,0,1,62,0,0,0,0,0,0,0,0,0,1,0,0,0,0,0,0
0,7,0,21,75,0,0,0,0,0,0,0,0,0,0,0,0,1,0,0,0
0,3,0,35,90,0,0,0,0,0,1,0,0,0,0,0,0,0,0,0,0
0,0,0,33,83,0,0,0,0,0,0,0,0,1,0,0,0,0,0,0,0
0,6,0,4,73,0,0,0,0,0,0,0,0,0,1,0,0,0,0,0,0
0,5,0,7,68,0,0,0,0,0,0,0,1,0,0,0,0,0,0,0,0
0,2,0,34,93,0,0,0,0,0,0,0,0,0,0,0,0,1,0,0,0
1,2,0,17,79,0,0,0,0,0,0,0,0,0,0,0,1,0,0,0,0
0,2,1,9,88,0,0,0,0,0,0,0,0,0,1,0,0,0,0,0,0
0,2,0,3,65,0,0,0,0,0,0,0,0,0,1,0,0,0,0,0,0
0,5,0,28,82,0,0,1,0,0,0,0,0,0,0,0,0,0,0,0,0
0,5,0,28,71,0,0,0,0,0,0,0,0,0,0,0,0,1,0,0,0
0,2,0,26,60,0,0,0,0,0,1,0,0,0,0,0,0,0,0,0,0
0,3,0,15,98,0,0,0,0,0,0,0,0,0,0,0,0,0,1,0,0
0,3,0,33,72,0,0,0,0,0,0,0,0,0,0,0,0,0,0,1,0
0,3,1,31,98,0,0,0,0,0,0,0,0,0,0,0,0,0,0,0,1
0,1,0,26,63,0,0,0,0,0,0,0,0,0,0,0,0,0,0,1,0
0,9,0,3,85,0,0,0,1,0,0,0,0,0,0,0,0,0,0,0,0
1,3,0,24,60,0,0,0,0,0,1,0,0,0,0,0,0,0,0,0,0
0,1,1,28,76,0,0,1,0,0,0,0,0,0,0,0,0,0,0,0,0
1,9,1,5,65,0,0,0,1,0,0,0,0,0,0,0,0,0,0,0,0
0,2,0,12,93,0,0,0,0,0,0,0,0,0,0,0,0,0,1,0,0
0,4,0,26,97,0,0,0,0,0,0,0,0,1,0,0,0,0,0,0,0
0,4,0,18,84,1,0,0,0,0,0,0,0,0,0,0,0,0,0,0,0
0,5,0,31,95,1,0,0,0,0,0,0,0,0,0,0,0,0,0,0,0
0,1,0,17,72,0,0,0,0,0,0,0,0,0,0,0,0,0,1,0,0
0,2,1,23,73,0,0,0,0,0,0,0,0,0,0,0,1,0,0,0,0
0,0,0,13,66,0,0,0,0,1,0,0,0,0,0,0,0,0,0,0,0
0,3,0,35,97,0,0,0,0,0,0,0,0,0,0,0,0,0,0,1,0
0,5,0,35,89,0,0,0,0,1,0,0,0,0,0,0,0,0,0,0,0
0,1,0,22,61,0,0,0,0,0,1,0,0,0,0,0,0,0,0,0,0
0,1,0,16,86,0,0,0,0,0,0,0,0,0,0,0,0,0,1,0,0
0,3,1,21,90,0,0,0,0,0,0,0,0,0,0,0,0,0,0,0,1
0,6,0,24,96,1,0,0,0,0,0,0,0,0,0,0,0,0,0,0,0
0,5,0,3,99,0,1,0,0,0,0,0,0,0,0,0,0,0,0,0,0
0,2,0,34,65,0,0,0,0,0,0,0,0,0,0,0,1,0,0,0,0
0,6,1,2,62,0,0,0,1,0,0,0,0,0,0,0,0,0,0,0,0
0,2,0,17,68,0,0,0,0,0,0,0,0,0,0,0,1,0,0,0,0
0,3,1,27,93,0,0,0,0,0,0,0,0,0,0,0,0,0,0,1,0
1,4,1,24,78,0,0,0,0,0,0,0,0,0,0,0,0,1,0,0,0
0,1,0,24,89,0,0,0,0,0,0,0,0,1,0,0,0,0,0,0,0
0,4,0,0,84,0,0,0,1,0,0,0,0,0,0,0,0,0,0,0,0
0,2,0,21,75,0,0,0,0,0,0,0,0,0,0,0,1,0,0,0,0
0,1,0,5,99,0,0,0,0,0,0,1,0,0,0,0,0,0,0,0,0
0,4,0,8,79,0,0,0,0,0,0,0,1,0,0,0,0,0,0,0,0
0,0,0,1,69,0,0,0,0,0,0,1,0,0,0,0,0,0,0,0,0
1,9,1,5,88,0,0,0,1,0,0,0,0,0,0,0,0,0,0,0,0
1,1,1,26,84,0,0,1,0,0,0,0,0,0,0,0,0,0,0,0,0
0,2,0,24,95,0,0,1,0,0,0,0,0,0,0,0,0,0,0,0,0
0,5,0,24,80,0,0,1,0,0,0,0,0,0,0,0,0,0,0,0,0
0,2,0,15,95,0,0,1,0,0,0,0,0,0,0,0,0,0,0,0,0
0,5,0,32,75,0,0,1,0,0,0,0,0,0,0,0,0,0,0,0,0
0,3,0,26,77,1,0,0,0,0,0,0,0,0,0,0,0,0,0,0,0
1,2,1,20,76,0,0,0,0,0,0,0,0,0,0,0,0,1,0,0,0
0,5,0,5,60,0,1,0,0,0,0,0,0,0,0,0,0,0,0,0,0
0,2,0,34,92,0,0,1,0,0,0,0,0,0,0,0,0,0,0,0,0
0,6,0,34,98,0,0,0,0,0,0,0,0,0,0,0,0,0,0,0,1
0,4,0,27,60,1,0,0,0,0,0,0,0,0,0,0,0,0,0,0,0
1,3,0,12,80,0,0,0,0,0,0,0,0,0,0,0,0,0,1,0,0
1,3,0,4,70,0,0,0,0,0,0,1,0,0,0,0,0,0,0,0,0
0,4,0,18,73,1,0,0,0,0,0,0,0,0,0,0,0,0,0,0,0
0,0,0,29,83,0,0,0,0,0,0,0,0,1,0,0,0,0,0,0,0
0,1,0,13,93,0,0,0,0,0,0,0,0,0,0,0,0,0,0,0,1
0,6,0,15,96,0,0,0,0,0,0,0,0,0,0,0,1,0,0,0,0
0,3,0,27,78,1,0,0,0,0,0,0,0,0,0,0,0,0,0,0,0
0,5,1,24,93,1,0,0,0,0,0,0,0,0,0,0,0,0,0,0,0
0,6,0,27,83,0,0,1,0,0,0,0,0,0,0,0,0,0,0,0,0
0,2,0,25,60,1,0,0,0,0,0,0,0,0,0,0,0,0,0,0,0
0,5,0,14,81,0,0,1,0,0,0,0,0,0,0,0,0,0,0,0,0
0,7,0,5,87,0,0,0,1,0,0,0,0,0,0,0,0,0,0,0,0
0,7,1,5,54,0,0,0,1,0,0,0,0,0,0,0,0,0,0,0,0
0,8,0,4,76,0,0,0,1,0,0,0,0,0,0,0,0,0,0,0,0
0,1,1,29,90,1,0,0,0,0,0,0,0,0,0,0,0,0,0,0,0
0,2,0,16,98,0,0,0,0,0,0,0,0,0,0,0,0,0,1,0,0
1,3,0,28,78,0,0,0,0,0,0,0,0,0,0,0,1,0,0,0,0
0,7,0,31,83,0,0,0,0,0,0,0,0,1,0,0,0,0,0,0,0
0,9,0,5,68,0,0,0,1,0,0,0,0,0,0,0,0,0,0,0,0
0,7,0,0,95,0,0,0,1,0,0,0,0,0,0,0,0,0,0,0,0
0,6,1,19,66,0,0,0,0,0,0,0,0,0,0,0,1,0,0,0,0
0,2,0,26,82,1,0,0,0,0,0,0,0,0,0,0,0,0,0,0,0
0,1,0,3,91,0,1,0,0,0,0,0,0,0,0,0,0,0,0,0,0
0,5,0,24,85,0,0,0,0,0,1,0,0,0,0,0,0,0,0,0,0
0,5,0,1,64,0,1,0,0,0,0,0,0,0,0,0,0,0,0,0,0
0,1,0,25,98,0,0,0,0,0,0,0,0,0,0,0,1,0,0,0,0
0,3,1,14,91,0,0,0,0,0,0,0,0,0,0,0,0,0,1,0,0
0,2,1,9,90,0,0,0,0,0,0,0,0,0,1,0,0,0,0,0,0
0,1,0,8,75,0,0,0,0,0,0,0,0,0,0,0,0,0,1,0,0
0,3,0,11,93,0,0,1,0,0,0,0,0,0,0,0,0,0,0,0,0
0,2,0,21,62,0,0,0,0,0,0,0,0,0,0,0,0,0,0,1,0
0,1,0,28,96,0,0,0,0,0,0,0,0,0,0,0,0,0,0,1,0
1,9,0,4,67,0,0,0,1,0,0,0,0,0,0,0,0,0,0,0,0
0,1,0,33,87,0,0,0,0,0,0,0,0,1,0,0,0,0,0,0,0
1,5,0,3,91,0,0,0,1,0,0,0,0,0,0,0,0,0,0,0,0
0,1,0,15,93,0,0,1,0,0,0,0,0,0,0,0,0,0,0,0,0
0,2,0,23,90,0,0,0,0,0,0,0,0,0,0,0,1,0,0,0,0
0,2,0,32,84,0,0,0,0,0,0,0,0,0,0,1,0,0,0,0,0
0,5,0,9,83,0,0,0,0,0,0,0,0,0,0,0,0,0,1,0,0
0,3,0,16,70,0,0,0,0,0,0,0,0,0,0,0,1,0,0,0,0
0,3,1,5,93,0,1,0,0,0,0,0,0,0,0,0,0,0,0,0,0
0,2,0,28,63,0,0,0,0,0,0,0,0,0,0,0,1,0,0,0,0
1,2,0,13,90,0,0,1,0,0,0,0,0,0,0,0,0,0,0,0,0
0,5,0,26,95,0,0,1,0,0,0,0,0,0,0,0,0,0,0,0,0
0,3,0,4,68,0,0,0,1,0,0,0,0,0,0,0,0,0,0,0,0
0,6,1,14,63,0,0,0,0,0,0,0,0,0,0,0,1,0,0,0,0
0,3,0,34,98,0,0,0,0,0,0,0,0,1,0,0,0,0,0,0,0
0,4,0,30,80,0,0,1,0,0,0,0,0,0,0,0,0,0,0,0,0
0,1,0,15,96,0,0,0,0,0,0,0,0,0,0,0,0,0,1,0,0
0,2,0,5,85,0,0,0,0,0,0,0,0,0,1,0,0,0,0,0,0
1,1,0,28,68,0,0,0,0,0,1,0,0,0,0,0,0,0,0,0,0
1,9,0,1,93,0,0,0,1,0,0,0,0,0,0,0,0,0,0,0,0
0,2,0,22,82,0,0,0,0,0,1,0,0,0,0,0,0,0,0,0,0
1,1,0,0,87,0,0,0,1,0,0,0,0,0,0,0,0,0,0,0,0
0,0,0,20,62,1,0,0,0,0,0,0,0,0,0,0,0,0,0,0,0
0,1,0,35,92,0,0,0,0,1,0,0,0,0,0,0,0,0,0,0,0
0,2,0,3,90,0,0,0,1,0,0,0,0,0,0,0,0,0,0,0,0
0,1,0,27,89,0,0,0,0,0,0,0,0,0,0,0,0,0,0,1,0
0,2,1,19,87,0,0,0,0,0,0,0,0,0,0,0,1,0,0,0,0
0,2,0,9,84,0,0,0,0,0,0,0,0,0,0,0,0,0,1,0,0
0,1,0,28,87,0,0,0,0,0,0,0,0,0,0,0,1,0,0,0,0
1,1,0,35,92,0,0,1,0,0,0,0,0,0,0,0,0,0,0,0,0
1,2,0,35,85,0,0,0,0,0,0,0,0,0,0,0,1,0,0,0,0
0,3,0,26,79,0,0,0,0,1,0,0,0,0,0,0,0,0,0,0,0
0,4,0,26,97,0,0,1,0,0,0,0,0,0,0,0,0,0,0,0,0
0,5,1,3,60,0,0,0,0,0,0,0,0,0,1,0,0,0,0,0,0
0,1,0,22,91,0,0,0,0,0,0,0,0,0,0,0,0,0,0,1,0
0,2,0,23,92,0,0,0,0,1,0,0,0,0,0,0,0,0,0,0,0
0,1,0,26,86,0,0,1,0,0,0,0,0,0,0,0,0,0,0,0,0
0,4,0,1,85,0,0,0,0,0,0,0,0,0,1,0,0,0,0,0,0
0,2,0,7,80,0,0,0,0,0,0,0,0,0,0,0,0,0,1,0,0
0,1,1,4,61,0,0,0,0,0,0,0,0,0,1,0,0,0,0,0,0
0,4,0,5,78,0,0,0,0,0,0,0,0,0,0,0,0,0,0,1,0
0,3,0,49,99,0,0,0,0,0,1,0,0,0,0,0,0,0,0,0,0
1,5,1,10,63,0,0,0,0,1,0,0,0,0,0,0,0,0,0,0,0
0,1,0,13,96,0,0,0,0,0,0,0,1,0,0,0,0,0,0,0,0
0,6,1,25,76,0,0,1,0,0,0,0,0,0,0,0,0,0,0,0,0
0,2,0,35,96,0,0,0,0,0,0,0,0,1,0,0,0,0,0,0,0
0,4,0,13,92,0,0,0,0,0,0,0,0,0,0,0,0,0,1,0,0
0,2,0,20,71,0,0,0,0,0,0,0,0,0,0,0,0,0,0,1,0
0,2,1,18,71,0,0,0,0,0,0,0,0,0,0,0,0,0,1,0,0
0,0,0,10,62,0,0,0,0,0,0,0,0,0,1,0,0,0,0,0,0
0,4,1,4,81,0,1,0,0,0,0,0,0,0,0,0,0,0,0,0,0
0,3,0,15,89,0,0,0,0,0,0,0,0,0,0,0,0,0,1,0,0
0,1,1,16,86,0,0,1,0,0,0,0,0,0,0,0,0,0,0,0,0
0,1,1,26,79,0,0,0,0,0,0,0,0,0,0,0,1,0,0,0,0
0,5,0,24,74,0,0,0,0,0,1,0,0,0,0,0,0,0,0,0,0
0,3,1,20,83,0,0,0,0,0,0,0,0,0,0,0,1,0,0,0,0
1,5,1,1,87,0,0,0,1,0,0,0,0,0,0,0,0,0,0,0,0
0,2,0,5,72,0,0,0,1,0,0,0,0,0,0,0,0,0,0,0,0
0,1,1,27,98,0,0,0,0,0,0,0,0,0,0,0,1,0,0,0,0
1,9,0,4,75,0,0,0,1,0,0,0,0,0,0,0,0,0,0,0,0
1,8,1,4,84,0,0,0,1,0,0,0,0,0,0,0,0,0,0,0,0
0,3,0,31,98,0,0,0,0,0,0,0,0,0,0,0,0,1,0,0,0
0,3,0,15,83,0,0,1,0,0,0,0,0,0,0,0,0,0,0,0,0
1,0,0,27,66,0,0,0,0,0,0,0,0,0,0,0,1,0,0,0,0
0,3,1,5,80,0,0,0,0,0,0,0,0,0,1,0,0,0,0,0,0
0,9,0,21,96,0,0,1,0,0,0,0,0,0,0,0,0,0,0,0,0
0,2,0,13,90,0,0,0,0,0,0,0,0,0,0,0,0,0,1,0,0
0,7,0,10,99,0,0,0,0,0,0,0,0,0,0,0,0,0,0,1,0
0,4,0,25,93,0,0,0,0,0,0,0,0,0,0,0,1,0,0,0,0
0,4,0,13,99,0,0,0,0,0,0,0,0,0,0,0,0,0,0,1,0
0,4,0,1,68,0,0,0,0,0,0,0,0,0,1,0,0,0,0,0,0
1,2,0,11,76,0,0,0,0,0,0,0,0,0,0,0,0,1,0,0,0
0,1,0,26,95,0,0,0,0,0,0,0,0,1,0,0,0,0,0,0,0
0,0,0,12,78,0,0,0,0,0,0,0,0,0,0,0,0,0,1,0,0
0,5,0,28,77,1,0,0,0,0,0,0,0,0,0,0,0,0,0,0,0
0,1,0,34,92,0,0,0,0,0,0,0,0,0,0,0,0,0,0,1,0
0,6,0,17,61,0,0,0,0,0,0,0,0,0,0,0,1,0,0,0,0
0,2,0,31,66,0,0,0,0,0,0,0,0,0,0,0,1,0,0,0,0
0,7,0,14,94,0,0,0,0,0,0,0,0,0,0,0,1,0,0,0,0
0,2,0,2,77,0,0,0,0,0,0,1,0,0,0,0,0,0,0,0,0
0,2,0,2,88,0,1,0,0,0,0,0,0,0,0,0,0,0,0,0,0
0,1,0,5,75,0,1,0,0,0,0,0,0,0,0,0,0,0,0,0,0
0,3,0,23,77,0,0,1,0,0,0,0,0,0,0,0,0,0,0,0,0
0,6,0,3,58,0,0,0,1,0,0,0,0,0,0,0,0,0,0,0,0
0,4,0,21,91,0,0,0,0,0,0,0,0,0,0,0,1,0,0,0,0
0,0,0,25,91,0,0,0,0,0,0,0,0,1,0,0,0,0,0,0,0
0,3,0,10,65,0,0,0,0,0,0,0,1,0,0,0,0,0,0,0,0
0,2,0,7,63,0,0,0,0,0,0,0,0,0,0,0,0,0,0,1,0
0,4,0,2,73,0,0,0,0,0,0,0,0,0,0,0,0,0,0,1,0
0,6,0,15,75,1,0,0,0,0,0,0,0,0,0,0,0,0,0,0,0
0,4,0,2,98,0,0,0,0,0,0,0,0,0,0,0,0,0,0,1,0
0,5,0,35,89,0,0,1,0,0,0,0,0,0,0,0,0,0,0,0,0
0,5,0,32,92,0,0,0,0,0,0,0,0,0,0,0,1,0,0,0,0
1,4,0,24,84,0,0,0,0,0,0,0,0,0,0,0,1,0,0,0,0
0,7,0,3,68,0,0,0,0,0,0,1,0,0,0,0,0,0,0,0,0
0,5,0,31,98,0,0,0,0,1,0,0,0,0,0,0,0,0,0,0,0
0,1,0,17,91,0,0,1,0,0,0,0,0,0,0,0,0,0,0,0,0
1,4,0,0,53,0,0,0,1,0,0,0,0,0,0,0,0,0,0,0,0
1,5,0,4,54,0,0,0,1,0,0,0,0,0,0,0,0,0,0,0,0
0,7,0,12,74,0,0,0,0,0,0,0,0,0,0,0,0,0,0,1,0
1,2,0,48,96,0,0,0,0,0,1,0,0,0,0,0,0,0,0,0,0
0,1,1,31,75,0,0,1,0,0,0,0,0,0,0,0,0,0,0,0,0
1,9,0,19,62,1,0,0,0,0,0,0,0,0,0,0,0,0,0,0,0
0,0,0,17,84,0,0,0,0,0,0,0,0,0,0,0,1,0,0,0,0
0,2,0,11,92,0,0,0,0,0,0,0,0,0,0,0,0,0,1,0,0
1,2,1,32,85,0,0,0,0,0,1,0,0,0,0,0,0,0,0,0,0
0,8,0,14,76,0,0,1,0,0,0,0,0,0,0,0,0,0,0,0,0
0,2,1,13,89,0,0,0,0,0,0,0,0,0,0,0,0,0,0,1,0
0,5,0,32,81,0,0,0,0,0,0,0,0,1,0,0,0,0,0,0,0
1,6,0,0,87,0,0,0,1,0,0,0,0,0,0,0,0,0,0,0,0
0,6,0,34,66,1,0,0,0,0,0,0,0,0,0,0,0,0,0,0,0
0,3,0,5,76,0,0,0,0,0,0,1,0,0,0,0,0,0,0,0,0
0,7,0,20,64,0,0,0,0,1,0,0,0,0,0,0,0,0,0,0,0
0,9,0,2,91,0,0,0,1,0,0,0,0,0,0,0,0,0,0,0,0
0,3,1,1,93,0,0,0,0,0,0,0,0,0,1,0,0,0,0,0,0
0,5,0,35,87,0,0,0,0,0,0,0,0,1,0,0,0,0,0,0,0
1,3,0,2,97,0,0,0,1,0,0,0,0,0,0,0,0,0,0,0,0
0,7,0,5,67,0,0,0,1,0,0,0,0,0,0,0,0,0,0,0,0
0,3,0,24,93,0,0,0,0,0,0,0,0,0,0,0,1,0,0,0,0
0,0,0,5,61,0,1,0,0,0,0,0,0,0,0,0,0,0,0,0,0
0,6,0,3,73,0,0,0,0,0,0,1,0,0,0,0,0,0,0,0,0
0,1,0,33,81,0,0,0,0,0,0,0,0,1,0,0,0,0,0,0,0
1,5,0,32,78,0,0,1,0,0,0,0,0,0,0,0,0,0,0,0,0
0,4,0,6,84,0,0,0,0,0,0,0,0,0,0,0,0,0,0,1,0
0,7,0,1,70,0,0,0,1,0,0,0,0,0,0,0,0,0,0,0,0
0,1,1,21,91,0,0,1,0,0,0,0,0,0,0,0,0,0,0,0,0
0,4,0,31,89,0,0,0,0,0,0,0,0,1,0,0,0,0,0,0,0
0,6,0,5,61,0,0,0,0,0,0,0,0,0,1,0,0,0,0,0,0
0,2,0,22,91,0,0,0,0,0,0,0,0,0,0,0,0,1,0,0,0
0,8,1,1,96,0,0,0,1,0,0,0,0,0,0,0,0,0,0,0,0
0,5,0,26,69,0,0,0,0,0,1,0,0,0,0,0,0,0,0,0,0
0,4,1,18,61,0,0,0,0,0,0,0,0,0,0,0,0,0,0,1,0
0,5,0,24,99,0,0,0,0,0,0,0,0,0,0,0,1,0,0,0,0
0,1,1,19,63,0,0,0,0,0,0,0,0,0,0,0,0,0,0,1,0
0,2,0,29,84,0,0,0,0,0,0,0,0,0,0,0,1,0,0,0,0
0,5,0,4,90,0,1,0,0,0,0,0,0,0,0,0,0,0,0,0,0
0,4,0,15,99,0,0,0,0,0,0,0,0,0,0,0,1,0,0,0,0
0,5,0,32,77,0,0,0,0,0,0,0,0,0,0,0,1,0,0,0,0
0,4,1,29,64,0,0,0,0,0,0,0,0,0,0,0,1,0,0,0,0
0,5,0,29,82,0,0,0,0,0,0,0,0,1,0,0,0,0,0,0,0
1,5,0,0,91,0,0,0,1,0,0,0,0,0,0,0,0,0,0,0,0
1,6,0,1,73,0,0,0,1,0,0,0,0,0,0,0,0,0,0,0,0
0,3,0,42,92,0,0,0,0,0,1,0,0,0,0,0,0,0,0,0,0
1,9,1,2,60,0,0,0,1,0,0,0,0,0,0,0,0,0,0,0,0
1,4,0,18,62,0,0,0,0,0,0,0,0,0,0,0,1,0,0,0,0
0,2,1,35,95,0,0,0,0,0,0,0,0,0,0,0,1,0,0,0,0
0,2,0,21,77,0,0,1,0,0,0,0,0,0,0,0,0,0,0,0,0
0,5,0,2,79,0,0,0,1,0,0,0,0,0,0,0,0,0,0,0,0
1,6,0,18,76,0,0,1,0,0,0,0,0,0,0,0,0,0,0,0,0
0,8,0,21,74,1,0,0,0,0,0,0,0,0,0,0,0,0,0,0,0
0,8,0,34,98,0,0,0,0,0,0,0,0,1,0,0,0,0,0,0,0
0,3,0,9,76,0,0,0,0,0,0,0,1,0,0,0,0,0,0,0,0
0,3,0,31,72,0,0,0,0,0,0,0,0,0,0,0,1,0,0,0,0
0,3,1,5,77,0,0,0,0,0,0,0,1,0,0,0,0,0,0,0,0
0,2,0,4,62,0,0,0,1,0,0,0,0,0,0,0,0,0,0,0,0
0,1,0,15,82,0,0,0,0,0,0,0,0,0,0,0,0,0,1,0,0
0,0,1,18,62,0,0,0,0,0,0,0,0,0,0,0,0,0,0,1,0
0,3,0,25,94,0,0,1,0,0,0,0,0,0,0,0,0,0,0,0,0
0,3,0,23,99,0,0,1,0,0,0,0,0,0,0,0,0,0,0,0,0
0,6,0,8,84,0,0,0,0,0,0,0,0,0,1,0,0,0,0,0,0
1,8,0,2,89,0,0,0,1,0,0,0,0,0,0,0,0,0,0,0,0
0,2,1,34,91,0,0,0,0,0,0,0,0,1,0,0,0,0,0,0,0
0,1,0,7,89,0,0,0,0,1,0,0,0,0,0,0,0,0,0,0,0
0,1,0,24,82,0,0,0,0,0,1,0,0,0,0,0,0,0,0,0,0
0,4,0,25,82,0,0,0,0,0,0,0,0,0,0,0,1,0,0,0,0
1,7,1,0,71,0,0,0,1,0,0,0,0,0,0,0,0,0,0,0,0
0,2,0,33,82,0,0,0,0,0,0,0,0,0,0,0,0,0,0,1,0
0,3,1,1,73,0,1,0,0,0,0,0,0,0,0,0,0,0,0,0,0
0,6,0,1,96,0,0,0,0,0,0,0,0,0,0,0,0,0,0,1,0
0,1,0,22,76,0,0,0,0,0,1,0,0,0,0,0,0,0,0,0,0
0,9,0,5,65,0,0,0,1,0,0,0,0,0,0,0,0,0,0,0,0
0,2,0,26,94,0,0,0,0,1,0,0,0,0,0,0,0,0,0,0,0
0,1,0,3,78,0,1,0,0,0,0,0,0,0,0,0,0,0,0,0,0
0,1,1,11,75,0,0,1,0,0,0,0,0,0,0,0,0,0,0,0,0
0,8,1,19,63,0,0,0,0,0,0,0,0,0,0,0,1,0,0,0,0
1,7,0,3,66,0,0,0,1,0,0,0,0,0,0,0,0,0,0,0,0
0,1,0,16,78,0,0,0,0,0,0,0,0,0,0,0,1,0,0,0,0
0,5,0,26,64,0,0,0,0,0,0,0,0,0,0,0,0,0,0,1,0
1,2,0,28,77,0,0,0,0,0,1,0,0,0,0,0,0,0,0,0,0
0,2,1,18,67,0,0,0,0,0,0,0,0,0,0,0,0,1,0,0,0
0,1,1,9,98,0,0,0,0,0,0,0,0,0,0,0,0,0,0,1,0
0,1,1,18,93,0,0,0,0,0,0,0,0,0,0,0,0,0,1,0,0
0,4,0,3,82,0,0,0,0,0,0,0,0,0,0,0,0,0,0,1,0
0,4,1,34,94,0,0,0,0,0,0,0,0,1,0,0,0,0,0,0,0
0,7,0,4,51,0,0,0,1,0,0,0,0,0,0,0,0,0,0,0,0
0,3,0,35,85,0,0,0,0,0,0,0,0,0,0,1,0,0,0,0,0
0,2,0,27,85,0,0,0,0,0,0,0,0,1,0,0,0,0,0,0,0
0,5,0,6,99,0,0,0,0,0,0,0,1,0,0,0,0,0,0,0,0
0,3,0,18,95,0,0,1,0,0,0,0,0,0,0,0,0,0,0,0,0
0,2,0,7,84,0,0,0,0,0,0,0,0,0,1,0,0,0,0,0,0
0,2,0,24,75,0,0,0,0,0,0,0,0,0,0,0,1,0,0,0,0
1,0,0,34,87,0,0,0,0,0,0,0,0,1,0,0,0,0,0,0,0
0,7,1,0,54,0,0,0,1,0,0,0,0,0,0,0,0,0,0,0,0
0,5,0,10,92,0,0,1,0,0,0,0,0,0,0,0,0,0,0,0,0
0,4,1,35,90,0,0,0,0,0,0,0,0,1,0,0,0,0,0,0,0
1,5,0,5,63,0,0,0,0,0,0,1,0,0,0,0,0,0,0,0,0
0,6,1,10,78,0,0,0,0,0,0,0,1,0,0,0,0,0,0,0,0
1,8,0,1,65,0,0,0,1,0,0,0,0,0,0,0,0,0,0,0,0
1,8,1,0,94,0,0,0,1,0,0,0,0,0,0,0,0,0,0,0,0
1,3,0,43,89,0,0,0,0,0,1,0,0,0,0,0,0,0,0,0,0
0,3,0,23,84,1,0,0,0,0,0,0,0,0,0,0,0,0,0,0,0
0,1,0,34,99,0,0,0,0,0,0,0,0,1,0,0,0,0,0,0,0
0,5,1,21,82,0,0,0,0,0,0,0,0,0,0,0,0,0,0,1,0
0,4,0,31,95,0,0,0,0,0,1,0,0,0,0,0,0,0,0,0,0
0,5,1,17,85,0,0,0,0,0,0,0,0,0,0,0,1,0,0,0,0
0,0,0,10,92,0,0,1,0,0,0,0,0,0,0,0,0,0,0,0,0
0,1,0,5,74,0,0,0,0,1,0,0,0,0,0,0,0,0,0,0,0
0,3,0,30,93,0,0,0,0,0,1,0,0,0,0,0,0,0,0,0,0
0,2,0,20,90,1,0,0,0,0,0,0,0,0,0,0,0,0,0,0,0
1,5,0,25,85,0,0,0,0,0,0,0,0,0,0,0,1,0,0,0,0
0,2,0,5,62,0,0,0,1,0,0,0,0,0,0,0,0,0,0,0,0
0,3,0,6,90,0,0,0,0,0,0,0,0,0,1,0,0,0,0,0,0
0,7,0,40,88,0,0,0,0,0,1,0,0,0,0,0,0,0,0,0,0
0,6,0,35,91,0,0,0,0,0,0,0,0,0,0,1,0,0,0,0,0
1,6,0,0,87,0,0,0,1,0,0,0,0,0,0,0,0,0,0,0,0
1,1,1,1,61,0,0,0,1,0,0,0,0,0,0,0,0,0,0,0,0
0,2,0,16,77,0,0,1,0,0,0,0,0,0,0,0,0,0,0,0,0
1,4,0,28,99,0,0,0,0,0,1,0,0,0,0,0,0,0,0,0,0
0,5,0,12,78,0,0,1,0,0,0,0,0,0,0,0,0,0,0,0,0
0,1,0,15,66,0,0,0,0,0,0,0,1,0,0,0,0,0,0,0,0
0,1,1,3,65,0,0,0,0,0,0,0,0,0,1,0,0,0,0,0,0
0,1,0,35,86,0,0,0,0,1,0,0,0,0,0,0,0,0,0,0,0
0,3,0,14,98,0,0,0,0,0,0,0,0,0,0,0,0,0,0,0,1
0,2,1,24,86,0,0,0,0,0,0,0,0,0,0,0,1,0,0,0,0
0,3,0,19,92,0,0,0,0,0,0,0,0,0,0,0,0,0,0,1,0
0,2,0,29,70,0,0,0,0,0,0,0,0,0,0,0,0,0,0,1,0
0,1,0,2,69,0,1,0,0,0,0,0,0,0,0,0,0,0,0,0,0
0,6,0,25,95,0,0,0,0,0,0,0,0,1,0,0,0,0,0,0,0
0,0,0,6,68,0,0,0,0,0,0,0,1,0,0,0,0,0,0,0,0
0,3,1,22,85,0,0,0,0,0,1,0,0,0,0,0,0,0,0,0,0
0,0,0,34,91,0,0,0,0,0,1,0,0,0,0,0,0,0,0,0,0
0,2,0,35,88,0,0,0,0,0,0,0,0,0,0,0,0,0,0,1,0
0,0,0,6,87,0,0,0,0,0,0,0,0,0,1,0,0,0,0,0,0
0,0,0,3,78,0,0,0,0,0,0,0,1,0,0,0,0,0,0,0,0
0,3,1,5,63,0,0,0,0,0,0,0,0,0,1,0,0,0,0,0,0
0,0,0,31,64,0,0,0,0,0,0,0,0,0,0,1,0,0,0,0,0
1,6,0,1,65,0,0,0,1,0,0,0,0,0,0,0,0,0,0,0,0
0,3,0,30,66,0,0,0,0,0,0,0,0,0,0,1,0,0,0,0,0
0,3,0,32,98,0,0,1,0,0,0,0,0,0,0,0,0,0,0,0,0
0,5,0,5,72,0,0,0,1,0,0,0,0,0,0,0,0,0,0,0,0
0,2,0,32,95,0,0,0,0,0,0,0,0,1,0,0,0,0,0,0,0
1,2,0,18,90,0,0,0,0,0,0,0,0,0,0,0,0,0,1,0,0
0,7,0,27,95,0,0,0,0,0,0,0,0,1,0,0,0,0,0,0,0
0,2,0,15,98,0,0,0,0,0,0,0,0,0,0,0,0,0,1,0,0
0,3,0,2,64,0,1,0,0,0,0,0,0,0,0,0,0,0,0,0,0
1,4,0,2,83,0,0,0,0,0,0,1,0,0,0,0,0,0,0,0,0
1,6,0,5,76,0,0,0,1,0,0,0,0,0,0,0,0,0,0,0,0
0,6,0,12,93,0,0,0,0,1,0,0,0,0,0,0,0,0,0,0,0
1,5,0,0,87,0,0,0,1,0,0,0,0,0,0,0,0,0,0,0,0
1,1,0,14,63,1,0,0,0,0,0,0,0,0,0,0,0,0,0,0,0
0,6,0,9,79,0,0,0,0,0,0,0,0,0,0,0,0,0,1,0,0
0,7,0,17,82,0,0,0,0,0,0,0,0,0,0,0,0,0,1,0,0
0,3,1,9,78,0,0,0,0,0,0,0,0,0,1,0,0,0,0,0,0
0,5,1,14,75,0,0,1,0,0,0,0,0,0,0,0,0,0,0,0,0
0,3,0,10,80,0,0,0,0,0,0,0,0,0,1,0,0,0,0,0,0
0,0,0,10,76,0,0,0,0,0,0,0,0,0,0,0,0,0,0,1,0
0,2,0,36,88,0,0,0,0,0,1,0,0,0,0,0,0,0,0,0,0
0,3,0,34,99,0,0,0,0,0,0,0,0,0,0,0,1,0,0,0,0
0,2,0,28,95,0,0,0,0,0,0,0,0,0,0,0,1,0,0,0,0
0,1,1,22,92,0,0,0,0,0,0,0,0,0,0,0,0,0,0,0,1
0,4,0,28,94,0,0,1,0,0,0,0,0,0,0,0,0,0,0,0,0
0,4,1,16,97,0,0,1,0,0,0,0,0,0,0,0,0,0,0,0,0
0,4,0,27,67,0,0,0,0,0,0,0,0,0,0,0,1,0,0,0,0
0,6,0,14,98,0,0,1,0,0,0,0,0,0,0,0,0,0,0,0,0
0,2,0,32,97,0,0,0,0,0,0,0,0,1,0,0,0,0,0,0,0
1,6,1,33,72,0,0,0,0,0,0,0,0,0,0,0,1,0,0,0,0
0,2,1,24,79,0,0,1,0,0,0,0,0,0,0,0,0,0,0,0,0
0,5,0,8,79,0,0,0,0,0,0,0,0,0,0,0,0,0,1,0,0
0,2,1,8,78,0,0,0,0,0,0,0,0,0,0,0,0,0,1,0,0
0,1,1,6,89,0,0,0,0,0,0,0,1,0,0,0,0,0,0,0,0
1,0,0,15,68,0,0,0,0,0,0,0,0,0,0,0,1,0,0,0,0
1,1,0,12,70,0,0,0,0,0,0,0,1,0,0,0,0,0,0,0,0
0,6,0,1,72,0,1,0,0,0,0,0,0,0,0,0,0,0,0,0,0
0,4,0,5,86,0,0,0,0,0,0,0,0,0,0,0,0,0,0,1,0
0,1,1,11,81,0,0,0,0,0,0,0,0,0,0,0,0,0,0,1,0
0,0,1,30,62,0,0,0,0,0,0,0,0,0,0,0,0,0,0,1,0
0,0,1,19,88,0,0,1,0,0,0,0,0,0,0,0,0,0,0,0,0
0,2,1,33,97,0,0,0,0,0,0,0,0,1,0,0,0,0,0,0,0
1,2,1,1,90,0,0,0,0,0,0,1,0,0,0,0,0,0,0,0,0
0,2,0,35,90,0,0,0,0,0,0,0,0,0,0,0,0,0,0,0,1
0,2,0,2,96,0,0,0,0,0,0,1,0,0,0,0,0,0,0,0,0
0,5,1,16,88,0,0,0,0,0,0,0,0,0,0,0,1,0,0,0,0
0,3,0,38,97,0,0,0,0,0,1,0,0,0,0,0,0,0,0,0,0
0,2,0,3,62,0,1,0,0,0,0,0,0,0,0,0,0,0,0,0,0
1,5,0,11,84,0,0,0,0,0,0,0,0,0,0,0,0,0,1,0,0
0,4,0,4,87,0,0,0,0,0,0,0,0,0,0,0,0,0,0,1,0
0,6,0,2,51,0,0,0,1,0,0,0,0,0,0,0,0,0,0,0,0
0,2,0,26,69,0,0,0,0,0,0,0,0,0,0,0,0,0,0,1,0
1,3,0,25,84,0,0,0,0,0,0,0,0,0,0,0,1,0,0,0,0
0,2,1,19,85,0,0,1,0,0,0,0,0,0,0,0,0,0,0,0,0
1,1,0,31,98,0,0,0,0,0,0,0,0,0,0,1,0,0,0,0,0
0,4,1,26,92,0,0,0,0,0,0,0,0,0,0,0,1,0,0,0,0
1,6,0,6,73,0,0,0,0,1,0,0,0,0,0,0,0,0,0,0,0
0,8,0,2,96,0,0,0,1,0,0,0,0,0,0,0,0,0,0,0,0
0,3,0,27,90,0,0,0,0,0,0,0,0,1,0,0,0,0,0,0,0
0,2,0,30,91,0,0,0,0,0,0,0,0,1,0,0,0,0,0,0,0
0,0,0,8,86,0,0,0,0,0,0,0,0,0,0,0,0,0,1,0,0
0,2,0,21,77,0,0,1,0,0,0,0,0,0,0,0,0,0,0,0,0
0,6,0,8,61,0,0,0,0,1,0,0,0,0,0,0,0,0,0,0,0
0,4,0,27,90,0,0,0,0,0,0,0,0,1,0,0,0,0,0,0,0
0,5,0,14,94,0,0,0,0,0,0,0,0,0,0,0,1,0,0,0,0
0,5,0,27,93,1,0,0,0,0,0,0,0,0,0,0,0,0,0,0,0
