part_time_job,absence_days,extracurricular_activities,weekly_self_study_hours,physics_score,career_Accountant,career_Artist,career_Banker,career_Business Owner,career_Designer,career_Doctor,career_Game Developer,career_Government Officer,career_Lawyer,career_Real Estate Developer,career_Scientist,career_Software Engineer,career_Stock Investor,career_Teacher,career_Unknown,career_Writer
0,2,0,47,96,0,0,0,0,0,1,0,0,0,0,0,0,0,0,0,0
0,9,1,13,95,0,0,0,0,0,0,0,1,0,0,0,0,0,0,0,0
0,5,0,3,88,0,1,0,0,0,0,0,0,0,0,0,0,0,0,0,0
0,2,0,26,67,0,0,0,0,0,0,0,0,0,0,0,0,0,0,1,0
0,3,1,18,88,0,0,0,0,0,0,0,0,0,0,0,0,0,1,0,0
0,2,0,7,97,0,0,0,0,0,0,0,0,0,0,0,0,0,1,0,0
1,7,0,4,69,0,0,0,1,0,0,0,0,0,0,0,0,0,0,0,0
0,3,0,39,86,0,0,0,0,0,1,0,0,0,0,0,0,0,0,0,0
0,3,1,30,93,0,0,0,0,0,0,0,0,0,0,1,0,0,0,0,0
0,2,0,27,98,0,0,0,0,0,0,0,0,0,0,0,1,0,0,0,0
0,9,0,2,68,0,0,0,1,0,0,0,0,0,0,0,0,0,0,0,0
0,4,0,35,90,0,0,0,0,0,0,0,0,0,0,0,1,0,0,0,0
0,5,0,22,87,0,0,0,0,0,1,0,0,0,0,0,0,0,0,0,0
0,3,0,19,61,1,0,0,0,0,0,0,0,0,0,0,0,0,0,0,0
0,0,0,14,87,0,0,0,0,0,0,0,0,0,0,0,1,0,0,0,0
0,4,0,30,92,0,0,0,0,1,0,0,0,0,0,0,0,0,0,0,0
0,1,0,24,84,0,0,1,0,0,0,0,0,0,0,0,0,0,0,0,0
0,3,1,31,91,0,0,0,0,0,0,0,0,0,0,0,0,0,0,1,0
0,1,0,21,78,0,0,0,0,0,0,0,0,0,0,0,0,0,0,1,0
0,4,0,31,64,0,0,0,0,0,0,0,0,0,0,0,1,0,0,0,0
1,6,0,3,92,0,0,0,1,0,0,0,0,0,0,0,0,0,0,0,0
0,4,0,3,85,0,0,0,0,0,0,1,0,0,0,0,0,0,0,0,0
0,5,1,27,93,0,0,0,0,0,0,0,0,1,0,0,0,0,0,0,0
0,4,0,32,86,0,0,0,0,0,0,0,0,0,0,0,0,0,0,1,0
0,0,0,14,90,1,0,0,0,0,0,0,0,0,0,0,0,0,0,0,0
0,2,0,24,73,0,0,0,0,0,0,0,0,1,0,0,0,0,0,0,0
0,3,0,32,86,0,0,1,0,0,0,0,0,0,0,0,0,0,0,0,0
0,6,0,31,84,0,0,0,0,0,0,0,0,0,0,0,1,0,0,0,0
0,3,0,21,79,0,0,0,0,0,0,0,0,0,0,0,0,0,0,1,0
0,2,0,1,88,0,0,0,0,0,0,1,0,0,0,0,0,0,0,0,0
0,5,0,33,61,0,0,0,0,0,0,0,0,1,0,0,0,0,0,0,0
0,1,0,34,65,0,0,1,0,0,0,0,0,0,0,0,0,0,0,0,0
1,6,0,2,77,0,0,0,1,0,0,0,0,0,0,0,0,0,0,0,0
0,1,0,15,93,0,0,0,0,1,0,0,0,0,0,0,0,0,0,0,0
1,3,0,22,93,0,0,0,0,0,0,0,0,0,0,0,0,0,0,0,1
0,2,0,20,64,0,0,0,0,0,0,0,0,0,0,0,1,0,0,0,0
0,7,1,27,96,0,0,0,0,0,0,0,0,0,0,0,1,0,0,0,0
0,3,0,24,60,0,0,0,0,0,0,0,0,0,0,0,1,0,0,0,0
0,1,1,5,80,0,0,0,0,0,0,0,0,0,0,0,0,0,0,1,0
0,7,0,34,80,0,0,0,0,0,0,0,0,0,0,0,0,0,0,1,0
1,3,0,3,94,0,0,0,1,0,0,0,0,0,0,0,0,0,0,0,0
0,1,0,15,83,0,0,0,0,0,0,0,0,0,0,0,0,1,0,0,0
0,7,0,11,61,0,0,0,0,0,0,0,1,0,0,0,0,0,0,0,0
0,2,0,9,71,0,0,0,0,0,0,0,1,0,0,0,0,0,0,0,0
0,3,1,14,83,0,0,0,0,0,0,0,0,0,0,0,1,0,0,0,0
0,5,0,3,73,0,0,0,0,0,0,0,0,0,0,0,0,0,0,1,0
0,2,1,34,89,0,0,0,0,0,0,0,0,0,0,0,1,0,0,0,0
0,3,1,2,84,0,1,0,0,0,0,0,0,0,0,0,0,0,0,0,0
0,0,0,5,94,0,0,0,0,0,0,1,0,0,0,0,0,0,0,0,0
0,2,0,4,98,0,1,0,0,0,0,0,0,0,0,0,0,0,0,0,0
0,2,0,25,100,0,0,0,0,0,0,0,0,0,0,0,1,0,0,0,0
0,7,0,2,100,0,0,0,1,0,0,0,0,0,0,0,0,0,0,0,0
0,2,0,0,62,0,0,0,0,0,0,0,0,0,1,0,0,0,0,0,0
0,3,0,16,97,1,0,0,0,0,0,0,0,0,0,0,0,0,0,0,0
0,1,0,4,72,0,0,0,0,0,0,0,0,0,0,0,0,0,0,1,0
1,9,0,2,85,0,0,0,1,0,0,0,0,0,0,0,0,0,0,0,0
0,1,0,22,65,0,0,1,0,0,0,0,0,0,0,0,0,0,0,0,0
0,6,0,1,50,0,0,0,1,0,0,0,0,0,0,0,0,0,0,0,0
0,1,0,19,64,0,0,0,0,0,0,0,0,0,0,0,0,0,0,1,0
0,6,0,5,67,0,0,0,1,0,0,0,0,0,0,0,0,0,0,0,0
1,0,0,13,83,0,0,0,0,0,0,0,0,0,0,0,0,0,1,0,0
0,3,0,47,96,0,0,0,0,0,1,0,0,0,0,0,0,0,0,0,0
0,2,0,9,82,0,0,0,0,0,0,0,0,0,0,0,0,0,0,1,0
0,4,0,7,98,0,0,0,0,0,0,0,0,0,0,0,0,0,0,1,0
0,4,0,26,80,0,0,0,0,0,0,0,0,0,0,0,0,0,0,1,0
1,5,0,25,90,0,0,0,0,0,0,0,0,0,0,0,0,1,0,0,0
1,4,0,16,66,0,0,1,0,0,0,0,0,0,0,0,0,0,0,0,0
0,4,0,27,69,0,0,0,0,0,0,0,0,0,0,0,1,0,0,0,0
0,2,0,6,84,0,0,0,0,1,0,0,0,0,0,0,0,0,0,0,0
0,1,1,11,76,0,0,1,0,0,0,0,0,0,0,0,0,0,0,0,0
0,4,0,23,98,0,0,0,0,0,0,0,0,0,0,0,1,0,0,0,0
0,1,0,29,79,0,0,0,0,0,0,0,0,1,0,0,0,0,0,0,0
0,0,0,3,81,0,0,0,0,0,0,1,0,0,0,0,0,0,0,0,0
0,4,1,22,82,0,0,0,0,0,0,0,0,0,0,0,0,0,0,1,0
1,5,0,4,72,0,0,0,1,0,0,0,0,0,0,0,0,0,0,0,0
0,3,0,3,79,0,0,0,0,0,0,0,0,0,0,0,0,0,0,1,0
0,5,0,18,84,0,0,0,0,0,0,0,0,0,0,0,0,0,0,1,0
0,1,0,33,85,0,0,0,0,0,0,0,0,0,0,0,1,0,0,0,0
0,0,1,17,85,0,0,0,0,0,0,0,0,0,0,0,0,0,0,1,0
0,1,0,15,96,0,0,0,0,0,0,0,0,0,0,0,0,0,1,0,0
0,2,0,5,99,0,0,0,0,0,0,1,0,0,0,0,0,0,0,0,0
1,7,0,5,71,0,0,0,1,0,0,0,0,0,0,0,0,0,0,0,0
0,5,0,22,67,0,0,0,0,0,0,0,0,0,0,0,0,0,0,1,0
0,1,0,34,76,0,0,0,0,0,0,0,0,1,0,0,0,0,0,0,0
0,4,0,25,65,0,0,0,0,0,0,0,0,0,0,0,0,1,0,0,0
0,5,1,31,89,1,0,0,0,0,0,0,0,0,0,0,0,0,0,0,0
0,3,0,26,77,0,0,1,0,0,0,0,0,0,0,0,0,0,0,0,0
0,5,0,35,94,0,0,0,0,0,0,0,0,0,0,0,1,0,0,0,0
0,3,1,28,75,0,0,0,0,0,0,0,0,0,0,0,0,0,0,1,0
0,1,0,33,85,0,0,0,0,0,0,0,0,0,0,0,1,0,0,0,0
0,3,0,2,69,0,1,0,0,0,0,0,0,0,0,0,0,0,0,0,0
0,5,1,9,64,0,0,0,0,0,0,0,0,0,1,0,0,0,0,0,0
1,2,1,0,86,0,0,0,1,0,0,0,0,0,0,0,0,0,0,0,0
0,5,0,30,98,0,0,0,0,0,0,0,0,0,0,1,0,0,0,0,0
0,7,0,1,93,0,0,0,0,0,0,1,0,0,0,0,0,0,0,0,0
0,2,0,2,85,0,0,0,0,0,0,1,0,0,0,0,0,0,0,0,0
0,2,0,30,93,0,0,0,0,0,0,0,0,0,0,1,0,0,0,0,0
0,3,0,24,61,0,0,0,0,0,0,0,0,0,0,0,0,1,0,0,0
0,2,0,14,83,0,0,0,0,0,0,0,0,0,0,0,0,0,1,0,0
0,1,0,24,94,0,0,0,0,0,0,0,0,0,0,0,1,0,0,0,0
0,3,0,34,65,0,0,0,0,0,0,0,0,1,0,0,0,0,0,0,0
0,3,0,16,84,1,0,0,0,0,0,0,0,0,0,0,0,0,0,0,0
0,1,1,21,60,1,0,0,0,0,0,0,0,0,0,0,0,0,0,0,0
0,1,0,1,90,0,1,0,0,0,0,0,0,0,0,0,0,0,0,0,0
0,2,0,22,70,0,0,1,0,0,0,0,0,0,0,0,0,0,0,0,0
0,1,1,14,99,0,0,0,0,0,0,0,0,0,0,0,0,0,1,0,0
0,1,0,22,80,0,0,0,0,0,1,0,0,0,0,0,0,0,0,0,0
0,3,0,17,92,0,0,1,0,0,0,0,0,0,0,0,0,0,0,0,0
0,4,0,33,93,0,0,1,0,0,0,0,0,0,0,0,0,0,0,0,0
0,5,0,29,65,0,0,1,0,0,0,0,0,0,0,0,0,0,0,0,0
1,1,0,27,94,0,0,0,0,0,0,0,0,0,0,0,0,0,0,1,0
0,3,0,22,79,0,0,0,0,0,0,0,0,0,0,0,1,0,0,0,0
0,7,1,3,57,0,0,0,1,0,0,0,0,0,0,0,0,0,0,0,0
0,7,0,3,88,0,0,0,1,0,0,0,0,0,0,0,0,0,0,0,0
0,7,1,17,72,0,0,0,0,0,0,0,0,0,0,0,1,0,0,0,0
0,3,0,17,87,0,0,0,0,0,0,0,0,0,0,0,1,0,0,0,0
0,1,0,7,79,0,0,0,0,0,0,0,1,0,0,0,0,0,0,0,0
0,1,0,20,88,0,0,0,0,0,0,0,0,0,0,0,1,0,0,0,0
0,6,0,16,84,0,0,1,0,0,0,0,0,0,0,0,0,0,0,0,0
0,2,0,32,95,0,0,0,0,0,0,0,0,0,0,0,1,0,0,0,0
0,3,0,3,87,0,1,0,0,0,0,0,0,0,0,0,0,0,0,0,0
0,1,0,28,88,0,0,0,0,1,0,0,0,0,0,0,0,0,0,0,0
0,0,0,21,80,1,0,0,0,0,0,0,0,0,0,0,0,0,0,0,0
0,7,1,35,89,0,0,0,0,0,0,0,0,0,0,0,1,0,0,0,0
0,7,1,14,92,1,0,0,0,0,0,0,0,0,0,0,0,0,0,0,0
1,7,0,1,87,0,0,0,1,0,0,0,0,0,0,0,0,0,0,0,0
0,9,1,0,73,0,0,0,1,0,0,0,0,0,0,0,0,0,0,0,0
0,3,0,35,92,0,0,0,0,0,0,0,0,0,0,0,1,0,0,0,0
0,3,0,31,77,0,0,0,0,0,0,0,0,1,0,0,0,0,0,0,0
0,3,1,15,74,0,0,1,0,0,0,0,0,0,0,0,0,0,0,0,0
0,1,0,30,87,0,0,0,0,0,1,0,0,0,0,0,0,0,0,0,0
0,7,0,17,100,0,0,1,0,0,0,0,0,0,0,0,0,0,0,0,0
0,2,0,23,80,0,0,0,0,0,0,0,0,0,0,0,1,0,0,0,0
0,7,0,4,58,0,0,0,1,0,0,0,0,0,0,0,0,0,0,0,0
1,7,0,1,61,0,0,0,1,0,0,0,0,0,0,0,0,0,0,0,0
0,1,0,11,96,0,0,0,0,1,0,0,0,0,0,0,0,0,0,0,0
0,7,1,15,76,0,0,0,0,0,0,0,0,0,0,0,1,0,0,0,0
1,4,1,4,75,0,1,0,0,0,0,0,0,0,0,0,0,0,0,0,0
0,2,0,28,94,0,0,0,0,0,0,0,0,0,0,0,0,1,0,0,0
0,7,1,30,60,0,0,0,0,0,0,0,0,1,0,0,0,0,0,0,0
0,8,0,1,84,0,0,0,1,0,0,0,0,0,0,0,0,0,0,0,0
0,6,0,16,60,0,0,0,0,0,0,0,0,0,0,0,1,0,0,0,0
0,2,1,18,61,0,0,0,0,0,0,0,0,0,0,0,0,0,1,0,0
1,1,0,4,97,0,0,0,0,0,0,1,0,0,0,0,0,0,0,0,0
0,8,0,32,84,1,0,0,0,0,0,0,0,0,0,0,0,0,0,0,0
0,2,0,12,93,0,0,1,0,0,0,0,0,0,0,0,0,0,0,0,0
1,6,0,5,67,0,0,0,0,1,0,0,0,0,0,0,0,0,0,0,0
0,2,1,15,68,0,0,0,0,0,0,0,1,0,0,0,0,0,0,0,0
0,3,0,31,78,1,0,0,0,0,0,0,0,0,0,0,0,0,0,0,0
0,1,0,2,94,0,0,0,0,0,0,0,0,0,0,0,0,0,0,1,0
0,3,0,22,99,1,0,0,0,0,0,0,0,0,0,0,0,0,0,0,0
0,1,1,12,66,0,0,0,0,0,0,0,1,0,0,0,0,0,0,0,0
0,3,0,34,61,0,0,1,0,0,0,0,0,0,0,0,0,0,0,0,0
0,0,0,9,88,0,0,0,0,0,0,0,0,0,0,0,0,0,1,0,0
0,5,0,43,100,0,0,0,0,0,1,0,0,0,0,0,0,0,0,0,0
0,2,0,1,90,0,0,0,0,0,0,0,0,0,1,0,0,0,0,0,0
0,2,0,19,74,0,0,0,0,0,0,0,0,0,0,0,1,0,0,0,0
1,4,0,2,54,0,0,0,1,0,0,0,0,0,0,0,0,0,0,0,0
0,4,1,31,96,0,0,0,0,0,0,0,0,0,0,1,0,0,0,0,0
0,4,0,11,98,0,0,0,0,0,0,0,0,0,0,0,0,0,1,0,0
1,0,0,22,92,0,0,0,0,0,0,0,0,0,0,0,0,0,0,1,0
0,3,0,2,87,0,0,0,0,0,0,1,0,0,0,0,0,0,0,0,0
0,4,0,34,62,0,0,0,0,0,0,0,0,0,0,0,1,0,0,0,0
1,5,0,25,81,0,0,0,0,0,0,0,0,0,0,0,0,0,0,1,0
0,1,1,26,81,0,0,0,0,0,0,0,0,1,0,0,0,0,0,0,0
0,1,1,4,62,0,0,0,0,0,0,0,1,0,0,0,0,0,0,0,0
0,1,0,25,86,0,0,0,0,0,0,0,0,0,0,0,1,0,0,0,0
0,1,0,13,78,0,0,0,0,1,0,0,0,0,0,0,0,0,0,0,0
0,3,0,8,78,0,0,0,0,0,0,0,0,0,0,0,0,0,1,0,0
0,5,0,15,94,0,0,0,0,0,0,0,1,0,0,0,0,0,0,0,0
0,1,0,18,69,0,0,0,0,0,0,0,0,0,0,0,0,0,1,0,0
1,3,0,24,65,0,0,1,0,0,0,0,0,0,0,0,0,0,0,0,0
0,3,0,15,64,0,0,0,0,0,0,0,0,0,0,0,0,0,1,0,0
0,1,0,5,91,0,0,0,0,0,0,1,0,0,0,0,0,0,0,0,0
0,6,0,5,58,0,0,0,1,0,0,0,0,0,0,0,0,0,0,0,0
0,2,1,26,99,0,0,0,0,0,0,0,0,1,0,0,0,0,0,0,0
0,2,0,14,97,0,0,0,0,0,0,0,1,0,0,0,0,0,0,0,0
0,2,0,32,88,0,0,0,0,0,0,0,0,0,0,0,1,0,0,0,0
0,3,0,13,71,0,0,0,0,0,0,0,0,0,0,0,0,0,1,0,0
0,7,0,33,95,0,0,1,0,0,0,0,0,0,0,0,0,0,0,0,0
0,3,0,15,92,1,0,0,0,0,0,0,0,0,0,0,0,0,0,0,0
0,2,0,30,89,0,0,0,0,0,0,0,0,0,0,0,0,0,0,1,0
0,7,0,2,78,0,0,0,1,0,0,0,0,0,0,0,0,0,0,0,0
1,7,0,0,87,0,0,0,1,0,0,0,0,0,0,0,0,0,0,0,0
0,2,0,4,54,0,0,0,1,0,0,0,0,0,0,0,0,0,0,0,0
0,5,1,21,81,0,0,0,0,0,0,0,0,0,0,0,0,0,0,1,0
0,2,0,29,65,0,0,0,0,0,0,0,0,0,0,0,0,0,0,0,1
0,7,0,14,94,0,0,0,0,0,0,0,0,0,0,0,0,0,0,1,0
0,2,1,32,85,0,0,0,0,0,0,0,0,0,0,0,0,1,0,0,0
1,1,0,22,89,0,0,0,0,0,0,0,0,0,0,0,1,0,0,0,0
0,0,0,42,93,0,0,0,0,0,1,0,0,0,0,0,0,0,0,0,0
0,1,0,1,70,0,0,0,1,0,0,0,0,0,0,0,0,0,0,0,0
1,3,1,17,68,0,0,0,0,0,0,0,0,0,0,0,1,0,0,0,0
0,6,0,31,80,0,0,0,0,0,0,0,0,0,0,0,0,0,0,0,1
0,1,0,24,68,0,0,0,0,0,0,0,0,1,0,0,0,0,0,0,0
0,7,0,2,97,0,0,0,1,0,0,0,0,0,0,0,0,0,0,0,0
0,2,0,4,89,0,0,0,0,0,0,0,1,0,0,0,0,0,0,0,0
0,1,0,20,63,0,0,1,0,0,0,0,0,0,0,0,0,0,0,0,0
0,3,0,17,68,0,0,1,0,0,0,0,0,0,0,0,0,0,0,0,0
0,5,0,25,71,0,0,0,0,0,0,0,0,0,0,0,0,0,0,1,0
0,6,0,21,87,0,0,0,0,0,0,0,0,0,0,0,1,0,0,0,0
0,3,0,27,98,0,0,0,0,0,0,0,0,0,0,0,1,0,0,0,0
0,5,0,14,96,0,0,0,0,0,0,0,0,0,0,0,1,0,0,0,0
0,3,0,16,68,0,0,1,0,0,0,0,0,0,0,0,0,0,0,0,0
0,4,0,30,93,1,0,0,0,0,0,0,0,0,0,0,0,0,0,0,0
0,2,0,35,100,0,0,0,0,0,0,0,0,0,0,0,0,0,0,0,1
0,1,0,14,84,0,0,0,0,0,0,0,0,0,0,0,0,0,1,0,0
0,1,0,3,75,0,0,0,0,1,0,0,0,0,0,0,0,0,0,0,0
0,4,0,15,97,1,0,0,0,0,0,0,0,0,0,0,0,0,0,0,0
0,0,0,14,81,0,0,1,0,0,0,0,0,0,0,0,0,0,0,0,0
0,1,1,0,66,0,1,0,0,0,0,0,0,0,0,0,0,0,0,0,0
0,1,0,34,67,0,0,0,0,0,0,0,0,1,0,0,0,0,0,0,0
0,7,0,7,79,0,0,0,0,0,0,0,0,0,0,0,0,1,0,0,0
0,5,0,28,93,0,0,0,0,0,0,0,0,0,0,0,0,1,0,0,0
0,1,0,0,88,0,0,0,1,0,0,0,0,0,0,0,0,0,0,0,0
1,2,0,1,68,0,1,0,0,0,0,0,0,0,0,0,0,0,0,0,0
0,7,0,9,65,0,0,0,0,0,0,0,0,0,0,0,0,0,1,0,0
0,3,0,32,90,1,0,0,0,0,0,0,0,0,0,0,0,0,0,0,0
1,9,0,4,95,0,0,0,1,0,0,0,0,0,0,0,0,0,0,0,0
0,1,0,21,73,0,0,0,0,0,0,0,0,0,0,0,1,0,0,0,0
0,3,0,29,81,0,0,0,0,0,0,0,0,1,0,0,0,0,0,0,0
0,3,0,13,63,0,0,0,0,0,0,0,0,0,0,0,0,0,0,1,0
0,2,1,32,76,0,0,1,0,0,0,0,0,0,0,0,0,0,0,0,0
0,1,0,1,79,0,1,0,0,0,0,0,0,0,0,0,0,0,0,0,0
0,2,0,32,68,0,0,0,0,1,0,0,0,0,0,0,0,0,0,0,0
0,1,1,4,70,0,0,0,0,0,0,0,0,0,1,0,0,0,0,0,0
0,3,1,32,63,0,0,0,0,0,0,0,0,1,0,0,0,0,0,0,0
0,1,0,33,94,0,0,0,0,0,1,0,0,0,0,0,0,0,0,0,0
0,0,0,29,81,0,0,0,0,0,0,0,0,0,0,0,1,0,0,0,0
0,7,0,7,99,0,0,0,0,0,0,0,0,0,1,0,0,0,0,0,0
0,6,0,4,92,0,0,0,0,0,0,0,0,0,1,0,0,0,0,0,0
0,3,0,29,69,0,0,0,0,0,0,0,0,1,0,0,0,0,0,0,0
0,3,0,5,100,0,0,0,0,0,0,0,0,0,1,0,0,0,0,0,0
1,7,0,2,81,0,0,0,1,0,0,0,0,0,0,0,0,0,0,0,0
0,4,1,0,71,0,0,0,0,0,0,0,0,0,1,0,0,0,0,0,0
0,6,1,1,93,0,0,0,0,0,0,0,0,0,0,0,0,0,0,1,0
0,3,1,26,80,1,0,0,0,0,0,0,0,0,0,0,0,0,0,0,0
1,5,0,2,65,0,0,0,1,0,0,0,0,0,0,0,0,0,0,0,0
0,3,0,21,94,0,0,0,0,0,0,0,0,0,0,0,0,0,0,1,0
0,5,0,0,50,0,0,0,1,0,0,0,0,0,0,0,0,0,0,0,0
0,5,1,10,76,0,0,0,0,0,0,0,0,0,0,0,0,0,1,0,0
0,5,1,24,97,0,0,1,0,0,0,0,0,0,0,0,0,0,0,0,0
0,5,0,26,84,0,0,0,0,0,0,0,0,0,0,0,0,1,0,0,0
0,3,0,24,78,1,0,0,0,0,0,0,0,0,0,0,0,0,0,0,0
1,8,1,0,81,0,0,0,1,0,0,0,0,0,0,0,0,0,0,0,0
0,4,0,32,77,0,0,0,0,0,0,0,0,0,0,0,1,0,0,0,0
0,8,0,15,85,0,0,0,0,0,0,0,0,0,0,0,0,0,0,1,0
0,6,0,15,94,0,0,0,0,0,0,0,1,0,0,0,0,0,0,0,0
0,3,1,4,89,0,0,0,0,0,0,1,0,0,0,0,0,0,0,0,0
0,0,0,29,67,0,0,0,0,0,0,0,0,1,0,0,0,0,0,0,0
0,2,0,13,70,0,0,0,0,0,0,0,0,0,0,0,0,0,0,1,0
0,3,0,49,99,0,0,0,0,0,1,0,0,0,0,0,0,0,0,0,0
0,2,0,44,100,0,0,0,0,0,1,0,0,0,0,0,0,0,0,0,0
0,1,0,14,78,0,0,0,0,0,0,0,0,0,0,0,1,0,0,0,0
0,4,0,1,84,0,0,0,0,0,0,0,0,0,1,0,0,0,0,0,0
0,2,0,11,91,0,0,0,0,0,0,0,0,0,0,0,0,0,1,0,0
0,3,0,2,77,0,0,0,0,0,0,0,0,0,0,0,0,0,0,1,0
0,9,0,3,65,0,0,0,1,0,0,0,0,0,0,0,0,0,0,0,0
0,5,0,28,100,0,0,1,0,0,0,0,0,0,0,0,0,0,0,0,0
1,8,0,3,77,0,0,0,1,0,0,0,0,0,0,0,0,0,0,0,0
0,3,1,1,96,0,0,0,1,0,0,0,0,0,0,0,0,0,0,0,0
0,7,0,37,93,0,0,0,0,0,1,0,0,0,0,0,0,0,0,0,0
0,3,1,28,69,0,0,0,0,0,0,0,0,0,0,0,1,0,0,0,0
0,3,0,30,90,0,0,0,0,0,0,0,0,0,0,1,0,0,0,0,0
1,4,0,26,63,0,0,0,0,0,0,0,0,0,0,0,0,0,0,1,0
0,0,0,17,85,0,0,0,0,0,0,0,0,0,0,0,1,0,0,0,0
0,6,1,16,90,0,0,0,0,0,0,0,0,0,0,0,1,0,0,0,0
1,8,0,2,53,0,0,0,1,0,0,0,0,0,0,0,0,0,0,0,0
0,0,0,17,99,1,0,0,0,0,0,0,0,0,0,0,0,0,0,0,0
0,9,0,3,63,0,0,0,1,0,0,0,0,0,0,0,0,0,0,0,0
1,3,0,47,98,0,0,0,0,0,1,0,0,0,0,0,0,0,0,0,0
1,0,0,3,93,0,0,0,0,0,0,1,0,0,0,0,0,0,0,0,0
0,4,0,15,63,0,0,0,0,0,0,0,0,0,0,0,1,0,0,0,0
0,1,0,3,95,0,0,0,0,0,0,0,0,0,0,0,0,1,0,0,0
0,9,0,4,94,0,0,0,1,0,0,0,0,0,0,0,0,0,0,0,0
1,6,0,2,92,0,0,0,1,0,0,0,0,0,0,0,0,0,0,0,0
0,2,0,34,75,0,0,0,0,0,0,0,0,0,0,0,1,0,0,0,0
0,7,1,1,90,0,0,0,0,0,0,1,0,0,0,0,0,0,0,0,0
0,1,0,5,78,0,1,0,0,0,0,0,0,0,0,0,0,0,0,0,0
0,1,0,47,92,0,0,0,0,0,1,0,0,0,0,0,0,0,0,0,0
0,3,1,16,69,0,0,0,0,0,0,0,0,0,0,0,0,1,0,0,0
0,5,1,32,83,0,0,0,0,0,0,0,0,0,0,1,0,0,0,0,0
0,2,0,31,85,0,0,1,0,0,0,0,0,0,0,0,0,0,0,0,0
0,3,0,16,74,0,0,0,0,0,0,0,0,0,0,0,0,0,0,1,0
0,6,0,21,91,0,0,1,0,0,0,0,0,0,0,0,0,0,0,0,0
0,6,0,48,85,0,0,0,0,0,1,0,0,0,0,0,0,0,0,0,0
1,3,0,28,64,0,0,0,0,0,0,0,0,0,0,0,0,0,0,1,0
0,4,0,31,93,0,0,0,0,0,0,0,0,1,0,0,0,0,0,0,0
1,9,1,4,91,0,0,0,1,0,0,0,0,0,0,0,0,0,0,0,0
0,3,1,23,83,1,0,0,0,0,0,0,0,0,0,0,0,0,0,0,0
0,1,0,23,97,0,0,0,0,0,1,0,0,0,0,0,0,0,0,0,0
0,1,0,7,77,0,0,0,0,0,0,0,0,0,0,0,0,0,0,1,0
0,0,0,5,93,0,1,0,0,0,0,0,0,0,0,0,0,0,0,0,0
0,2,0,4,85,0,0,0,0,0,0,0,0,0,0,0,0,0,0,1,0
0,2,0,26,67,0,0,0,0,0,0,0,0,0,0,0,0,0,0,1,0
0,4,1,33,74,0,0,0,0,0,0,0,0,1,0,0,0,0,0,0,0
0,4,1,34,74,0,0,0,0,0,0,0,0,1,0,0,0,0,0,0,0
1,4,0,16,64,1,0,0,0,0,0,0,0,0,0,0,0,0,0,0,0
0,0,0,4,90,0,0,0,0,0,0,0,0,0,0,0,0,1,0,0,0
0,3,0,21,92,0,0,0,0,0,0,0,0,0,0,0,1,0,0,0,0
0,7,0,4,61,0,0,0,1,0,0,0,0,0,0,0,0,0,0,0,0
0,3,0,24,80,0,0,0,0,0,0,0,0,0,0,0,0,0,0,0,1
0,6,0,1,89,0,0,0,1,0,0,0,0,0,0,0,0,0,0,0,0
1,5,0,17,98,0,0,0,0,0,0,0,0,0,0,0,0,0,1,0,0
1,2,0,5,98,0,0,0,0,0,0,0,0,0,1,0,0,0,0,0,0
0,3,1,31,84,0,0,1,0,0,0,0,0,0,0,0,0,0,0,0,0
0,2,1,4,99,0,1,0,0,0,0,0,0,0,0,0,0,0,0,0,0
0,1,0,11,99,0,0,0,0,0,0,0,0,0,0,0,0,0,0,0,1
0,0,0,5,98,0,0,0,0,0,0,1,0,0,0,0,0,0,0,0,0
1,6,0,1,95,0,0,0,1,0,0,0,0,0,0,0,0,0,0,0,0
0,2,1,30,89,0,0,0,0,0,0,0,0,0,0,0,0,1,0,0,0
0,2,1,6,88,0,0,0,0,0,0,0,0,0,0,0,0,0,0,1,0
0,7,0,26,85,0,0,0,0,0,0,0,0,1,0,0,0,0,0,0,0
0,0,0,23,94,0,0,0,0,0,0,0,0,0,0,0,1,0,0,0,0
0,4,0,30,77,0,0,1,0,0,0,0,0,0,0,0,0,0,0,0,0
0,4,0,34,68,0,0,1,0,0,0,0,0,0,0,0,0,0,0,0,0
0,1,0,26,94,1,0,0,0,0,0,0,0,0,0,0,0,0,0,0,0
0,1,1,18,66,0,0,0,0,0,0,0,0,0,0,0,1,0,0,0,0
0,4,0,39,94,0,0,0,0,0,1,0,0,0,0,0,0,0,0,0,0
0,7,1,29,63,0,0,1,0,0,0,0,0,0,0,0,0,0,0,0,0
1,5,1,31,79,0,0,1,0,0,0,0,0,0,0,0,0,0,0,0,0
1,4,0,13,74,0,0,1,0,0,0,0,0,0,0,0,0,0,0,0,0
0,4,1,12,79,0,0,1,0,0,0,0,0,0,0,0,0,0,0,0,0
1,3,0,28,100,0,0,0,0,0,0,0,0,1,0,0,0,0,0,0,0
1,8,0,35,93,1,0,0,0,0,0,0,0,0,0,0,0,0,0,0,0
1,6,0,0,88,0,0,0,1,0,0,0,0,0,0,0,0,0,0,0,0
0,3,0,16,95,0,0,0,0,0,0,0,0,0,0,0,0,0,0,1,0
0,2,0,26,86,0,0,0,0,0,0,0,0,1,0,0,0,0,0,0,0
1,2,0,14,76,0,0,0,0,0,0,0,0,0,0,0,1,0,0,0,0
0,6,0,3,53,0,0,0,1,0,0,0,0,0,0,0,0,0,0,0,0
0,1,0,24,91,1,0,0,0,0,0,0,0,0,0,0,0,0,0,0,0
0,2,0,20,66,0,0,0,0,0,0,0,0,0,0,0,0,0,0,1,0
0,0,0,35,100,1,0,0,0,0,0,0,0,0,0,0,0,0,0,0,0
0,0,0,29,87,0,0,0,0,0,1,0,0,0,0,0,0,0,0,0,0
0,1,0,14,82,0,0,0,0,0,0,0,0,0,0,0,0,0,1,0,0
0,2,1,16,99,0,0,0,0,0,0,0,0,0,0,0,0,0,0,0,1
0,4,0,2,78,0,0,0,0,0,0,0,0,0,0,0,0,0,0,1,0
0,0,0,29,79,0,0,0,0,0,0,0,0,0,0,0,1,0,0,0,0
0,0,0,15,79,0,0,0,0,0,0,0,0,0,0,0,0,0,1,0,0
0,1,0,31,68,1,0,0,0,0,0,0,0,0,0,0,0,0,0,0,0
0,7,0,30,97,0,0,0,0,0,1,0,0,0,0,0,0,0,0,0,0
0,3,0,17,98,0,0,0,0,0,0,0,0,0,0,0,0,0,1,0,0
1,2,0,10,83,0,0,0,0,0,0,0,1,0,0,0,0,0,0,0,0
0,2,0,22,85,0,0,0,0,0,0,0,0,0,0,0,0,0,0,0,1
0,2,0,11,66,0,0,0,0,0,0,0,0,0,0,0,0,0,0,1,0
0,3,0,35,89,0,0,0,0,0,0,0,0,0,0,0,1,0,0,0,0
0,9,0,5,99,0,0,0,1,0,0,0,0,0,0,0,0,0,0,0,0
0,2,0,3,80,0,0,0,0,1,0,0,0,0,0,0,0,0,0,0,0
0,1,0,1,99,0,0,0,0,0,0,0,0,0,1,0,0,0,0,0,0
0,1,0,32,84,0,0,0,0,0,0,0,0,0,0,0,1,0,0,0,0
0,9,0,26,90,0,0,0,0,0,0,0,0,1,0,0,0,0,0,0,0
1,7,0,34,89,0,0,0,0,0,0,0,0,1,0,0,0,0,0,0,0
0,7,0,15,100,0,0,0,0,1,0,0,0,0,0,0,0,0,0,0,0
0,0,0,34,79,0,0,0,0,0,0,0,0,0,0,0,1,0,0,0,0
0,6,0,27,87,0,0,0,0,0,0,0,0,0,0,0,0,1,0,0,0
0,1,0,5,96,0,0,0,0,0,0,1,0,0,0,0,0,0,0,0,0
0,2,1,31,93,0,0,0,0,0,0,0,0,0,0,1,0,0,0,0,0
0,6,0,0,75,0,1,0,0,0,0,0,0,0,0,0,0,0,0,0,0
1,7,0,1,99,0,0,0,1,0,0,0,0,0,0,0,0,0,0,0,0
0,1,0,6,98,0,0,0,0,1,0,0,0,0,0,0,0,0,0,0,0
0,1,0,1,73,0,1,0,0,0,0,0,0,0,0,0,0,0,0,0,0
0,2,0,13,94,0,0,1,0,0,0,0,0,0,0,0,0,0,0,0,0
1,8,0,3,94,0,0,0,1,0,0,0,0,0,0,0,0,0,0,0,0
1,2,0,29,75,0,0,0,0,1,0,0,0,0,0,0,0,0,0,0,0
0,0,1,11,64,0,0,0,0,0,0,0,1,0,0,0,0,0,0,0,0
0,1,0,13,84,1,0,0,0,0,0,0,0,0,0,0,0,0,0,0,0
0,5,0,33,97,0,0,0,0,0,0,0,0,0,0,0,1,0,0,0,0
0,7,0,31,91,0,0,0,0,0,0,0,0,0,0,1,0,0,0,0,0
1,7,0,3,99,0,0,0,1,0,0,0,0,0,0,0,0,0,0,0,0
1,5,1,1,93,0,0,0,1,0,0,0,0,0,0,0,0,0,0,0,0
0,0,1,8,71,0,0,0,0,0,0,0,0,0,0,0,0,0,0,1,0
0,2,0,18,68,1,0,0,0,0,0,0,0,0,0,0,0,0,0,0,0
0,6,1,4,94,0,0,0,0,0,0,1,0,0,0,0,0,0,0,0,0
0,1,0,10,65,0,0,0,0,0,0,0,0,0,0,0,0,0,0,1,0
0,2,0,32,69,0,0,1,0,0,0,0,0,0,0,0,0,0,0,0,0
0,1,0,32,96,0,0,0,0,0,0,0,0,1,0,0,0,0,0,0,0
0,8,0,2,95,0,0,0,1,0,0,0,0,0,0,0,0,0,0,0,0
0,3,0,27,75,0,0,0,0,0,0,0,0,0,0,0,0,0,0,1,0
0,5,0,10,78,0,0,0,0,0,0,0,0,0,0,0,0,0,1,0,0
0,5,0,40,94,0,0,0,0,0,1,0,0,0,0,0,0,0,0,0,0
0,0,0,8,98,0,0,0,0,0,0,0,0,0,1,0,0,0,0,0,0
0,2,0,22,82,0,0,0,0,0,0,0,0,0,0,0,0,0,0,1,0
0,3,0,21,62,0,0,0,0,0,0,0,0,0,0,0,0,0,0,1,0
0,3,1,35,99,0,0,1,0,0,0,0,0,0,0,0,0,0,0,0,0
0,4,1,14,77,0,0,0,0,0,0,0,0,0,0,0,0,0,1,0,0
0,1,1,29,99,0,0,0,0,0,0,0,0,0,0,0,1,0,0,0,0
1,3,0,20,60,1,0,0,0,0,0,0,0,0,0,0,0,0,0,0,0
0,3,1,24,96,0,0,0,0,0,0,0,0,0,0,0,1,0,0,0,0
0,3,1,27,86,0,0,0,0,0,0,0,0,0,0,0,1,0,0,0,0
0,3,0,31,62,0,0,0,0,0,0,0,0,0,0,0,1,0,0,0,0
0,4,0,27,71,0,0,0,0,0,0,0,0,1,0,0,0,0,0,0,0
0,2,0,35,100,0,0,0,0,0,0,0,0,0,0,1,0,0,0,0,0
0,9,0,10,62,0,0,1,0,0,0,0,0,0,0,0,0,0,0,0,0
0,7,0,15,71,1,0,0,0,0,0,0,0,0,0,0,0,0,0,0,0
0,1,0,20,92,0,0,0,0,0,0,0,0,0,0,0,1,0,0,0,0
0,1,0,27,90,0,0,1,0,0,0,0,0,0,0,0,0,0,0,0,0
0,1,1,2,60,0,1,0,0,0,0,0,0,0,0,0,0,0,0,0,0
0,5,0,9,100,0,0,0,0,1,0,0,0,0,0,0,0,0,0,0,0
0,5,0,12,66,0,0,0,0,1,0,0,0,0,0,0,0,0,0,0,0
0,3,0,0,95,0,1,0,0,0,0,0,0,0,0,0,0,0,0,0,0
0,2,0,3,71,0,0,0,0,0,0,0,1,0,0,0,0,0,0,0,0
0,4,0,20,91,0,0,0,0,0,0,0,0,0,0,0,1,0,0,0,0
0,1,0,9,99,0,0,0,0,0,0,0,0,0,0,0,0,0,0,1,0
0,5,0,32,81,0,0,0,0,0,0,0,0,0,0,0,1,0,0,0,0
1,1,0,2,88,0,0,0,0,0,0,1,0,0,0,0,0,0,0,0,0
0,6,0,19,83,0,0,1,0,0,0,0,0,0,0,0,0,0,0,0,0
0,4,0,22,72,1,0,0,0,0,0,0,0,0,0,0,0,0,0,0,0
1,4,0,5,96,0,0,0,1,0,0,0,0,0,0,0,0,0,0,0,0
0,3,1,5,64,0,0,0,0,0,0,0,0,0,1,0,0,0,0,0,0
0,2,0,8,93,0,0,0,0,0,0,0,0,0,0,0,0,0,0,1,0
0,0,0,34,63,0,0,0,0,0,0,0,0,0,0,0,1,0,0,0,0
1,7,0,1,67,0,0,0,1,0,0,0,0,0,0,0,0,0,0,0,0
0,1,1,28,66,0,0,0,0,0,0,0,0,1,0,0,0,0,0,0,0
0,1,0,26,91,0,0,0,0,0,0,0,0,0,0,0,1,0,0,0,0
0,3,0,30,94,0,0,0,0,0,0,0,0,0,0,0,0,0,0,1,0
1,7,0,2,90,0,0,0,1,0,0,0,0,0,0,0,0,0,0,0,0
0,5,0,42,92,0,0,0,0,0,1,0,0,0,0,0,0,0,0,0,0
0,6,0,24,86,1,0,0,0,0,0,0,0,0,0,0,0,0,0,0,0
0,1,0,0,70,0,0,0,0,0,0,0,0,0,1,0,0,0,0,0,0
0,3,0,4,68,0,0,0,0,0,0,0,0,0,1,0,0,0,0,0,0
0,3,0,25,99,0,0,0,0,0,0,0,0,0,0,0,1,0,0,0,0
1,1,1,1,68,0,1,0,0,0,0,0,0,0,0,0,0,0,0,0,0
0,7,0,11,82,0,0,0,0,0,0,0,0,0,0,0,0,0,0,1,0
0,3,0,15,65,0,0,0,0,0,0,0,0,0,0,0,1,0,0,0,0
0,1,0,13,98,0,0,1,0,0,0,0,0,0,0,0,0,0,0,0,0
0,2,0,8,99,0,0,0,0,0,0,0,0,0,0,0,0,0,1,0,0
1,4,1,0,51,0,0,0,1,0,0,0,0,0,0,0,0,0,0,0,0
0,5,0,14,88,0,0,0,0,1,0,0,0,0,0,0,0,0,0,0,0
1,4,1,3,57,0,0,0,1,0,0,0,0,0,0,0,0,0,0,0,0
1,7,1,0,64,0,0,0,1,0,0,0,0,0,0,0,0,0,0,0,0
0,6,0,4,52,0,0,0,1,0,0,0,0,0,0,0,0,0,0,0,0
0,7,0,1,71,0,0,0,1,0,0,0,0,0,0,0,0,0,0,0,0
0,3,0,27,88,0,0,0,0,0,0,0,0,0,0,0,1,0,0,0,0
0,4,1,12,66,0,0,1,0,0,0,0,0,0,0,0,0,0,0,0,0
0,9,0,15,79,0,0,0,0,0,0,0,0,0,0,0,0,0,1,0,0
0,3,0,26,83,0,0,0,0,0,0,0,0,0,0,0,1,0,0,0,0
0,1,0,31,66,0,0,0,0,0,0,0,0,1,0,0,0,0,0,0,0
0,8,0,16,71,0,0,0,0,0,0,0,0,0,0,0,1,0,0,0,0
0,1,0,24,96,0,0,0,0,0,0,0,0,0,0,0,1,0,0,0,0
0,2,0,2,85,0,0,0,0,0,0,0,0,0,1,0,0,0,0,0,0
0,3,0,9,82,0,0,0,0,0,0,0,0,0,0,0,0,0,1,0,0
1,7,0,0,51,0,0,0,1,0,0,0,0,0,0,0,0,0,0,0,0
0,6,0,4,78,0,0,0,1,0,0,0,0,0,0,0,0,0,0,0,0
1,4,0,23,73,0,0,0,0,0,0,0,0,0,0,0,1,0,0,0,0
0,1,0,5,65,0,1,0,0,0,0,0,0,0,0,0,0,0,0,0,0
0,5,1,15,98,0,0,0,0,0,0,0,0,0,0,0,1,0,0,0,0
0,3,0,2,74,0,1,0,0,0,0,0,0,0,0,0,0,0,0,0,0
0,6,0,14,100,0,0,0,0,0,0,0,0,0,0,0,1,0,0,0,0
0,5,0,0,76,0,0,0,0,0,0,0,0,0,1,0,0,0,0,0,0
0,1,0,10,60,0,0,0,0,0,0,0,0,0,1,0,0,0,0,0,0
1,5,0,2,98,0,0,0,1,0,0,0,0,0,0,0,0,0,0,0,0
0,7,0,28,85,0,0,0,0,0,1,0,0,0,0,0,0,0,0,0,0
0,0,1,29,63,0,0,0,0,0,0,0,0,1,0,0,0,0,0,0,0
0,0,0,35,91,0,0,0,0,0,0,0,0,0,0,0,1,0,0,0,0
0,1,0,12,93,0,0,1,0,0,0,0,0,0,0,0,0,0,0,0,0
0,4,0,25,84,0,0,0,0,0,0,0,0,0,0,0,0,0,0,1,0
0,2,0,24,89,0,0,1,0,0,0,0,0,0,0,0,0,0,0,0,0
0,4,0,16,62,1,0,0,0,0,0,0,0,0,0,0,0,0,0,0,0
0,1,0,35,96,0,0,0,0,0,0,0,0,0,0,0,0,0,0,0,1
0,0,0,5,74,0,0,0,0,0,0,0,0,0,0,0,0,0,0,1,0
0,4,0,14,80,1,0,0,0,0,0,0,0,0,0,0,0,0,0,0,0
0,2,0,26,97,0,0,0,0,0,0,0,0,0,0,0,0,0,0,1,0
0,2,1,6,99,0,0,0,0,0,0,0,0,0,0,0,0,0,0,1,0
0,2,0,29,61,0,0,0,0,0,0,0,0,0,0,0,1,0,0,0,0
1,9,1,4,77,0,0,0,1,0,0,0,0,0,0,0,0,0,0,0,0
1,2,0,0,60,0,1,0,0,0,0,0,0,0,0,0,0,0,0,0,0
0,1,1,20,100,0,0,0,0,0,0,0,0,0,0,0,1,0,0,0,0
0,2,0,35,90,0,0,0,0,0,0,0,0,0,0,1,0,0,0,0,0
0,3,1,24,77,0,0,0,0,0,0,0,0,0,0,0,0,0,0,1,0
1,6,0,0,57,0,0,0,1,0,0,0,0,0,0,0,0,0,0,0,0
1,3,0,29,81,0,0,0,0,0,0,0,0,0,0,0,1,0,0,0,0
0,5,0,23,96,0,0,0,0,0,0,0,0,0,0,0,1,0,0,0,0
0,0,0,1,87,0,0,0,0,0,0,1,0,0,0,0,0,0,0,0,0
0,1,1,14,87,0,0,0,0,0,0,0,0,0,0,0,0,0,0,1,0
0,2,0,4,83,0,0,0,0,0,0,1,0,0,0,0,0,0,0,0,0
1,6,0,3,72,0,0,0,1,0,0,0,0,0,0,0,0,0,0,0,0
0,9,0,3,88,0,0,0,1,0,0,0,0,0,0,0,0,0,0,0,0
0,3,0,33,85,0,0,0,0,0,0,0,0,0,0,1,0,0,0,0,0
0,2,1,10,90,0,0,0,0,0,0,0,0,0,1,0,0,0,0,0,0
1,2,0,29,71,0,0,0,0,0,0,0,0,0,0,0,0,0,0,1,0
0,0,1,29,72,0,0,1,0,0,0,0,0,0,0,0,0,0,0,0,0
0,3,0,18,87,0,0,0,0,0,0,0,0,0,0,0,0,0,0,1,0
0,3,1,5,67,0,1,0,0,0,0,0,0,0,0,0,0,0,0,0,0
0,4,0,27,65,1,0,0,0,0,0,0,0,0,0,0,0,0,0,0,0
0,4,0,32,81,0,0,1,0,0,0,0,0,0,0,0,0,0,0,0,0
1,7,0,5,83,0,0,0,1,0,0,0,0,0,0,0,0,0,0,0,0
0,7,0,7,96,0,0,0,0,0,0,0,0,0,0,0,0,0,0,1,0
0,3,0,22,79,0,0,1,0,0,0,0,0,0,0,0,0,0,0,0,0
0,7,0,18,61,1,0,0,0,0,0,0,0,0,0,0,0,0,0,0,0
0,6,0,4,100,0,0,0,0,0,0,0,1,0,0,0,0,0,0,0,0
1,7,0,32,72,0,0,0,0,0,0,0,0,0,0,0,0,0,0,0,1
0,2,0,34,95,0,0,0,0,0,0,0,0,0,0,1,0,0,0,0,0
0,5,0,28,64,0,0,0,0,0,0,0,0,1,0,0,0,0,0,0,0
0,2,0,28,87,0,0,1,0,0,0,0,0,0,0,0,0,0,0,0,0
0,6,0,28,62,0,0,0,0,0,0,0,0,1,0,0,0,0,0,0,0
0,4,1,44,93,0,0,0,0,0,1,0,0,0,0,0,0,0,0,0,0
1,0,0,13,87,0,0,0,0,0,0,0,0,0,0,0,0,0,0,1,0
0,3,0,16,97,1,0,0,0,0,0,0,0,0,0,0,0,0,0,0,0
0,1,0,18,61,0,0,1,0,0,0,0,0,0,0,0,0,0,0,0,0
0,1,0,28,92,0,0,0,0,0,0,0,0,0,0,0,0,0,0,1,0
0,5,0,29,95,0,0,0,0,0,0,0,0,1,0,0,0,0,0,0,0
0,8,0,30,97,0,0,0,0,0,0,0,0,1,0,0,0,0,0,0,0
0,1,1,32,88,0,0,0,0,0,0,0,0,0,0,0,1,0,0,0,0
0,0,0,19,76,0,0,0,0,0,0,0,0,0,0,0,1,0,0,0,0
0,2,0,18,61,0,0,0,0,0,0,0,0,0,0,0,1,0,0,0,0
0,5,0,23,96,0,0,0,0,0,1,0,0,0,0,0,0,0,0,0,0
1,8,0,1,75,0,0,0,1,0,0,0,0,0,0,0,0,0,0,0,0
0,4,0,13,71,1,0,0,0,0,0,0,0,0,0,0,0,0,0,0,0
0,1,0,1,84,0,0,0,1,0,0,0,0,0,0,0,0,0,0,0,0
0,5,0,27,66,0,0,0,0,0,0,0,0,0,0,0,0,0,0,1,0
1,7,0,4,68,0,0,0,1,0,0,0,0,0,0,0,0,0,0,0,0
0,9,0,4,58,0,0,0,1,0,0,0,0,0,0,0,0,0,0,0,0
0,3,0,6,77,0,0,0,0,0,0,0,0,0,0,0,0,0,0,1,0
1,5,0,4,87,0,0,0,1,0,0,0,0,0,0,0,0,0,0,0,0
0,4,0,22,85,0,0,0,0,0,0,0,0,0,0,0,1,0,0,0,0
0,3,1,25,64,0,0,1,0,0,0,0,0,0,0,0,0,0,0,0,0
0,3,0,19,61,1,0,0,0,0,0,0,0,0,0,0,0,0,0,0,0
0,0,0,19,66,0,0,0,0,0,0,0,0,0,0,0,1,0,0,0,0
0,5,0,1,80,0,0,0,0,0,0,1,0,0,0,0,0,0,0,0,0
0,1,0,31,96,0,0,0,0,0,0,0,0,0,0,1,0,0,0,0,0
0,6,1,32,77,0,0,0,0,0,0,0,0,1,0,0,0,0,0,0,0
0,5,0,33,81,0,0,0,0,0,0,0,0,0,0,0,1,0,0,0,0
0,0,0,11,70,0,0,0,0,0,0,0,0,0,0,0,0,0,1,0,0
0,0,0,33,73,1,0,0,0,0,0,0,0,0,0,0,0,0,0,0,0
0,3,0,10,81,0,0,0,0,0,0,0,0,0,0,0,0,0,1,0,0
0,3,0,38,90,0,0,0,0,0,1,0,0,0,0,0,0,0,0,0,0
0,3,1,35,100,0,0,0,0,0,0,0,0,0,0,0,0,0,0,1,0
0,6,0,5,71,0,0,0,0,0,0,0,0,0,0,0,0,0,0,1,0
1,1,1,15,64,0,0,1,0,0,0,0,0,0,0,0,0,0,0,0,0
0,3,0,28,85,0,0,0,0,0,1,0,0,0,0,0,0,0,0,0,0
0,1,0,5,69,0,0,0,0,0,0,0,0,0,1,0,0,0,0,0,0
0,8,1,28,86,0,0,1,0,0,0,0,0,0,0,0,0,0,0,0,0
0,2,0,29,61,0,0,0,0,0,0,0,0,0,0,0,0,0,0,1,0
0,3,1,14,96,1,0,0,0,0,0,0,0,0,0,0,0,0,0,0,0
0,4,0,14,64,0,0,0,0,0,0,0,0,0,0,0,0,0,1,0,0
0,4,1,11,85,0,0,0,0,1,0,0,0,0,0,0,0,0,0,0,0
0,3,0,28,70,0,0,0,0,0,0,0,0,1,0,0,0,0,0,0,0
0,1,0,31,67,0,0,0,0,0,0,0,0,0,0,0,0,0,0,0,1
1,6,0,2,51,0,0,0,1,0,0,0,0,0,0,0,0,0,0,0,0
0,0,0,32,91,1,0,0,0,0,0,0,0,0,0,0,0,0,0,0,0
0,3,0,3,78,0,0,0,0,0,0,0,0,0,1,0,0,0,0,0,0
1,1,0,33,64,1,0,0,0,0,0,0,0,0,0,0,0,0,0,0,0
0,3,0,4,76,0,0,0,1,0,0,0,0,0,0,0,0,0,0,0,0
1,4,0,0,68,0,0,0,1,0,0,0,0,0,0,0,0,0,0,0,0
0,2,0,10,64,0,0,0,0,0,0,0,0,0,0,0,0,1,0,0,0
0,8,0,11,76,0,0,1,0,0,0,0,0,0,0,0,0,0,0,0,0
0,2,1,29,94,0,0,0,0,0,0,0,0,0,0,0,1,0,0,0,0
0,1,0,25,80,0,0,0,0,0,0,0,0,0,0,0,1,0,0,0,0
0,0,0,15,99,0,0,0,0,0,0,0,0,0,0,0,0,0,1,0,0
1,3,1,0,96,0,1,0,0,0,0,0,0,0,0,0,0,0,0,0,0
1,5,0,4,83,0,0,0,1,0,0,0,0,0,0,0,0,0,0,0,0
0,5,0,34,94,1,0,0,0,0,0,0,0,0,0,0,0,0,0,0,0
0,7,0,8,91,0,0,0,0,0,0,0,1,0,0,0,0,0,0,0,0
0,1,1,3,61,0,0,0,0,0,0,0,0,0,0,0,0,0,0,1,0
1,9,0,4,63,0,0,0,1,0,0,0,0,0,0,0,0,0,0,0,0
0,1,0,2,91,0,1,0,0,0,0,0,0,0,0,0,0,0,0,0,0
0,4,0,4,66,0,1,0,0,0,0,0,0,0,0,0,0,0,0,0,0
0,7,0,49,94,0,0,0,0,0,1,0,0,0,0,0,0,0,0,0,0
0,3,0,12,89,0,0,0,0,0,0,0,0,0,0,0,0,0,1,0,0
0,6,0,9,86,0,0,0,0,0,0,0,1,0,0,0,0,0,0,0,0
0,3,0,38,93,0,0,0,0,0,1,0,0,0,0,0,0,0,0,0,0
0,4,0,7,61,0,0,0,0,0,0,0,0,0,0,0,0,1,0,0,0
0,3,1,30,99,0,0,0,0,0,0,0,0,0,0,0,1,0,0,0,0
0,3,1,11,84,0,0,0,0,0,0,0,0,0,0,0,0,0,0,1,0
0,7,0,4,58,0,0,0,1,0,0,0,0,0,0,0,0,0,0,0,0
0,9,1,6,75,0,0,0,0,0,0,0,0,0,1,0,0,0,0,0,0
0,1,0,1,70,0,0,0,0,0,0,0,0,0,1,0,0,0,0,0,0
0,7,0,21,81,0,0,0,0,0,0,0,0,0,0,0,0,1,0,0,0
0,3,0,35,93,0,0,0,0,0,1,0,0,0,0,0,0,0,0,0,0
0,0,0,33,62,0,0,0,0,0,0,0,0,1,0,0,0,0,0,0,0
0,6,0,4,68,0,0,0,0,0,0,0,0,0,1,0,0,0,0,0,0
0,5,0,7,67,0,0,0,0,0,0,0,1,0,0,0,0,0,0,0,0
0,2,0,34,75,0,0,0,0,0,0,0,0,0,0,0,0,1,0,0,0
1,2,0,17,77,0,0,0,0,0,0,0,0,0,0,0,1,0,0,0,0
0,2,1,9,92,0,0,0,0,0,0,0,0,0,1,0,0,0,0,0,0
0,2,0,3,99,0,0,0,0,0,0,0,0,0,1,0,0,0,0,0,0
0,5,0,28,75,0,0,1,0,0,0,0,0,0,0,0,0,0,0,0,0
0,5,0,28,86,0,0,0,0,0,0,0,0,0,0,0,0,1,0,0,0
0,2,0,26,89,0,0,0,0,0,1,0,0,0,0,0,0,0,0,0,0
0,3,0,15,94,0,0,0,0,0,0,0,0,0,0,0,0,0,1,0,0
0,3,0,33,83,0,0,0,0,0,0,0,0,0,0,0,0,0,0,1,0
0,3,1,31,100,0,0,0,0,0,0,0,0,0,0,0,0,0,0,0,1
0,1,0,26,98,0,0,0,0,0,0,0,0,0,0,0,0,0,0,1,0
0,9,0,3,57,0,0,0,1,0,0,0,0,0,0,0,0,0,0,0,0
1,3,0,24,98,0,0,0,0,0,1,0,0,0,0,0,0,0,0,0,0
0,1,1,28,68,0,0,1,0,0,0,0,0,0,0,0,0,0,0,0,0
1,9,1,5,82,0,0,0,1,0,0,0,0,0,0,0,0,0,0,0,0
0,2,0,12,70,0,0,0,0,0,0,0,0,0,0,0,0,0,1,0,0
0,4,0,26,98,0,0,0,0,0,0,0,0,1,0,0,0,0,0,0,0
0,4,0,18,84,1,0,0,0,0,0,0,0,0,0,0,0,0,0,0,0
0,5,0,31,74,1,0,0,0,0,0,0,0,0,0,0,0,0,0,0,0
0,1,0,17,85,0,0,0,0,0,0,0,0,0,0,0,0,0,1,0,0
0,2,1,23,100,0,0,0,0,0,0,0,0,0,0,0,1,0,0,0,0
0,0,0,13,79,0,0,0,0,1,0,0,0,0,0,0,0,0,0,0,0
0,3,0,35,98,0,0,0,0,0,0,0,0,0,0,0,0,0,0,1,0
0,5,0,35,88,0,0,0,0,1,0,0,0,0,0,0,0,0,0,0,0
0,1,0,22,96,0,0,0,0,0,1,0,0,0,0,0,0,0,0,0,0
0,1,0,16,74,0,0,0,0,0,0,0,0,0,0,0,0,0,1,0,0
0,3,1,21,82,0,0,0,0,0,0,0,0,0,0,0,0,0,0,0,1
0,6,0,24,90,1,0,0,0,0,0,0,0,0,0,0,0,0,0,0,0
0,5,0,3,91,0,1,0,0,0,0,0,0,0,0,0,0,0,0,0,0
0,2,0,34,70,0,0,0,0,0,0,0,0,0,0,0,1,0,0,0,0
0,6,1,2,78,0,0,0,1,0,0,0,0,0,0,0,0,0,0,0,0
0,2,0,17,90,0,0,0,0,0,0,0,0,0,0,0,1,0,0,0,0
0,3,1,27,97,0,0,0,0,0,0,0,0,0,0,0,0,0,0,1,0
1,4,1,24,98,0,0,0,0,0,0,0,0,0,0,0,0,1,0,0,0
0,1,0,24,89,0,0,0,0,0,0,0,0,1,0,0,0,0,0,0,0
0,4,0,0,89,0,0,0,1,0,0,0,0,0,0,0,0,0,0,0,0
0,2,0,21,64,0,0,0,0,0,0,0,0,0,0,0,1,0,0,0,0
0,1,0,5,90,0,0,0,0,0,0,1,0,0,0,0,0,0,0,0,0
0,4,0,8,70,0,0,0,0,0,0,0,1,0,0,0,0,0,0,0,0
0,0,0,1,91,0,0,0,0,0,0,1,0,0,0,0,0,0,0,0,0
1,9,1,5,92,0,0,0,1,0,0,0,0,0,0,0,0,0,0,0,0
1,1,1,26,79,0,0,1,0,0,0,0,0,0,0,0,0,0,0,0,0
0,2,0,24,61,0,0,1,0,0,0,0,0,0,0,0,0,0,0,0,0
0,5,0,24,90,0,0,1,0,0,0,0,0,0,0,0,0,0,0,0,0
0,2,0,15,88,0,0,1,0,0,0,0,0,0,0,0,0,0,0,0,0
0,5,0,32,92,0,0,1,0,0,0,0,0,0,0,0,0,0,0,0,0
0,3,0,26,66,1,0,0,0,0,0,0,0,0,0,0,0,0,0,0,0
1,2,1,20,80,0,0,0,0,0,0,0,0,0,0,0,0,1,0,0,0
0,5,0,5,77,0,1,0,0,0,0,0,0,0,0,0,0,0,0,0,0
0,2,0,34,90,0,0,1,0,0,0,0,0,0,0,0,0,0,0,0,0
0,6,0,34,82,0,0,0,0,0,0,0,0,0,0,0,0,0,0,0,1
0,4,0,27,84,1,0,0,0,0,0,0,0,0,0,0,0,0,0,0,0
1,3,0,12,87,0,0,0,0,0,0,0,0,0,0,0,0,0,1,0,0
1,3,0,4,82,0,0,0,0,0,0,1,0,0,0,0,0,0,0,0,0
0,4,0,18,73,1,0,0,0,0,0,0,0,0,0,0,0,0,0,0,0
0,0,0,29,67,0,0,0,0,0,0,0,0,1,0,0,0,0,0,0,0
0,1,0,13,89,0,0,0,0,0,0,0,0,0,0,0,0,0,0,0,1
0,6,0,15,74,0,0,0,0,0,0,0,0,0,0,0,1,0,0,0,0
0,3,0,27,85,1,0,0,0,0,0,0,0,0,0,0,0,0,0,0,0
0,5,1,24,67,1,0,0,0,0,0,0,0,0,0,0,0,0,0,0,0
0,6,0,27,66,0,0,1,0,0,0,0,0,0,0,0,0,0,0,0,0
0,2,0,25,66,1,0,0,0,0,0,0,0,0,0,0,0,0,0,0,0
0,5,0,14,74,0,0,1,0,0,0,0,0,0,0,0,0,0,0,0,0
0,7,0,5,79,0,0,0,1,0,0,0,0,0,0,0,0,0,0,0,0
0,7,1,5,67,0,0,0,1,0,0,0,0,0,0,0,0,0,0,0,0
0,8,0,4,69,0,0,0,1,0,0,0,0,0,0,0,0,0,0,0,0
0,1,1,29,67,1,0,0,0,0,0,0,0,0,0,0,0,0,0,0,0
0,2,0,16,66,0,0,0,0,0,0,0,0,0,0,0,0,0,1,0,0
1,3,0,28,60,0,0,0,0,0,0,0,0,0,0,0,1,0,0,0,0
0,7,0,31,94,0,0,0,0,0,0,0,0,1,0,0,0,0,0,0,0
0,9,0,5,88,0,0,0,1,0,0,0,0,0,0,0,0,0,0,0,0
0,7,0,0,72,0,0,0,1,0,0,0,0,0,0,0,0,0,0,0,0
0,6,1,19,61,0,0,0,0,0,0,0,0,0,0,0,1,0,0,0,0
0,2,0,26,95,1,0,0,0,0,0,0,0,0,0,0,0,0,0,0,0
0,1,0,3,90,0,1,0,0,0,0,0,0,0,0,0,0,0,0,0,0
0,5,0,24,81,0,0,0,0,0,1,0,0,0,0,0,0,0,0,0,0
0,5,0,1,65,0,1,0,0,0,0,0,0,0,0,0,0,0,0,0,0
0,1,0,25,88,0,0,0,0,0,0,0,0,0,0,0,1,0,0,0,0
0,3,1,14,71,0,0,0,0,0,0,0,0,0,0,0,0,0,1,0,0
0,2,1,9,100,0,0,0,0,0,0,0,0,0,1,0,0,0,0,0,0
0,1,0,8,73,0,0,0,0,0,0,0,0,0,0,0,0,0,1,0,0
0,3,0,11,74,0,0,1,0,0,0,0,0,0,0,0,0,0,0,0,0
0,2,0,21,72,0,0,0,0,0,0,0,0,0,0,0,0,0,0,1,0
0,1,0,28,84,0,0,0,0,0,0,0,0,0,0,0,0,0,0,1,0
1,9,0,4,72,0,0,0,1,0,0,0,0,0,0,0,0,0,0,0,0
0,1,0,33,78,0,0,0,0,0,0,0,0,1,0,0,0,0,0,0,0
1,5,0,3,60,0,0,0,1,0,0,0,0,0,0,0,0,0,0,0,0
0,1,0,15,67,0,0,1,0,0,0,0,0,0,0,0,0,0,0,0,0
0,2,0,23,79,0,0,0,0,0,0,0,0,0,0,0,1,0,0,0,0
0,2,0,32,81,0,0,0,0,0,0,0,0,0,0,1,0,0,0,0,0
0,5,0,9,71,0,0,0,0,0,0,0,0,0,0,0,0,0,1,0,0
0,3,0,16,95,0,0,0,0,0,0,0,0,0,0,0,1,0,0,0,0
0,3,1,5,80,0,1,0,0,0,0,0,0,0,0,0,0,0,0,0,0
0,2,0,28,64,0,0,0,0,0,0,0,0,0,0,0,1,0,0,0,0
1,2,0,13,83,0,0,1,0,0,0,0,0,0,0,0,0,0,0,0,0
0,5,0,26,70,0,0,1,0,0,0,0,0,0,0,0,0,0,0,0,0
0,3,0,4,56,0,0,0,1,0,0,0,0,0,0,0,0,0,0,0,0
0,6,1,14,64,0,0,0,0,0,0,0,0,0,0,0,1,0,0,0,0
0,3,0,34,69,0,0,0,0,0,0,0,0,1,0,0,0,0,0,0,0
0,4,0,30,64,0,0,1,0,0,0,0,0,0,0,0,0,0,0,0,0
0,1,0,15,65,0,0,0,0,0,0,0,0,0,0,0,0,0,1,0,0
0,2,0,5,73,0,0,0,0,0,0,0,0,0,1,0,0,0,0,0,0
1,1,0,28,100,0,0,0,0,0,1,0,0,0,0,0,0,0,0,0,0
1,9,0,1,65,0,0,0,1,0,0,0,0,0,0,0,0,0,0,0,0
0,2,0,22,80,0,0,0,0,0,1,0,0,0,0,0,0,0,0,0,0
1,1,0,0,84,0,0,0,1,0,0,0,0,0,0,0,0,0,0,0,0
0,0,0,20,77,1,0,0,0,0,0,0,0,0,0,0,0,0,0,0,0
0,1,0,35,99,0,0,0,0,1,0,0,0,0,0,0,0,0,0,0,0
0,2,0,3,80,0,0,0,1,0,0,0,0,0,0,0,0,0,0,0,0
0,1,0,27,92,0,0,0,0,0,0,0,0,0,0,0,0,0,0,1,0
0,2,1,19,71,0,0,0,0,0,0,0,0,0,0,0,1,0,0,0,0
0,2,0,9,66,0,0,0,0,0,0,0,0,0,0,0,0,0,1,0,0
0,1,0,28,100,0,0,0,0,0,0,0,0,0,0,0,1,0,0,0,0
1,1,0,35,92,0,0,1,0,0,0,0,0,0,0,0,0,0,0,0,0
1,2,0,35,95,0,0,0,0,0,0,0,0,0,0,0,1,0,0,0,0
0,3,0,26,98,0,0,0,0,1,0,0,0,0,0,0,0,0,0,0,0
0,4,0,26,71,0,0,1,0,0,0,0,0,0,0,0,0,0,0,0,0
0,5,1,3,89,0,0,0,0,0,0,0,0,0,1,0,0,0,0,0,0
0,1,0,22,94,0,0,0,0,0,0,0,0,0,0,0,0,0,0,1,0
0,2,0,23,90,0,0,0,0,1,0,0,0,0,0,0,0,0,0,0,0
0,1,0,26,84,0,0,1,0,0,0,0,0,0,0,0,0,0,0,0,0
0,4,0,1,95,0,0,0,0,0,0,0,0,0,1,0,0,0,0,0,0
0,2,0,7,100,0,0,0,0,0,0,0,0,0,0,0,0,0,1,0,0
0,1,1,4,74,0,0,0,0,0,0,0,0,0,1,0,0,0,0,0,0
0,4,0,5,94,0,0,0,0,0,0,0,0,0,0,0,0,0,0,1,0
0,3,0,49,87,0,0,0,0,0,1,0,0,0,0,0,0,0,0,0,0
1,5,1,10,87,0,0,0,0,1,0,0,0,0,0,0,0,0,0,0,0
0,1,0,13,81,0,0,0,0,0,0,0,1,0,0,0,0,0,0,0,0
0,6,1,25,71,0,0,1,0,0,0,0,0,0,0,0,0,0,0,0,0
0,2,0,35,99,0,0,0,0,0,0,0,0,1,0,0,0,0,0,0,0
0,4,0,13,83,0,0,0,0,0,0,0,0,0,0,0,0,0,1,0,0
0,2,0,20,90,0,0,0,0,0,0,0,0,0,0,0,0,0,0,1,0
0,2,1,18,65,0,0,0,0,0,0,0,0,0,0,0,0,0,1,0,0
0,0,0,10,91,0,0,0,0,0,0,0,0,0,1,0,0,0,0,0,0
0,4,1,4,75,0,1,0,0,0,0,0,0,0,0,0,0,0,0,0,0
0,3,0,15,67,0,0,0,0,0,0,0,0,0,0,0,0,0,1,0,0
0,1,1,16,85,0,0,1,0,0,0,0,0,0,0,0,0,0,0,0,0
0,1,1,26,95,0,0,0,0,0,0,0,0,0,0,0,1,0,0,0,0
0,5,0,24,97,0,0,0,0,0,1,0,0,0,0,0,0,0,0,0,0
0,3,1,20,60,0,0,0,0,0,0,0,0,0,0,0,1,0,0,0,0
1,5,1,1,61,0,0,0,1,0,0,0,0,0,0,0,0,0,0,0,0
0,2,0,5,67,0,0,0,1,0,0,0,0,0,0,0,0,0,0,0,0
0,1,1,27,80,0,0,0,0,0,0,0,0,0,0,0,1,0,0,0,0
1,9,0,4,77,0,0,0,1,0,0,0,0,0,0,0,0,0,0,0,0
1,8,1,4,80,0,0,0,1,0,0,0,0,0,0,0,0,0,0,0,0
0,3,0,31,98,0,0,0,0,0,0,0,0,0,0,0,0,1,0,0,0
0,3,0,15,94,0,0,1,0,0,0,0,0,0,0,0,0,0,0,0,0
1,0,0,27,73,0,0,0,0,0,0,0,0,0,0,0,1,0,0,0,0
0,3,1,5,100,0,0,0,0,0,0,0,0,0,1,0,0,0,0,0,0
0,9,0,21,70,0,0,1,0,0,0,0,0,0,0,0,0,0,0,0,0
0,2,0,13,65,0,0,0,0,0,0,0,0,0,0,0,0,0,1,0,0
0,7,0,10,93,0,0,0,0,0,0,0,0,0,0,0,0,0,0,1,0
0,4,0,25,69,0,0,0,0,0,0,0,0,0,0,0,1,0,0,0,0
0,4,0,13,66,0,0,0,0,0,0,0,0,0,0,0,0,0,0,1,0
0,4,0,1,81,0,0,0,0,0,0,0,0,0,1,0,0,0,0,0,0
1,2,0,11,82,0,0,0,0,0,0,0,0,0,0,0,0,1,0,0,0
0,1,0,26,89,0,0,0,0,0,0,0,0,1,0,0,0,0,0,0,0
0,0,0,12,71,0,0,0,0,0,0,0,0,0,0,0,0,0,1,0,0
0,5,0,28,60,1,0,0,0,0,0,0,0,0,0,0,0,0,0,0,0
0,1,0,34,99,0,0,0,0,0,0,0,0,0,0,0,0,0,0,1,0
0,6,0,17,79,0,0,0,0,0,0,0,0,0,0,0,1,0,0,0,0
0,2,0,31,80,0,0,0,0,0,0,0,0,0,0,0,1,0,0,0,0
0,7,0,14,90,0,0,0,0,0,0,0,0,0,0,0,1,0,0,0,0
0,2,0,2,91,0,0,0,0,0,0,1,0,0,0,0,0,0,0,0,0
0,2,0,2,84,0,1,0,0,0,0,0,0,0,0,0,0,0,0,0,0
0,1,0,5,72,0,1,0,0,0,0,0,0,0,0,0,0,0,0,0,0
0,3,0,23,66,0,0,1,0,0,0,0,0,0,0,0,0,0,0,0,0
0,6,0,3,50,0,0,0,1,0,0,0,0,0,0,0,0,0,0,0,0
0,4,0,21,81,0,0,0,0,0,0,0,0,0,0,0,1,0,0,0,0
0,0,0,25,69,0,0,0,0,0,0,0,0,1,0,0,0,0,0,0,0
0,3,0,10,61,0,0,0,0,0,0,0,1,0,0,0,0,0,0,0,0
0,2,0,7,74,0,0,0,0,0,0,0,0,0,0,0,0,0,0,1,0
0,4,0,2,77,0,0,0,0,0,0,0,0,0,0,0,0,0,0,1,0
0,6,0,15,64,1,0,0,0,0,0,0,0,0,0,0,0,0,0,0,0
0,4,0,2,62,0,0,0,0,0,0,0,0,0,0,0,0,0,0,1,0
0,5,0,35,96,0,0,1,0,0,0,0,0,0,0,0,0,0,0,0,0
0,5,0,32,67,0,0,0,0,0,0,0,0,0,0,0,1,0,0,0,0
1,4,0,24,93,0,0,0,0,0,0,0,0,0,0,0,1,0,0,0,0
0,7,0,3,97,0,0,0,0,0,0,1,0,0,0,0,0,0,0,0,0
0,5,0,31,89,0,0,0,0,1,0,0,0,0,0,0,0,0,0,0,0
0,1,0,17,71,0,0,1,0,0,0,0,0,0,0,0,0,0,0,0,0
1,4,0,0,57,0,0,0,1,0,0,0,0,0,0,0,0,0,0,0,0
1,5,0,4,59,0,0,0,1,0,0,0,0,0,0,0,0,0,0,0,0
0,7,0,12,69,0,0,0,0,0,0,0,0,0,0,0,0,0,0,1,0
1,2,0,48,98,0,0,0,0,0,1,0,0,0,0,0,0,0,0,0,0
0,1,1,31,65,0,0,1,0,0,0,0,0,0,0,0,0,0,0,0,0
1,9,0,19,96,1,0,0,0,0,0,0,0,0,0,0,0,0,0,0,0
0,0,0,17,65,0,0,0,0,0,0,0,0,0,0,0,1,0,0,0,0
0,2,0,11,95,0,0,0,0,0,0,0,0,0,0,0,0,0,1,0,0
1,2,1,32,94,0,0,0,0,0,1,0,0,0,0,0,0,0,0,0,0
0,8,0,14,82,0,0,1,0,0,0,0,0,0,0,0,0,0,0,0,0
0,2,1,13,72,0,0,0,0,0,0,0,0,0,0,0,0,0,0,1,0
0,5,0,32,82,0,0,0,0,0,0,0,0,1,0,0,0,0,0,0,0
1,6,0,0,59,0,0,0,1,0,0,0,0,0,0,0,0,0,0,0,0
0,6,0,34,90,1,0,0,0,0,0,0,0,0,0,0,0,0,0,0,0
0,3,0,5,97,0,0,0,0,0,0,1,0,0,0,0,0,0,0,0,0
0,7,0,20,88,0,0,0,0,1,0,0,0,0,0,0,0,0,0,0,0
0,9,0,2,70,0,0,0,1,0,0,0,0,0,0,0,0,0,0,0,0
0,3,1,1,88,0,0,0,0,0,0,0,0,0,1,0,0,0,0,0,0
0,5,0,35,100,0,0,0,0,0,0,0,0,1,0,0,0,0,0,0,0
1,3,0,2,67,0,0,0,1,0,0,0,0,0,0,0,0,0,0,0,0
0,7,0,5,56,0,0,0,1,0,0,0,0,0,0,0,0,0,0,0,0
0,3,0,24,82,0,0,0,0,0,0,0,0,0,0,0,1,0,0,0,0
0,0,0,5,78,0,1,0,0,0,0,0,0,0,0,0,0,0,0,0,0
0,6,0,3,81,0,0,0,0,0,0,1,0,0,0,0,0,0,0,0,0
0,1,0,33,85,0,0,0,0,0,0,0,0,1,0,0,0,0,0,0,0
1,5,0,32,76,0,0,1,0,0,0,0,0,0,0,0,0,0,0,0,0
0,4,0,6,89,0,0,0,0,0,0,0,0,0,0,0,0,0,0,1,0
0,7,0,1,74,0,0,0,1,0,0,0,0,0,0,0,0,0,0,0,0
0,1,1,21,66,0,0,1,0,0,0,0,0,0,0,0,0,0,0,0,0
0,4,0,31,78,0,0,0,0,0,0,0,0,1,0,0,0,0,0,0,0
0,6,0,5,76,0,0,0,0,0,0,0,0,0,1,0,0,0,0,0,0
0,2,0,22,82,0,0,0,0,0,0,0,0,0,0,0,0,1,0,0,0
0,8,1,1,51,0,0,0,1,0,0,0,0,0,0,0,0,0,0,0,0
0,5,0,26,95,0,0,0,0,0,1,0,0,0,0,0,0,0,0,0,0
0,4,1,18,69,0,0,0,0,0,0,0,0,0,0,0,0,0,0,1,0
0,5,0,24,84,0,0,0,0,0,0,0,0,0,0,0,1,0,0,0,0
0,1,1,19,60,0,0,0,0,0,0,0,0,0,0,0,0,0,0,1,0
0,2,0,29,72,0,0,0,0,0,0,0,0,0,0,0,1,0,0,0,0
0,5,0,4,89,0,1,0,0,0,0,0,0,0,0,0,0,0,0,0,0
0,4,0,15,85,0,0,0,0,0,0,0,0,0,0,0,1,0,0,0,0
0,5,0,32,86,0,0,0,0,0,0,0,0,0,0,0,1,0,0,0,0
0,4,1,29,97,0,0,0,0,0,0,0,0,0,0,0,1,0,0,0,0
0,5,0,29,70,0,0,0,0,0,0,0,0,1,0,0,0,0,0,0,0
1,5,0,0,65,0,0,0,1,0,0,0,0,0,0,0,0,0,0,0,0
1,6,0,1,75,0,0,0,1,0,0,0,0,0,0,0,0,0,0,0,0
0,3,0,42,87,0,0,0,0,0,1,0,0,0,0,0,0,0,0,0,0
1,9,1,2,100,0,0,0,1,0,0,0,0,0,0,0,0,0,0,0,0
1,4,0,18,60,0,0,0,0,0,0,0,0,0,0,0,1,0,0,0,0
0,2,1,35,90,0,0,0,0,0,0,0,0,0,0,0,1,0,0,0,0
0,2,0,21,64,0,0,1,0,0,0,0,0,0,0,0,0,0,0,0,0
0,5,0,2,83,0,0,0,1,0,0,0,0,0,0,0,0,0,0,0,0
1,6,0,18,74,0,0,1,0,0,0,0,0,0,0,0,0,0,0,0,0
0,8,0,21,95,1,0,0,0,0,0,0,0,0,0,0,0,0,0,0,0
0,8,0,34,93,0,0,0,0,0,0,0,0,1,0,0,0,0,0,0,0
0,3,0,9,93,0,0,0,0,0,0,0,1,0,0,0,0,0,0,0,0
0,3,0,31,76,0,0,0,0,0,0,0,0,0,0,0,1,0,0,0,0
0,3,1,5,91,0,0,0,0,0,0,0,1,0,0,0,0,0,0,0,0
0,2,0,4,58,0,0,0,1,0,0,0,0,0,0,0,0,0,0,0,0
0,1,0,15,63,0,0,0,0,0,0,0,0,0,0,0,0,0,1,0,0
0,0,1,18,86,0,0,0,0,0,0,0,0,0,0,0,0,0,0,1,0
0,3,0,25,100,0,0,1,0,0,0,0,0,0,0,0,0,0,0,0,0
0,3,0,23,94,0,0,1,0,0,0,0,0,0,0,0,0,0,0,0,0
0,6,0,8,93,0,0,0,0,0,0,0,0,0,1,0,0,0,0,0,0
1,8,0,2,100,0,0,0,1,0,0,0,0,0,0,0,0,0,0,0,0
0,2,1,34,76,0,0,0,0,0,0,0,0,1,0,0,0,0,0,0,0
0,1,0,7,70,0,0,0,0,1,0,0,0,0,0,0,0,0,0,0,0
0,1,0,24,80,0,0,0,0,0,1,0,0,0,0,0,0,0,0,0,0
0,4,0,25,79,0,0,0,0,0,0,0,0,0,0,0,1,0,0,0,0
1,7,1,0,71,0,0,0,1,0,0,0,0,0,0,0,0,0,0,0,0
0,2,0,33,97,0,0,0,0,0,0,0,0,0,0,0,0,0,0,1,0
0,3,1,1,89,0,1,0,0,0,0,0,0,0,0,0,0,0,0,0,0
0,6,0,1,100,0,0,0,0,0,0,0,0,0,0,0,0,0,0,1,0
0,1,0,22,81,0,0,0,0,0,1,0,0,0,0,0,0,0,0,0,0
0,9,0,5,60,0,0,0,1,0,0,0,0,0,0,0,0,0,0,0,0
0,2,0,26,72,0,0,0,0,1,0,0,0,0,0,0,0,0,0,0,0
0,1,0,3,60,0,1,0,0,0,0,0,0,0,0,0,0,0,0,0,0
0,1,1,11,73,0,0,1,0,0,0,0,0,0,0,0,0,0,0,0,0
0,8,1,19,72,0,0,0,0,0,0,0,0,0,0,0,1,0,0,0,0
1,7,0,3,89,0,0,0,1,0,0,0,0,0,0,0,0,0,0,0,0
0,1,0,16,83,0,0,0,0,0,0,0,0,0,0,0,1,0,0,0,0
0,5,0,26,94,0,0,0,0,0,0,0,0,0,0,0,0,0,0,1,0
1,2,0,28,94,0,0,0,0,0,1,0,0,0,0,0,0,0,0,0,0
0,2,1,18,82,0,0,0,0,0,0,0,0,0,0,0,0,1,0,0,0
0,1,1,9,91,0,0,0,0,0,0,0,0,0,0,0,0,0,0,1,0
0,1,1,18,89,0,0,0,0,0,0,0,0,0,0,0,0,0,1,0,0
0,4,0,3,66,0,0,0,0,0,0,0,0,0,0,0,0,0,0,1,0
0,4,1,34,98,0,0,0,0,0,0,0,0,1,0,0,0,0,0,0,0
0,7,0,4,73,0,0,0,1,0,0,0,0,0,0,0,0,0,0,0,0
0,3,0,35,89,0,0,0,0,0,0,0,0,0,0,1,0,0,0,0,0
0,2,0,27,94,0,0,0,0,0,0,0,0,1,0,0,0,0,0,0,0
0,5,0,6,71,0,0,0,0,0,0,0,1,0,0,0,0,0,0,0,0
0,3,0,18,77,0,0,1,0,0,0,0,0,0,0,0,0,0,0,0,0
0,2,0,7,88,0,0,0,0,0,0,0,0,0,1,0,0,0,0,0,0
0,2,0,24,79,0,0,0,0,0,0,0,0,0,0,0,1,0,0,0,0
1,0,0,34,81,0,0,0,0,0,0,0,0,1,0,0,0,0,0,0,0
0,7,1,0,89,0,0,0,1,0,0,0,0,0,0,0,0,0,0,0,0
0,5,0,10,88,0,0,1,0,0,0,0,0,0,0,0,0,0,0,0,0
0,4,1,35,88,0,0,0,0,0,0,0,0,1,0,0,0,0,0,0,0
1,5,0,5,93,0,0,0,0,0,0,1,0,0,0,0,0,0,0,0,0
0,6,1,10,71,0,0,0,0,0,0,0,1,0,0,0,0,0,0,0,0
1,8,0,1,90,0,0,0,1,0,0,0,0,0,0,0,0,0,0,0,0
1,8,1,0,78,0,0,0,1,0,0,0,0,0,0,0,0,0,0,0,0
1,3,0,43,87,0,0,0,0,0,1,0,0,0,0,0,0,0,0,0,0
0,3,0,23,100,1,0,0,0,0,0,0,0,0,0,0,0,0,0,0,0
0,1,0,34,92,0,0,0,0,0,0,0,0,1,0,0,0,0,0,0,0
0,5,1,21,84,0,0,0,0,0,0,0,0,0,0,0,0,0,0,1,0
0,4,0,31,88,0,0,0,0,0,1,0,0,0,0,0,0,0,0,0,0
0,5,1,17,79,0,0,0,0,0,0,0,0,0,0,0,1,0,0,0,0
0,0,0,10,76,0,0,1,0,0,0,0,0,0,0,0,0,0,0,0,0
0,1,0,5,63,0,0,0,0,1,0,0,0,0,0,0,0,0,0,0,0
0,3,0,30,82,0,0,0,0,0,1,0,0,0,0,0,0,0,0,0,0
0,2,0,20,97,1,0,0,0,0,0,0,0,0,0,0,0,0,0,0,0
1,5,0,25,68,0,0,0,0,0,0,0,0,0,0,0,1,0,0,0,0
0,2,0,5,68,0,0,0,1,0,0,0,0,0,0,0,0,0,0,0,0
0,3,0,6,74,0,0,0,0,0,0,0,0,0,1,0,0,0,0,0,0
0,7,0,40,87,0,0,0,0,0,1,0,0,0,0,0,0,0,0,0,0
0,6,0,35,92,0,0,0,0,0,0,0,0,0,0,1,0,0,0,0,0
1,6,0,0,93,0,0,0,1,0,0,0,0,0,0,0,0,0,0,0,0
1,1,1,1,50,0,0,0,1,0,0,0,0,0,0,0,0,0,0,0,0
0,2,0,16,90,0,0,1,0,0,0,0,0,0,0,0,0,0,0,0,0
1,4,0,28,97,0,0,0,0,0,1,0,0,0,0,0,0,0,0,0,0
0,5,0,12,72,0,0,1,0,0,0,0,0,0,0,0,0,0,0,0,0
0,1,0,15,67,0,0,0,0,0,0,0,1,0,0,0,0,0,0,0,0
0,1,1,3,98,0,0,0,0,0,0,0,0,0,1,0,0,0,0,0,0
0,1,0,35,87,0,0,0,0,1,0,0,0,0,0,0,0,0,0,0,0
0,3,0,14,96,0,0,0,0,0,0,0,0,0,0,0,0,0,0,0,1
0,2,1,24,83,0,0,0,0,0,0,0,0,0,0,0,1,0,0,0,0
0,3,0,19,67,0,0,0,0,0,0,0,0,0,0,0,0,0,0,1,0
0,2,0,29,72,0,0,0,0,0,0,0,0,0,0,0,0,0,0,1,0
0,1,0,2,74,0,1,0,0,0,0,0,0,0,0,0,0,0,0,0,0
0,6,0,25,69,0,0,0,0,0,0,0,0,1,0,0,0,0,0,0,0
0,0,0,6,83,0,0,0,0,0,0,0,1,0,0,0,0,0,0,0,0
0,3,1,22,87,0,0,0,0,0,1,0,0,0,0,0,0,0,0,0,0
0,0,0,34,91,0,0,0,0,0,1,0,0,0,0,0,0,0,0,0,0
0,2,0,35,99,0,0,0,0,0,0,0,0,0,0,0,0,0,0,1,0
0,0,0,6,91,0,0,0,0,0,0,0,0,0,1,0,0,0,0,0,0
0,0,0,3,72,0,0,0,0,0,0,0,1,0,0,0,0,0,0,0,0
0,3,1,5,94,0,0,0,0,0,0,0,0,0,1,0,0,0,0,0,0
0,0,0,31,95,0,0,0,0,0,0,0,0,0,0,1,0,0,0,0,0
1,6,0,1,54,0,0,0,1,0,0,0,0,0,0,0,0,0,0,0,0
0,3,0,30,99,0,0,0,0,0,0,0,0,0,0,1,0,0,0,0,0
0,3,0,32,66,0,0,1,0,0,0,0,0,0,0,0,0,0,0,0,0
0,5,0,5,71,0,0,0,1,0,0,0,0,0,0,0,0,0,0,0,0
0,2,0,32,95,0,0,0,0,0,0,0,0,1,0,0,0,0,0,0,0
1,2,0,18,74,0,0,0,0,0,0,0,0,0,0,0,0,0,1,0,0
0,7,0,27,73,0,0,0,0,0,0,0,0,1,0,0,0,0,0,0,0
0,2,0,15,82,0,0,0,0,0,0,0,0,0,0,0,0,0,1,0,0
0,3,0,2,79,0,1,0,0,0,0,0,0,0,0,0,0,0,0,0,0
1,4,0,2,87,0,0,0,0,0,0,1,0,0,0,0,0,0,0,0,0
1,6,0,5,92,0,0,0,1,0,0,0,0,0,0,0,0,0,0,0,0
0,6,0,12,87,0,0,0,0,1,0,0,0,0,0,0,0,0,0,0,0
1,5,0,0,87,0,0,0,1,0,0,0,0,0,0,0,0,0,0,0,0
1,1,0,14,85,1,0,0,0,0,0,0,0,0,0,0,0,0,0,0,0
0,6,0,9,60,0,0,0,0,0,0,0,0,0,0,0,0,0,1,0,0
0,7,0,17,86,0,0,0,0,0,0,0,0,0,0,0,0,0,1,0,0
0,3,1,9,72,0,0,0,0,0,0,0,0,0,1,0,0,0,0,0,0
0,5,1,14,68,0,0,1,0,0,0,0,0,0,0,0,0,0,0,0,0
0,3,0,10,82,0,0,0,0,0,0,0,0,0,1,0,0,0,0,0,0
0,0,0,10,72,0,0,0,0,0,0,0,0,0,0,0,0,0,0,1,0
0,2,0,36,95,0,0,0,0,0,1,0,0,0,0,0,0,0,0,0,0
0,3,0,34,87,0,0,0,0,0,0,0,0,0,0,0,1,0,0,0,0
0,2,0,28,100,0,0,0,0,0,0,0,0,0,0,0,1,0,0,0,0
0,1,1,22,78,0,0,0,0,0,0,0,0,0,0,0,0,0,0,0,1
0,4,0,28,98,0,0,1,0,0,0,0,0,0,0,0,0,0,0,0,0
0,4,1,16,65,0,0,1,0,0,0,0,0,0,0,0,0,0,0,0,0
0,4,0,27,98,0,0,0,0,0,0,0,0,0,0,0,1,0,0,0,0
0,6,0,14,94,0,0,1,0,0,0,0,0,0,0,0,0,0,0,0,0
0,2,0,32,71,0,0,0,0,0,0,0,0,1,0,0,0,0,0,0,0
1,6,1,33,79,0,0,0,0,0,0,0,0,0,0,0,1,0,0,0,0
0,2,1,24,94,0,0,1,0,0,0,0,0,0,0,0,0,0,0,0,0
0,5,0,8,85,0,0,0,0,0,0,0,0,0,0,0,0,0,1,0,0
0,2,1,8,76,0,0,0,0,0,0,0,0,0,0,0,0,0,1,0,0
0,1,1,6,67,0,0,0,0,0,0,0,1,0,0,0,0,0,0,0,0
1,0,0,15,72,0,0,0,0,0,0,0,0,0,0,0,1,0,0,0,0
1,1,0,12,70,0,0,0,0,0,0,0,1,0,0,0,0,0,0,0,0
0,6,0,1,76,0,1,0,0,0,0,0,0,0,0,0,0,0,0,0,0
0,4,0,5,91,0,0,0,0,0,0,0,0,0,0,0,0,0,0,1,0
0,1,1,11,62,0,0,0,0,0,0,0,0,0,0,0,0,0,0,1,0
0,0,1,30,96,0,0,0,0,0,0,0,0,0,0,0,0,0,0,1,0
0,0,1,19,72,0,0,1,0,0,0,0,0,0,0,0,0,0,0,0,0
0,2,1,33,69,0,0,0,0,0,0,0,0,1,0,0,0,0,0,0,0
1,2,1,1,99,0,0,0,0,0,0,1,0,0,0,0,0,0,0,0,0
0,2,0,35,86,0,0,0,0,0,0,0,0,0,0,0,0,0,0,0,1
0,2,0,2,83,0,0,0,0,0,0,1,0,0,0,0,0,0,0,0,0
0,5,1,16,68,0,0,0,0,0,0,0,0,0,0,0,1,0,0,0,0
0,3,0,38,87,0,0,0,0,0,1,0,0,0,0,0,0,0,0,0,0
0,2,0,3,85,0,1,0,0,0,0,0,0,0,0,0,0,0,0,0,0
1,5,0,11,100,0,0,0,0,0,0,0,0,0,0,0,0,0,1,0,0
0,4,0,4,61,0,0,0,0,0,0,0,0,0,0,0,0,0,0,1,0
0,6,0,2,71,0,0,0,1,0,0,0,0,0,0,0,0,0,0,0,0
0,2,0,26,71,0,0,0,0,0,0,0,0,0,0,0,0,0,0,1,0
1,3,0,25,64,0,0,0,0,0,0,0,0,0,0,0,1,0,0,0,0
0,2,1,19,71,0,0,1,0,0,0,0,0,0,0,0,0,0,0,0,0
1,1,0,31,86,0,0,0,0,0,0,0,0,0,0,1,0,0,0,0,0
0,4,1,26,84,0,0,0,0,0,0,0,0,0,0,0,1,0,0,0,0
1,6,0,6,92,0,0,0,0,1,0,0,0,0,0,0,0,0,0,0,0
0,8,0,2,82,0,0,0,1,0,0,0,0,0,0,0,0,0,0,0,0
0,3,0,27,83,0,0,0,0,0,0,0,0,1,0,0,0,0,0,0,0
0,2,0,30,96,0,0,0,0,0,0,0,0,1,0,0,0,0,0,0,0
0,0,0,8,69,0,0,0,0,0,0,0,0,0,0,0,0,0,1,0,0
0,2,0,21,91,0,0,1,0,0,0,0,0,0,0,0,0,0,0,0,0
0,6,0,8,61,0,0,0,0,1,0,0,0,0,0,0,0,0,0,0,0
0,4,0,27,79,0,0,0,0,0,0,0,0,1,0,0,0,0,0,0,0
0,5,0,14,63,0,0,0,0,0,0,0,0,0,0,0,1,0,0,0,0
0,5,0,27,91,1,0,0,0,0,0,0,0,0,0,0,0,0,0,0,0
